step,mean_energy,finite_energy,finite_grad,grad_norm_mean,grad_norm_median,grad_norm_p95,grad_norm_max,x_abs_max
1,-3.7639236450195312,True,True,0.0,0.0,0.0,0.0,2.849005699157715
2,-3.7337608337402344,True,True,0.0,0.0,0.0,0.0,2.8452532291412354
3,-3.704944610595703,True,True,0.0,0.0,0.0,0.0,2.846903085708618
4,-3.655801773071289,True,True,0.0,0.0,0.0,0.0,2.862967014312744
5,-3.6138687133789062,True,True,0.0,0.0,0.0,0.0,2.852733612060547
6,-3.610757827758789,True,True,0.0,0.0,0.0,0.0,2.8454887866973877
7,-3.5742340087890625,True,True,0.0,0.0,0.0,0.0,2.837411880493164
8,-3.560476303100586,True,True,0.0,0.0,0.0,0.0,2.8300468921661377
9,-3.533109664916992,True,True,0.0,0.0,0.0,0.0,2.8106307983398438
10,-3.4930896759033203,True,True,0.0,0.0,0.0,0.0,2.7841124534606934
11,-3.4678096771240234,True,True,0.0,0.0,0.0,0.0,2.7744946479797363
12,-3.4488744735717773,True,True,0.0,0.0,0.0,0.0,2.7587215900421143
13,-3.4329395294189453,True,True,0.0,0.0,0.0,0.0,2.7604446411132812
14,-3.4291772842407227,True,True,0.0,0.0,0.0,0.0,2.770939588546753
15,-3.4353904724121094,True,True,0.0,0.0,0.0,0.0,2.7824387550354004
16,-3.412383556365967,True,True,0.0,0.0,0.0,0.0,2.783149242401123
17,-3.385833740234375,True,True,0.0,0.0,0.0,0.0,2.777042865753174
18,-3.37607479095459,True,True,0.0,0.0,0.0,0.0,2.7605271339416504
19,-3.3590774536132812,True,True,0.0,0.0,0.0,0.0,2.761744499206543
20,-3.3510775566101074,True,True,0.0,0.0,0.0,0.0,2.75956654548645
21,-3.350827693939209,True,True,0.0,0.0,0.0,0.0,2.761187791824341
22,-3.337972640991211,True,True,0.0,0.0,0.0,0.0,2.759491443634033
23,-3.309934616088867,True,True,0.0,0.0,0.0,0.0,2.775529384613037
24,-3.3055553436279297,True,True,0.0,0.0,0.0,0.0,2.7827799320220947
25,-3.296682357788086,True,True,0.0,0.0,0.0,0.0,2.7893497943878174
26,-3.2795815467834473,True,True,0.0,0.0,0.0,0.0,2.8025267124176025
27,-3.2647604942321777,True,True,0.0,0.0,0.0,0.0,2.799657106399536
28,-3.2512903213500977,True,True,0.0,0.0,0.0,0.0,2.8044681549072266
29,-3.2314319610595703,True,True,0.0,0.0,0.0,0.0,2.804441452026367
30,-3.224106788635254,True,True,0.0,0.0,0.0,0.0,2.808880090713501
31,-3.2118887901306152,True,True,0.0,0.0,0.0,0.0,2.811654806137085
32,-3.207542896270752,True,True,0.0,0.0,0.0,0.0,2.7997612953186035
33,-3.1916284561157227,True,True,0.0,0.0,0.0,0.0,2.7742061614990234
34,-3.1849777698516846,True,True,0.0,0.0,0.0,0.0,2.7744529247283936
35,-3.1773362159729004,True,True,0.0,0.0,0.0,0.0,2.7614502906799316
36,-3.167405128479004,True,True,0.0,0.0,0.0,0.0,2.7666423320770264
37,-3.170578956604004,True,True,0.0,0.0,0.0,0.0,2.7662980556488037
38,-3.156783103942871,True,True,0.0,0.0,0.0,0.0,2.761133909225464
39,-3.1482858657836914,True,True,0.0,0.0,0.0,0.0,2.769120693206787
40,-3.135409355163574,True,True,0.0,0.0,0.0,0.0,2.7505149841308594
41,-3.132147789001465,True,True,0.0,0.0,0.0,0.0,2.7509613037109375
42,-3.119084358215332,True,True,0.0,0.0,0.0,0.0,2.7486038208007812
43,-3.102461338043213,True,True,0.0,0.0,0.0,0.0,2.730760335922241
44,-3.085763454437256,True,True,0.0,0.0,0.0,0.0,2.7285475730895996
45,-3.093830108642578,True,True,0.0,0.0,0.0,0.0,2.723294734954834
46,-3.0704355239868164,True,True,0.0,0.0,0.0,0.0,2.728065013885498
47,-3.081195831298828,True,True,0.0,0.0,0.0,0.0,2.7344555854797363
48,-3.085999011993408,True,True,0.0,0.0,0.0,0.0,2.7384860515594482
49,-3.0900821685791016,True,True,0.0,0.0,0.0,0.0,2.7413039207458496
50,-3.082089424133301,True,True,0.0,0.0,0.0,0.0,2.7298319339752197
51,-3.0826635360717773,True,True,0.0,0.0,0.0,0.0,2.7348880767822266
52,-3.0724806785583496,True,True,0.0,0.0,0.0,0.0,2.7296271324157715
53,-3.0726470947265625,True,True,0.0,0.0,0.0,0.0,2.7454280853271484
54,-3.064180374145508,True,True,0.0,0.0,0.0,0.0,2.729719877243042
55,-3.046346664428711,True,True,0.0,0.0,0.0,0.0,2.7278499603271484
56,-3.0441513061523438,True,True,0.0,0.0,0.0,0.0,2.716968297958374
57,-3.0526657104492188,True,True,0.0,0.0,0.0,0.0,2.704423666000366
58,-3.0358285903930664,True,True,0.0,0.0,0.0,0.0,2.709962844848633
59,-3.014087200164795,True,True,0.0,0.0,0.0,0.0,2.729069709777832
60,-3.009676933288574,True,True,0.0,0.0,0.0,0.0,2.743892192840576
61,-2.9901933670043945,True,True,0.0,0.0,0.0,0.0,2.741036891937256
62,-2.9916553497314453,True,True,0.0,0.0,0.0,0.0,2.7418506145477295
63,-2.987269401550293,True,True,0.0,0.0,0.0,0.0,2.7380781173706055
64,-2.9832468032836914,True,True,0.0,0.0,0.0,0.0,2.7340636253356934
65,-2.97503662109375,True,True,0.0,0.0,0.0,0.0,2.736860513687134
66,-2.9740920066833496,True,True,0.0,0.0,0.0,0.0,2.7385733127593994
67,-2.9618587493896484,True,True,0.0,0.0,0.0,0.0,2.7668144702911377
68,-2.960561752319336,True,True,0.0,0.0,0.0,0.0,2.7748329639434814
69,-2.936075210571289,True,True,0.0,0.0,0.0,0.0,2.7771947383880615
70,-2.938566207885742,True,True,0.0,0.0,0.0,0.0,2.777531623840332
71,-2.942904472351074,True,True,0.0,0.0,0.0,0.0,2.7997422218322754
72,-2.9294254779815674,True,True,0.0,0.0,0.0,0.0,2.801697015762329
73,-2.921586513519287,True,True,0.0,0.0,0.0,0.0,2.8115592002868652
74,-2.910201072692871,True,True,0.0,0.0,0.0,0.0,2.798171043395996
75,-2.9179651737213135,True,True,0.0,0.0,0.0,0.0,2.810462474822998
76,-2.909696340560913,True,True,0.0,0.0,0.0,0.0,2.802293300628662
77,-2.911640167236328,True,True,0.0,0.0,0.0,0.0,2.8225197792053223
78,-2.908182382583618,True,True,0.0,0.0,0.0,0.0,2.8192176818847656
79,-2.898711681365967,True,True,0.0,0.0,0.0,0.0,2.834437608718872
80,-2.897597074508667,True,True,0.0,0.0,0.0,0.0,2.8337130546569824
81,-2.8937764167785645,True,True,0.0,0.0,0.0,0.0,2.8239827156066895
82,-2.8864545822143555,True,True,0.0,0.0,0.0,0.0,2.818446159362793
83,-2.876598358154297,True,True,0.0,0.0,0.0,0.0,2.815678596496582
84,-2.8611764907836914,True,True,0.0,0.0,0.0,0.0,2.8220839500427246
85,-2.867229461669922,True,True,0.0,0.0,0.0,0.0,2.8129143714904785
86,-2.867734432220459,True,True,0.0,0.0,0.0,0.0,2.8084826469421387
87,-2.8617584705352783,True,True,0.0,0.0,0.0,0.0,2.8133468627929688
88,-2.8500590324401855,True,True,0.0,0.0,0.0,0.0,2.8093221187591553
89,-2.8414626121520996,True,True,0.0,0.0,0.0,0.0,2.8123674392700195
90,-2.836102247238159,True,True,0.0,0.0,0.0,0.0,2.809572696685791
91,-2.8404879570007324,True,True,0.0,0.0,0.0,0.0,2.806824207305908
92,-2.8284780979156494,True,True,0.0,0.0,0.0,0.0,2.811311721801758
93,-2.8129682540893555,True,True,0.0,0.0,0.0,0.0,2.8076226711273193
94,-2.8224916458129883,True,True,0.0,0.0,0.0,0.0,2.7917392253875732
95,-2.8096494674682617,True,True,0.0,0.0,0.0,0.0,2.7868988513946533
96,-2.8071787357330322,True,True,0.0,0.0,0.0,0.0,2.7830939292907715
97,-2.8104705810546875,True,True,0.0,0.0,0.0,0.0,2.788752317428589
98,-2.8106024265289307,True,True,0.0,0.0,0.0,0.0,2.7942464351654053
99,-2.814530849456787,True,True,0.0,0.0,0.0,0.0,2.8087127208709717
100,-2.8047428131103516,True,True,0.0,0.0,0.0,0.0,2.7960081100463867
101,-2.798715353012085,True,True,0.0,0.0,0.0,0.0,2.8042752742767334
102,-2.787810802459717,True,True,0.0,0.0,0.0,0.0,2.810185670852661
103,-2.7941911220550537,True,True,0.0,0.0,0.0,0.0,2.8009095191955566
104,-2.7872605323791504,True,True,0.0,0.0,0.0,0.0,2.8069236278533936
105,-2.799672842025757,True,True,0.0,0.0,0.0,0.0,2.798166036605835
106,-2.789727210998535,True,True,0.0,0.0,0.0,0.0,2.8007476329803467
107,-2.7909722328186035,True,True,0.0,0.0,0.0,0.0,2.8066864013671875
108,-2.780733585357666,True,True,0.0,0.0,0.0,0.0,2.8129043579101562
109,-2.7758681774139404,True,True,0.0,0.0,0.0,0.0,2.8204100131988525
110,-2.7622570991516113,True,True,0.0,0.0,0.0,0.0,2.8274013996124268
111,-2.758749008178711,True,True,0.0,0.0,0.0,0.0,2.8090620040893555
112,-2.7504897117614746,True,True,0.0,0.0,0.0,0.0,2.814854145050049
113,-2.7514092922210693,True,True,0.0,0.0,0.0,0.0,2.8248698711395264
114,-2.74727201461792,True,True,0.0,0.0,0.0,0.0,2.8183062076568604
115,-2.7565057277679443,True,True,0.0,0.0,0.0,0.0,2.8033487796783447
116,-2.7529971599578857,True,True,0.0,0.0,0.0,0.0,2.8071961402893066
117,-2.7428431510925293,True,True,0.0,0.0,0.0,0.0,2.813715934753418
118,-2.7476439476013184,True,True,0.0,0.0,0.0,0.0,2.789412498474121
119,-2.735356092453003,True,True,0.0,0.0,0.0,0.0,2.795424461364746
120,-2.7368741035461426,True,True,0.0,0.0,0.0,0.0,2.7955920696258545
121,-2.741255760192871,True,True,0.0,0.0,0.0,0.0,2.790283441543579
122,-2.7370574474334717,True,True,0.0,0.0,0.0,0.0,2.7776200771331787
123,-2.74814510345459,True,True,0.0,0.0,0.0,0.0,2.775550127029419
124,-2.7387874126434326,True,True,0.0,0.0,0.0,0.0,2.7760517597198486
125,-2.7417733669281006,True,True,0.0,0.0,0.0,0.0,2.7696056365966797
126,-2.733560562133789,True,True,0.0,0.0,0.0,0.0,2.7613906860351562
127,-2.735305070877075,True,True,0.0,0.0,0.0,0.0,2.780834913253784
128,-2.741331100463867,True,True,0.0,0.0,0.0,0.0,2.768937110900879
129,-2.725797653198242,True,True,0.0,0.0,0.0,0.0,2.79195499420166
130,-2.734625816345215,True,True,0.0,0.0,0.0,0.0,2.7858641147613525
131,-2.710273265838623,True,True,0.0,0.0,0.0,0.0,2.7866668701171875
132,-2.7065987586975098,True,True,0.0,0.0,0.0,0.0,2.788210391998291
133,-2.7081642150878906,True,True,0.0,0.0,0.0,0.0,2.7904601097106934
134,-2.7176599502563477,True,True,0.0,0.0,0.0,0.0,2.784827470779419
135,-2.7024943828582764,True,True,0.0,0.0,0.0,0.0,2.7781219482421875
136,-2.686889171600342,True,True,0.0,0.0,0.0,0.0,2.7735815048217773
137,-2.6891422271728516,True,True,0.0,0.0,0.0,0.0,2.772411584854126
138,-2.6947569847106934,True,True,0.0,0.0,0.0,0.0,2.7768890857696533
139,-2.690364122390747,True,True,0.0,0.0,0.0,0.0,2.7689738273620605
140,-2.6939430236816406,True,True,0.0,0.0,0.0,0.0,2.751652956008911
141,-2.6910719871520996,True,True,0.0,0.0,0.0,0.0,2.7667317390441895
142,-2.6832351684570312,True,True,0.0,0.0,0.0,0.0,2.763991355895996
143,-2.6809229850769043,True,True,0.0,0.0,0.0,0.0,2.767681837081909
144,-2.6917405128479004,True,True,0.0,0.0,0.0,0.0,2.7733843326568604
145,-2.6683764457702637,True,True,0.0,0.0,0.0,0.0,2.7657299041748047
146,-2.676441192626953,True,True,0.0,0.0,0.0,0.0,2.7721240520477295
147,-2.678226947784424,True,True,0.0,0.0,0.0,0.0,2.760890483856201
148,-2.6664822101593018,True,True,0.0,0.0,0.0,0.0,2.7728631496429443
149,-2.6578872203826904,True,True,0.0,0.0,0.0,0.0,2.7703351974487305
150,-2.64919376373291,True,True,0.0,0.0,0.0,0.0,2.7792088985443115
151,-2.652255058288574,True,True,0.0,0.0,0.0,0.0,2.7676029205322266
152,-2.641275405883789,True,True,0.0,0.0,0.0,0.0,2.765934467315674
153,-2.6475329399108887,True,True,0.0,0.0,0.0,0.0,2.758399486541748
154,-2.642620086669922,True,True,0.0,0.0,0.0,0.0,2.756430149078369
155,-2.640503406524658,True,True,0.0,0.0,0.0,0.0,2.7544960975646973
156,-2.644472360610962,True,True,0.0,0.0,0.0,0.0,2.7647013664245605
157,-2.635976791381836,True,True,0.0,0.0,0.0,0.0,2.759009838104248
158,-2.631687641143799,True,True,0.0,0.0,0.0,0.0,2.7588062286376953
159,-2.626044511795044,True,True,0.0,0.0,0.0,0.0,2.7754008769989014
160,-2.6265556812286377,True,True,0.0,0.0,0.0,0.0,2.7973620891571045
161,-2.6165130138397217,True,True,0.0,0.0,0.0,0.0,2.8093950748443604
162,-2.617659568786621,True,True,0.0,0.0,0.0,0.0,2.8043034076690674
163,-2.618557929992676,True,True,0.0,0.0,0.0,0.0,2.8192806243896484
164,-2.6082520484924316,True,True,0.0,0.0,0.0,0.0,2.8113033771514893
165,-2.6058967113494873,True,True,0.0,0.0,0.0,0.0,2.814375162124634
166,-2.6054913997650146,True,True,0.0,0.0,0.0,0.0,2.8121016025543213
167,-2.601591110229492,True,True,0.0,0.0,0.0,0.0,2.8018736839294434
168,-2.6073484420776367,True,True,0.0,0.0,0.0,0.0,2.7903921604156494
169,-2.599141836166382,True,True,0.0,0.0,0.0,0.0,2.802659511566162
170,-2.6031155586242676,True,True,0.0,0.0,0.0,0.0,2.805884838104248
171,-2.6083717346191406,True,True,0.0,0.0,0.0,0.0,2.822965383529663
172,-2.6051928997039795,True,True,0.0,0.0,0.0,0.0,2.8208701610565186
173,-2.600982666015625,True,True,0.0,0.0,0.0,0.0,2.800424098968506
174,-2.599118232727051,True,True,0.0,0.0,0.0,0.0,2.800968885421753
175,-2.5884318351745605,True,True,0.0,0.0,0.0,0.0,2.7745721340179443
176,-2.5853707790374756,True,True,0.0,0.0,0.0,0.0,2.7904469966888428
177,-2.5809617042541504,True,True,0.0,0.0,0.0,0.0,2.775228261947632
178,-2.592442274093628,True,True,0.0,0.0,0.0,0.0,2.7779948711395264
179,-2.58038330078125,True,True,0.0,0.0,0.0,0.0,2.7801246643066406
180,-2.57131290435791,True,True,0.0,0.0,0.0,0.0,2.7847845554351807
181,-2.5636587142944336,True,True,0.0,0.0,0.0,0.0,2.7905757427215576
182,-2.5724265575408936,True,True,0.0,0.0,0.0,0.0,2.7925875186920166
183,-2.5521998405456543,True,True,0.0,0.0,0.0,0.0,2.8050739765167236
184,-2.5580992698669434,True,True,0.0,0.0,0.0,0.0,2.8194010257720947
185,-2.560706615447998,True,True,0.0,0.0,0.0,0.0,2.825575351715088
186,-2.5573346614837646,True,True,0.0,0.0,0.0,0.0,2.8151845932006836
187,-2.5693793296813965,True,True,0.0,0.0,0.0,0.0,2.827669143676758
188,-2.567960739135742,True,True,0.0,0.0,0.0,0.0,2.8254902362823486
189,-2.5637190341949463,True,True,0.0,0.0,0.0,0.0,2.8267266750335693
190,-2.550753116607666,True,True,0.0,0.0,0.0,0.0,2.8226001262664795
191,-2.552595615386963,True,True,0.0,0.0,0.0,0.0,2.8207077980041504
192,-2.5650315284729004,True,True,0.0,0.0,0.0,0.0,2.8189923763275146
193,-2.544182777404785,True,True,0.0,0.0,0.0,0.0,2.8255560398101807
194,-2.5549914836883545,True,True,0.0,0.0,0.0,0.0,2.8392648696899414
195,-2.5465292930603027,True,True,0.0,0.0,0.0,0.0,2.8457224369049072
196,-2.540907144546509,True,True,0.0,0.0,0.0,0.0,2.8488311767578125
197,-2.5439229011535645,True,True,0.0,0.0,0.0,0.0,2.8524744510650635
198,-2.528519868850708,True,True,0.0,0.0,0.0,0.0,2.8595151901245117
199,-2.5287930965423584,True,True,0.0,0.0,0.0,0.0,2.8416287899017334
200,-2.528057813644409,True,True,0.0,0.0,0.0,0.0,2.831990957260132
201,-2.532973051071167,True,True,0.0,0.0,0.0,0.0,2.832599401473999
202,-2.523740768432617,True,True,0.0,0.0,0.0,0.0,2.8593192100524902
203,-2.523834705352783,True,True,0.0,0.0,0.0,0.0,2.84635591506958
204,-2.521468162536621,True,True,0.0,0.0,0.0,0.0,2.8394412994384766
205,-2.5185937881469727,True,True,0.0,0.0,0.0,0.0,2.8370020389556885
206,-2.515742778778076,True,True,0.0,0.0,0.0,0.0,2.8359246253967285
207,-2.503080368041992,True,True,0.0,0.0,0.0,0.0,2.8438470363616943
208,-2.511178970336914,True,True,0.0,0.0,0.0,0.0,2.8358683586120605
209,-2.5027575492858887,True,True,0.0,0.0,0.0,0.0,2.8115081787109375
210,-2.493147373199463,True,True,0.0,0.0,0.0,0.0,2.823532819747925
211,-2.5011754035949707,True,True,0.0,0.0,0.0,0.0,2.818605422973633
212,-2.4855706691741943,True,True,0.0,0.0,0.0,0.0,2.838792085647583
213,-2.491476535797119,True,True,0.0,0.0,0.0,0.0,2.8489370346069336
214,-2.4767136573791504,True,True,0.0,0.0,0.0,0.0,2.8416457176208496
215,-2.484005928039551,True,True,0.0,0.0,0.0,0.0,2.849700689315796
216,-2.4783072471618652,True,True,0.0,0.0,0.0,0.0,2.863102912902832
217,-2.4730286598205566,True,True,0.0,0.0,0.0,0.0,2.8789448738098145
218,-2.4713478088378906,True,True,0.0,0.0,0.0,0.0,2.8909835815429688
219,-2.4716577529907227,True,True,0.0,0.0,0.0,0.0,2.8894166946411133
220,-2.4692788124084473,True,True,0.0,0.0,0.0,0.0,2.879063129425049
221,-2.4520397186279297,True,True,0.0,0.0,0.0,0.0,2.8782854080200195
222,-2.4433326721191406,True,True,0.0,0.0,0.0,0.0,2.8821539878845215
223,-2.4445929527282715,True,True,0.0,0.0,0.0,0.0,2.8838815689086914
224,-2.440253734588623,True,True,0.0,0.0,0.0,0.0,2.8750076293945312
225,-2.445859432220459,True,True,0.0,0.0,0.0,0.0,2.864285469055176
226,-2.4429166316986084,True,True,0.0,0.0,0.0,0.0,2.8703763484954834
227,-2.447643518447876,True,True,0.0,0.0,0.0,0.0,2.871476888656616
228,-2.446455478668213,True,True,0.0,0.0,0.0,0.0,2.8744301795959473
229,-2.436126708984375,True,True,0.0,0.0,0.0,0.0,2.895261287689209
230,-2.4296066761016846,True,True,0.0,0.0,0.0,0.0,2.890913248062134
231,-2.4452223777770996,True,True,0.0,0.0,0.0,0.0,2.8782339096069336
232,-2.4325013160705566,True,True,0.0,0.0,0.0,0.0,2.8870608806610107
233,-2.423182964324951,True,True,0.0,0.0,0.0,0.0,2.884904623031616
234,-2.4260497093200684,True,True,0.0,0.0,0.0,0.0,2.8914060592651367
235,-2.4295668601989746,True,True,0.0,0.0,0.0,0.0,2.8844802379608154
236,-2.435229778289795,True,True,0.0,0.0,0.0,0.0,2.884483814239502
237,-2.4346914291381836,True,True,0.0,0.0,0.0,0.0,2.875345230102539
238,-2.433234214782715,True,True,0.0,0.0,0.0,0.0,2.8682100772857666
239,-2.429738759994507,True,True,0.0,0.0,0.0,0.0,2.8847925662994385
240,-2.430783987045288,True,True,0.0,0.0,0.0,0.0,2.8836658000946045
241,-2.4404845237731934,True,True,0.0,0.0,0.0,0.0,2.9018468856811523
242,-2.433406352996826,True,True,0.0,0.0,0.0,0.0,2.889643430709839
243,-2.4323158264160156,True,True,0.0,0.0,0.0,0.0,2.88338565826416
244,-2.438504695892334,True,True,0.0,0.0,0.0,0.0,2.883007526397705
245,-2.4280011653900146,True,True,0.0,0.0,0.0,0.0,2.8711023330688477
246,-2.431262969970703,True,True,0.0,0.0,0.0,0.0,2.866744041442871
247,-2.43206524848938,True,True,0.0,0.0,0.0,0.0,2.8728959560394287
248,-2.416837453842163,True,True,0.0,0.0,0.0,0.0,2.8866007328033447
249,-2.4182615280151367,True,True,0.0,0.0,0.0,0.0,2.8780605792999268
250,-2.424257755279541,True,True,0.0,0.0,0.0,0.0,2.878614664077759
251,-2.410606622695923,True,True,0.0,0.0,0.0,0.0,2.8899781703948975
252,-2.407684564590454,True,True,0.0,0.0,0.0,0.0,2.889209747314453
253,-2.4098856449127197,True,True,0.0,0.0,0.0,0.0,2.8901429176330566
254,-2.4047322273254395,True,True,0.0,0.0,0.0,0.0,2.886234998703003
255,-2.3990285396575928,True,True,0.0,0.0,0.0,0.0,2.8868117332458496
256,-2.411060333251953,True,True,0.0,0.0,0.0,0.0,2.884758949279785
257,-2.4237406253814697,True,True,0.0,0.0,0.0,0.0,2.8918724060058594
258,-2.414915084838867,True,True,0.0,0.0,0.0,0.0,2.8853297233581543
259,-2.408276319503784,True,True,0.0,0.0,0.0,0.0,2.878676414489746
260,-2.3953919410705566,True,True,0.0,0.0,0.0,0.0,2.8931474685668945
261,-2.3968558311462402,True,True,0.0,0.0,0.0,0.0,2.9040322303771973
262,-2.401808738708496,True,True,0.0,0.0,0.0,0.0,2.8948984146118164
263,-2.396411895751953,True,True,0.0,0.0,0.0,0.0,2.9001526832580566
264,-2.392704725265503,True,True,0.0,0.0,0.0,0.0,2.8896143436431885
265,-2.3938233852386475,True,True,0.0,0.0,0.0,0.0,2.8937113285064697
266,-2.3939223289489746,True,True,0.0,0.0,0.0,0.0,2.89886736869812
267,-2.3887717723846436,True,True,0.0,0.0,0.0,0.0,2.900646209716797
268,-2.401869297027588,True,True,0.0,0.0,0.0,0.0,2.881176710128784
269,-2.404778003692627,True,True,0.0,0.0,0.0,0.0,2.8803961277008057
270,-2.3974852561950684,True,True,0.0,0.0,0.0,0.0,2.8785529136657715
271,-2.397778272628784,True,True,0.0,0.0,0.0,0.0,2.8752331733703613
272,-2.3858604431152344,True,True,0.0,0.0,0.0,0.0,2.8709778785705566
273,-2.395200490951538,True,True,0.0,0.0,0.0,0.0,2.882044553756714
274,-2.3874478340148926,True,True,0.0,0.0,0.0,0.0,2.8886590003967285
275,-2.377469062805176,True,True,0.0,0.0,0.0,0.0,2.9174041748046875
276,-2.375559091567993,True,True,0.0,0.0,0.0,0.0,2.9207205772399902
277,-2.3760907649993896,True,True,0.0,0.0,0.0,0.0,2.9365596771240234
278,-2.37526273727417,True,True,0.0,0.0,0.0,0.0,2.935238838195801
279,-2.3790905475616455,True,True,0.0,0.0,0.0,0.0,2.9231181144714355
280,-2.383518934249878,True,True,0.0,0.0,0.0,0.0,2.9265127182006836
281,-2.3777918815612793,True,True,0.0,0.0,0.0,0.0,2.939329147338867
282,-2.3920810222625732,True,True,0.0,0.0,0.0,0.0,2.9369726181030273
283,-2.3838181495666504,True,True,0.0,0.0,0.0,0.0,2.9394614696502686
284,-2.3890726566314697,True,True,0.0,0.0,0.0,0.0,2.9514706134796143
285,-2.392223834991455,True,True,0.0,0.0,0.0,0.0,2.9498565196990967
286,-2.3933897018432617,True,True,0.0,0.0,0.0,0.0,2.943911075592041
287,-2.3891892433166504,True,True,0.0,0.0,0.0,0.0,2.930675506591797
288,-2.389002561569214,True,True,0.0,0.0,0.0,0.0,2.9185996055603027
289,-2.385824203491211,True,True,0.0,0.0,0.0,0.0,2.9348247051239014
290,-2.377277374267578,True,True,0.0,0.0,0.0,0.0,2.93835711479187
291,-2.3734049797058105,True,True,0.0,0.0,0.0,0.0,2.9332494735717773
292,-2.3652195930480957,True,True,0.0,0.0,0.0,0.0,2.9329564571380615
293,-2.3633198738098145,True,True,0.0,0.0,0.0,0.0,2.9566869735717773
294,-2.3664350509643555,True,True,0.0,0.0,0.0,0.0,2.946103096008301
295,-2.3695435523986816,True,True,0.0,0.0,0.0,0.0,2.96022629737854
296,-2.356926441192627,True,True,0.0,0.0,0.0,0.0,2.970381498336792
297,-2.355043411254883,True,True,0.0,0.0,0.0,0.0,2.969040870666504
298,-2.352214813232422,True,True,0.0,0.0,0.0,0.0,2.963923215866089
299,-2.3495097160339355,True,True,0.0,0.0,0.0,0.0,2.962517499923706
300,-2.344977855682373,True,True,0.0,0.0,0.0,0.0,2.9716055393218994
301,-2.3500514030456543,True,True,0.0,0.0,0.0,0.0,2.99186110496521
302,-2.3451943397521973,True,True,0.0,0.0,0.0,0.0,3.0034432411193848
303,-2.333930253982544,True,True,0.0,0.0,0.0,0.0,3.0130155086517334
304,-2.3352346420288086,True,True,0.0,0.0,0.0,0.0,3.015584707260132
305,-2.3349695205688477,True,True,0.0,0.0,0.0,0.0,3.026695489883423
306,-2.327792167663574,True,True,0.0,0.0,0.0,0.0,3.0201478004455566
307,-2.325218677520752,True,True,0.0,0.0,0.0,0.0,3.022510051727295
308,-2.314544916152954,True,True,0.0,0.0,0.0,0.0,3.033602476119995
309,-2.3151307106018066,True,True,0.0,0.0,0.0,0.0,3.0511837005615234
310,-2.317755937576294,True,True,0.0,0.0,0.0,0.0,3.066640615463257
311,-2.310035228729248,True,True,0.0,0.0,0.0,0.0,3.0813162326812744
312,-2.3039634227752686,True,True,0.0,0.0,0.0,0.0,3.090284585952759
313,-2.292818546295166,True,True,0.0,0.0,0.0,0.0,3.093503475189209
314,-2.289154052734375,True,True,0.0,0.0,0.0,0.0,3.104888677597046
315,-2.300036907196045,True,True,0.0,0.0,0.0,0.0,3.1016745567321777
316,-2.2952768802642822,True,True,0.0,0.0,0.0,0.0,3.094726324081421
317,-2.289095163345337,True,True,0.0,0.0,0.0,0.0,3.0990185737609863
318,-2.2962775230407715,True,True,0.0,0.0,0.0,0.0,3.100153684616089
319,-2.291048049926758,True,True,0.0,0.0,0.0,0.0,3.1071290969848633
320,-2.287407159805298,True,True,0.0,0.0,0.0,0.0,3.118149995803833
321,-2.282884359359741,True,True,0.0,0.0,0.0,0.0,3.089704990386963
322,-2.276766777038574,True,True,0.0,0.0,0.0,0.0,3.098153829574585
323,-2.2762551307678223,True,True,0.0,0.0,0.0,0.0,3.082566261291504
324,-2.277721405029297,True,True,0.0,0.0,0.0,0.0,3.073660373687744
325,-2.2674102783203125,True,True,0.0,0.0,0.0,0.0,3.0826308727264404
326,-2.253089427947998,True,True,0.0,0.0,0.0,0.0,3.071110725402832
327,-2.2598297595977783,True,True,0.0,0.0,0.0,0.0,3.080538272857666
328,-2.2579450607299805,True,True,0.0,0.0,0.0,0.0,3.061251163482666
329,-2.256131172180176,True,True,0.0,0.0,0.0,0.0,3.0556387901306152
330,-2.2481675148010254,True,True,0.0,0.0,0.0,0.0,3.057982921600342
331,-2.2509827613830566,True,True,0.0,0.0,0.0,0.0,3.0580170154571533
332,-2.2520246505737305,True,True,0.0,0.0,0.0,0.0,3.0743942260742188
333,-2.2447214126586914,True,True,0.0,0.0,0.0,0.0,3.079998731613159
334,-2.237807035446167,True,True,0.0,0.0,0.0,0.0,3.076335906982422
335,-2.248283863067627,True,True,0.0,0.0,0.0,0.0,3.075930118560791
336,-2.2406582832336426,True,True,0.0,0.0,0.0,0.0,3.0716469287872314
337,-2.236196517944336,True,True,0.0,0.0,0.0,0.0,3.0723016262054443
338,-2.241994619369507,True,True,0.0,0.0,0.0,0.0,3.0705347061157227
339,-2.241624355316162,True,True,0.0,0.0,0.0,0.0,3.0730032920837402
340,-2.237743854522705,True,True,0.0,0.0,0.0,0.0,3.0750021934509277
341,-2.2413997650146484,True,True,0.0,0.0,0.0,0.0,3.0763986110687256
342,-2.244546890258789,True,True,0.0,0.0,0.0,0.0,3.073428153991699
343,-2.234157085418701,True,True,0.0,0.0,0.0,0.0,3.074007987976074
344,-2.2383077144622803,True,True,0.0,0.0,0.0,0.0,3.065112829208374
345,-2.235215187072754,True,True,0.0,0.0,0.0,0.0,3.0621981620788574
346,-2.239875078201294,True,True,0.0,0.0,0.0,0.0,3.0543110370635986
347,-2.228161334991455,True,True,0.0,0.0,0.0,0.0,3.0365195274353027
348,-2.2303991317749023,True,True,0.0,0.0,0.0,0.0,3.044501781463623
349,-2.2277636528015137,True,True,0.0,0.0,0.0,0.0,3.049616813659668
350,-2.2412471771240234,True,True,0.0,0.0,0.0,0.0,3.064711332321167
351,-2.2347986698150635,True,True,0.0,0.0,0.0,0.0,3.058349370956421
352,-2.229426145553589,True,True,0.0,0.0,0.0,0.0,3.052189826965332
353,-2.234194278717041,True,True,0.0,0.0,0.0,0.0,3.074141502380371
354,-2.247739315032959,True,True,0.0,0.0,0.0,0.0,3.085331678390503
355,-2.2510910034179688,True,True,0.0,0.0,0.0,0.0,3.0704667568206787
356,-2.2362143993377686,True,True,0.0,0.0,0.0,0.0,3.078099012374878
357,-2.2414445877075195,True,True,0.0,0.0,0.0,0.0,3.070044994354248
358,-2.243739366531372,True,True,0.0,0.0,0.0,0.0,3.0652801990509033
359,-2.238880157470703,True,True,0.0,0.0,0.0,0.0,3.0555851459503174
360,-2.2422595024108887,True,True,0.0,0.0,0.0,0.0,3.0575995445251465
361,-2.2366671562194824,True,True,0.0,0.0,0.0,0.0,3.0488784313201904
362,-2.2297773361206055,True,True,0.0,0.0,0.0,0.0,3.0477521419525146
363,-2.2403416633605957,True,True,0.0,0.0,0.0,0.0,3.0389506816864014
364,-2.2397215366363525,True,True,0.0,0.0,0.0,0.0,3.042579412460327
365,-2.238966941833496,True,True,0.0,0.0,0.0,0.0,3.0520553588867188
366,-2.2379884719848633,True,True,0.0,0.0,0.0,0.0,3.0530691146850586
367,-2.227961301803589,True,True,0.0,0.0,0.0,0.0,3.07138729095459
368,-2.236360549926758,True,True,0.0,0.0,0.0,0.0,3.079451322555542
369,-2.234747886657715,True,True,0.0,0.0,0.0,0.0,3.093027353286743
370,-2.2275986671447754,True,True,0.0,0.0,0.0,0.0,3.094369888305664
371,-2.2201285362243652,True,True,0.0,0.0,0.0,0.0,3.0939104557037354
372,-2.2139720916748047,True,True,0.0,0.0,0.0,0.0,3.0985989570617676
373,-2.216820478439331,True,True,0.0,0.0,0.0,0.0,3.098173141479492
374,-2.2066144943237305,True,True,0.0,0.0,0.0,0.0,3.1000521183013916
375,-2.211115837097168,True,True,0.0,0.0,0.0,0.0,3.1193556785583496
376,-2.213027238845825,True,True,0.0,0.0,0.0,0.0,3.119234561920166
377,-2.217182159423828,True,True,0.0,0.0,0.0,0.0,3.107083320617676
378,-2.2084262371063232,True,True,0.0,0.0,0.0,0.0,3.105894088745117
379,-2.205430507659912,True,True,0.0,0.0,0.0,0.0,3.091203212738037
380,-2.2055742740631104,True,True,0.0,0.0,0.0,0.0,3.0861144065856934
381,-2.198462724685669,True,True,0.0,0.0,0.0,0.0,3.0848586559295654
382,-2.2095203399658203,True,True,0.0,0.0,0.0,0.0,3.0701205730438232
383,-2.2133560180664062,True,True,0.0,0.0,0.0,0.0,3.0545849800109863
384,-2.2085564136505127,True,True,0.0,0.0,0.0,0.0,3.07891583442688
385,-2.20827579498291,True,True,0.0,0.0,0.0,0.0,3.091275453567505
386,-2.2091987133026123,True,True,0.0,0.0,0.0,0.0,3.086379051208496
387,-2.2096176147460938,True,True,0.0,0.0,0.0,0.0,3.0730104446411133
388,-2.203838348388672,True,True,0.0,0.0,0.0,0.0,3.06911301612854
389,-2.210420846939087,True,True,0.0,0.0,0.0,0.0,3.0670623779296875
390,-2.2049474716186523,True,True,0.0,0.0,0.0,0.0,3.082383155822754
391,-2.1966981887817383,True,True,0.0,0.0,0.0,0.0,3.0899109840393066
392,-2.1810436248779297,True,True,0.0,0.0,0.0,0.0,3.096748113632202
393,-2.188453197479248,True,True,0.0,0.0,0.0,0.0,3.0698351860046387
394,-2.1869499683380127,True,True,0.0,0.0,0.0,0.0,3.0692832469940186
395,-2.1754941940307617,True,True,0.0,0.0,0.0,0.0,3.080199718475342
396,-2.1729609966278076,True,True,0.0,0.0,0.0,0.0,3.1038379669189453
397,-2.1707122325897217,True,True,0.0,0.0,0.0,0.0,3.1359615325927734
398,-2.17673921585083,True,True,0.0,0.0,0.0,0.0,3.133049726486206
399,-2.1777608394622803,True,True,0.0,0.0,0.0,0.0,3.135817766189575
400,-2.1714510917663574,True,True,0.0,0.0,0.0,0.0,3.136735677719116
401,-2.162067174911499,True,True,0.0,0.0,0.0,0.0,3.1256234645843506
402,-2.1622910499572754,True,True,0.0,0.0,0.0,0.0,3.1259818077087402
403,-2.152515172958374,True,True,0.0,0.0,0.0,0.0,3.1279003620147705
404,-2.144374132156372,True,True,0.0,0.0,0.0,0.0,3.1274828910827637
405,-2.1511459350585938,True,True,0.0,0.0,0.0,0.0,3.1302506923675537
406,-2.1564526557922363,True,True,0.0,0.0,0.0,0.0,3.120880603790283
407,-2.149771213531494,True,True,0.0,0.0,0.0,0.0,3.1169307231903076
408,-2.148085117340088,True,True,0.0,0.0,0.0,0.0,3.107187271118164
409,-2.1422159671783447,True,True,0.0,0.0,0.0,0.0,3.111539840698242
410,-2.1520578861236572,True,True,0.0,0.0,0.0,0.0,3.121901035308838
411,-2.137228012084961,True,True,0.0,0.0,0.0,0.0,3.119863510131836
412,-2.1379289627075195,True,True,0.0,0.0,0.0,0.0,3.1300086975097656
413,-2.1352438926696777,True,True,0.0,0.0,0.0,0.0,3.13973331451416
414,-2.1459314823150635,True,True,0.0,0.0,0.0,0.0,3.1170313358306885
415,-2.1419005393981934,True,True,0.0,0.0,0.0,0.0,3.1164443492889404
416,-2.146815299987793,True,True,0.0,0.0,0.0,0.0,3.1097476482391357
417,-2.139233350753784,True,True,0.0,0.0,0.0,0.0,3.090670585632324
418,-2.1323180198669434,True,True,0.0,0.0,0.0,0.0,3.1008830070495605
419,-2.135286569595337,True,True,0.0,0.0,0.0,0.0,3.1089940071105957
420,-2.1381165981292725,True,True,0.0,0.0,0.0,0.0,3.1108334064483643
421,-2.1265714168548584,True,True,0.0,0.0,0.0,0.0,3.1112685203552246
422,-2.1186470985412598,True,True,0.0,0.0,0.0,0.0,3.1245172023773193
423,-2.1222779750823975,True,True,0.0,0.0,0.0,0.0,3.1127982139587402
424,-2.118802547454834,True,True,0.0,0.0,0.0,0.0,3.110889196395874
425,-2.128499746322632,True,True,0.0,0.0,0.0,0.0,3.113739252090454
426,-2.1316847801208496,True,True,0.0,0.0,0.0,0.0,3.1214187145233154
427,-2.1246910095214844,True,True,0.0,0.0,0.0,0.0,3.116270065307617
428,-2.120314121246338,True,True,0.0,0.0,0.0,0.0,3.1088902950286865
429,-2.119997978210449,True,True,0.0,0.0,0.0,0.0,3.1097097396850586
430,-2.118839740753174,True,True,0.0,0.0,0.0,0.0,3.109999895095825
431,-2.117184638977051,True,True,0.0,0.0,0.0,0.0,3.0965590476989746
432,-2.1152215003967285,True,True,0.0,0.0,0.0,0.0,3.107757806777954
433,-2.1208276748657227,True,True,0.0,0.0,0.0,0.0,3.1148698329925537
434,-2.1106526851654053,True,True,0.0,0.0,0.0,0.0,3.108438730239868
435,-2.1073570251464844,True,True,0.0,0.0,0.0,0.0,3.0994820594787598
436,-2.112311363220215,True,True,0.0,0.0,0.0,0.0,3.112840175628662
437,-2.107705593109131,True,True,0.0,0.0,0.0,0.0,3.1217148303985596
438,-2.0938286781311035,True,True,0.0,0.0,0.0,0.0,3.1192760467529297
439,-2.094541072845459,True,True,0.0,0.0,0.0,0.0,3.1133387088775635
440,-2.0982253551483154,True,True,0.0,0.0,0.0,0.0,3.134335994720459
441,-2.093691825866699,True,True,0.0,0.0,0.0,0.0,3.1364643573760986
442,-2.091151237487793,True,True,0.0,0.0,0.0,0.0,3.142508029937744
443,-2.0883326530456543,True,True,0.0,0.0,0.0,0.0,3.1457479000091553
444,-2.082132339477539,True,True,0.0,0.0,0.0,0.0,3.1501803398132324
445,-2.077826976776123,True,True,0.0,0.0,0.0,0.0,3.1257753372192383
446,-2.0830581188201904,True,True,0.0,0.0,0.0,0.0,3.1245076656341553
447,-2.0752387046813965,True,True,0.0,0.0,0.0,0.0,3.118583917617798
448,-2.0791831016540527,True,True,0.0,0.0,0.0,0.0,3.1267359256744385
449,-2.0850629806518555,True,True,0.0,0.0,0.0,0.0,3.129852771759033
450,-2.080136299133301,True,True,0.0,0.0,0.0,0.0,3.123023509979248
451,-2.0846028327941895,True,True,0.0,0.0,0.0,0.0,3.1398117542266846
452,-2.0781636238098145,True,True,0.0,0.0,0.0,0.0,3.1492972373962402
453,-2.070399284362793,True,True,0.0,0.0,0.0,0.0,3.159127950668335
454,-2.072299003601074,True,True,0.0,0.0,0.0,0.0,3.1348395347595215
455,-2.080371856689453,True,True,0.0,0.0,0.0,0.0,3.1308538913726807
456,-2.073068618774414,True,True,0.0,0.0,0.0,0.0,3.115300178527832
457,-2.082955837249756,True,True,0.0,0.0,0.0,0.0,3.103245496749878
458,-2.0818374156951904,True,True,0.0,0.0,0.0,0.0,3.1011743545532227
459,-2.0826263427734375,True,True,0.0,0.0,0.0,0.0,3.1206471920013428
460,-2.0622825622558594,True,True,0.0,0.0,0.0,0.0,3.1189823150634766
461,-2.079946517944336,True,True,0.0,0.0,0.0,0.0,3.139010190963745
462,-2.080559253692627,True,True,0.0,0.0,0.0,0.0,3.1317057609558105
463,-2.0778448581695557,True,True,0.0,0.0,0.0,0.0,3.1283254623413086
464,-2.0894269943237305,True,True,0.0,0.0,0.0,0.0,3.1302196979522705
465,-2.093754291534424,True,True,0.0,0.0,0.0,0.0,3.1348657608032227
466,-2.083369016647339,True,True,0.0,0.0,0.0,0.0,3.1540908813476562
467,-2.0777106285095215,True,True,0.0,0.0,0.0,0.0,3.1460795402526855
468,-2.0734291076660156,True,True,0.0,0.0,0.0,0.0,3.142444133758545
469,-2.079371690750122,True,True,0.0,0.0,0.0,0.0,3.144587993621826
470,-2.082214593887329,True,True,0.0,0.0,0.0,0.0,3.141847848892212
471,-2.082047700881958,True,True,0.0,0.0,0.0,0.0,3.14772367477417
472,-2.071877956390381,True,True,0.0,0.0,0.0,0.0,3.1546201705932617
473,-2.0610575675964355,True,True,0.0,0.0,0.0,0.0,3.1588923931121826
474,-2.060351848602295,True,True,0.0,0.0,0.0,0.0,3.162433624267578
475,-2.0586068630218506,True,True,0.0,0.0,0.0,0.0,3.1487162113189697
476,-2.064816951751709,True,True,0.0,0.0,0.0,0.0,3.1507515907287598
477,-2.0623698234558105,True,True,0.0,0.0,0.0,0.0,3.159722328186035
478,-2.0623397827148438,True,True,0.0,0.0,0.0,0.0,3.15283465385437
479,-2.0575790405273438,True,True,0.0,0.0,0.0,0.0,3.1636228561401367
480,-2.0522804260253906,True,True,0.0,0.0,0.0,0.0,3.1571617126464844
481,-2.0579404830932617,True,True,0.0,0.0,0.0,0.0,3.1594059467315674
482,-2.059669017791748,True,True,0.0,0.0,0.0,0.0,3.15140962600708
483,-2.0663161277770996,True,True,0.0,0.0,0.0,0.0,3.1633100509643555
484,-2.0667245388031006,True,True,0.0,0.0,0.0,0.0,3.159379720687866
485,-2.063631296157837,True,True,0.0,0.0,0.0,0.0,3.1621618270874023
486,-2.0597572326660156,True,True,0.0,0.0,0.0,0.0,3.1610422134399414
487,-2.055051565170288,True,True,0.0,0.0,0.0,0.0,3.1529245376586914
488,-2.0519890785217285,True,True,0.0,0.0,0.0,0.0,3.146740436553955
489,-2.049367904663086,True,True,0.0,0.0,0.0,0.0,3.1571907997131348
490,-2.050652503967285,True,True,0.0,0.0,0.0,0.0,3.1707167625427246
491,-2.04370379447937,True,True,0.0,0.0,0.0,0.0,3.174668312072754
492,-2.048788547515869,True,True,0.0,0.0,0.0,0.0,3.167212963104248
493,-2.0523505210876465,True,True,0.0,0.0,0.0,0.0,3.1566975116729736
494,-2.053532838821411,True,True,0.0,0.0,0.0,0.0,3.1596407890319824
495,-2.0562407970428467,True,True,0.0,0.0,0.0,0.0,3.1532509326934814
496,-2.047522783279419,True,True,0.0,0.0,0.0,0.0,3.1677780151367188
497,-2.0475831031799316,True,True,0.0,0.0,0.0,0.0,3.187091112136841
498,-2.0542988777160645,True,True,0.0,0.0,0.0,0.0,3.183459997177124
499,-2.0468764305114746,True,True,0.0,0.0,0.0,0.0,3.18618106842041
500,-2.0367610454559326,True,True,0.0,0.0,0.0,0.0,3.1883621215820312
501,-2.0404882431030273,True,True,0.0,0.0,0.0,0.0,3.1867387294769287
502,-2.053631067276001,True,True,0.0,0.0,0.0,0.0,3.18414044380188
503,-2.0526504516601562,True,True,0.0,0.0,0.0,0.0,3.206451892852783
504,-2.054367780685425,True,True,0.0,0.0,0.0,0.0,3.2031447887420654
505,-2.0422310829162598,True,True,0.0,0.0,0.0,0.0,3.1960489749908447
506,-2.037330150604248,True,True,0.0,0.0,0.0,0.0,3.198052167892456
507,-2.0474319458007812,True,True,0.0,0.0,0.0,0.0,3.1953556537628174
508,-2.035871982574463,True,True,0.0,0.0,0.0,0.0,3.1832079887390137
509,-2.0294017791748047,True,True,0.0,0.0,0.0,0.0,3.188124179840088
510,-2.027660369873047,True,True,0.0,0.0,0.0,0.0,3.1853818893432617
511,-2.039092779159546,True,True,0.0,0.0,0.0,0.0,3.1782851219177246
512,-2.036442279815674,True,True,0.0,0.0,0.0,0.0,3.1768105030059814
513,-2.0370419025421143,True,True,0.0,0.0,0.0,0.0,3.179403781890869
514,-2.034116506576538,True,True,0.0,0.0,0.0,0.0,3.2023985385894775
515,-2.0382323265075684,True,True,0.0,0.0,0.0,0.0,3.2060346603393555
516,-2.030717372894287,True,True,0.0,0.0,0.0,0.0,3.221839666366577
517,-2.0318589210510254,True,True,0.0,0.0,0.0,0.0,3.238556146621704
518,-2.0375237464904785,True,True,0.0,0.0,0.0,0.0,3.244109630584717
519,-2.026845693588257,True,True,0.0,0.0,0.0,0.0,3.2580838203430176
520,-2.031748056411743,True,True,0.0,0.0,0.0,0.0,3.2681779861450195
521,-2.0326242446899414,True,True,0.0,0.0,0.0,0.0,3.2628908157348633
522,-2.0360267162323,True,True,0.0,0.0,0.0,0.0,3.280395746231079
523,-2.0274438858032227,True,True,0.0,0.0,0.0,0.0,3.282992124557495
524,-2.0219175815582275,True,True,0.0,0.0,0.0,0.0,3.296412467956543
525,-2.0161824226379395,True,True,0.0,0.0,0.0,0.0,3.299901008605957
526,-2.0181944370269775,True,True,0.0,0.0,0.0,0.0,3.297747850418091
527,-2.021656036376953,True,True,0.0,0.0,0.0,0.0,3.3041915893554688
528,-2.0275039672851562,True,True,0.0,0.0,0.0,0.0,3.318669319152832
529,-2.0220870971679688,True,True,0.0,0.0,0.0,0.0,3.3185980319976807
530,-2.029219150543213,True,True,0.0,0.0,0.0,0.0,3.332590103149414
531,-2.034184455871582,True,True,0.0,0.0,0.0,0.0,3.315150737762451
532,-2.032701015472412,True,True,0.0,0.0,0.0,0.0,3.311988592147827
533,-2.03684139251709,True,True,0.0,0.0,0.0,0.0,3.308947801589966
534,-2.0365843772888184,True,True,0.0,0.0,0.0,0.0,3.3094136714935303
535,-2.0355818271636963,True,True,0.0,0.0,0.0,0.0,3.313570022583008
536,-2.049855947494507,True,True,0.0,0.0,0.0,0.0,3.3118889331817627
537,-2.055481433868408,True,True,0.0,0.0,0.0,0.0,3.3152225017547607
538,-2.0562658309936523,True,True,0.0,0.0,0.0,0.0,3.3281962871551514
539,-2.0520505905151367,True,True,0.0,0.0,0.0,0.0,3.3219172954559326
540,-2.046614170074463,True,True,0.0,0.0,0.0,0.0,3.3021674156188965
541,-2.054661512374878,True,True,0.0,0.0,0.0,0.0,3.3099632263183594
542,-2.048691749572754,True,True,0.0,0.0,0.0,0.0,3.296525001525879
543,-2.0582919120788574,True,True,0.0,0.0,0.0,0.0,3.286329746246338
544,-2.0594067573547363,True,True,0.0,0.0,0.0,0.0,3.2676568031311035
545,-2.0563745498657227,True,True,0.0,0.0,0.0,0.0,3.2533771991729736
546,-2.0533018112182617,True,True,0.0,0.0,0.0,0.0,3.255993604660034
547,-2.050283193588257,True,True,0.0,0.0,0.0,0.0,3.2677254676818848
548,-2.0525240898132324,True,True,0.0,0.0,0.0,0.0,3.2615230083465576
549,-2.0430474281311035,True,True,0.0,0.0,0.0,0.0,3.25881028175354
550,-2.0477044582366943,True,True,0.0,0.0,0.0,0.0,3.2548458576202393
551,-2.0530731678009033,True,True,0.0,0.0,0.0,0.0,3.268808603286743
552,-2.037590503692627,True,True,0.0,0.0,0.0,0.0,3.2705881595611572
553,-2.0492420196533203,True,True,0.0,0.0,0.0,0.0,3.269782781600952
554,-2.044816493988037,True,True,0.0,0.0,0.0,0.0,3.266376495361328
555,-2.039443016052246,True,True,0.0,0.0,0.0,0.0,3.27034854888916
556,-2.0436246395111084,True,True,0.0,0.0,0.0,0.0,3.2861101627349854
557,-2.043423652648926,True,True,0.0,0.0,0.0,0.0,3.288830041885376
558,-2.0402777194976807,True,True,0.0,0.0,0.0,0.0,3.306063175201416
559,-2.0457987785339355,True,True,0.0,0.0,0.0,0.0,3.2939770221710205
560,-2.0553998947143555,True,True,0.0,0.0,0.0,0.0,3.275632381439209
561,-2.060887575149536,True,True,0.0,0.0,0.0,0.0,3.271397590637207
562,-2.0486879348754883,True,True,0.0,0.0,0.0,0.0,3.2737538814544678
563,-2.0528404712677,True,True,0.0,0.0,0.0,0.0,3.2721221446990967
564,-2.0485236644744873,True,True,0.0,0.0,0.0,0.0,3.2719926834106445
565,-2.0418319702148438,True,True,0.0,0.0,0.0,0.0,3.2707743644714355
566,-2.043313503265381,True,True,0.0,0.0,0.0,0.0,3.2800071239471436
567,-2.04012393951416,True,True,0.0,0.0,0.0,0.0,3.271672487258911
568,-2.0462427139282227,True,True,0.0,0.0,0.0,0.0,3.2835922241210938
569,-2.0554661750793457,True,True,0.0,0.0,0.0,0.0,3.295928716659546
570,-2.047708034515381,True,True,0.0,0.0,0.0,0.0,3.303832530975342
571,-2.0452890396118164,True,True,0.0,0.0,0.0,0.0,3.3113608360290527
572,-2.043728828430176,True,True,0.0,0.0,0.0,0.0,3.308347463607788
573,-2.0432543754577637,True,True,0.0,0.0,0.0,0.0,3.3134605884552
574,-2.0266103744506836,True,True,0.0,0.0,0.0,0.0,3.3058629035949707
575,-2.038139820098877,True,True,0.0,0.0,0.0,0.0,3.3369133472442627
576,-2.0454702377319336,True,True,0.0,0.0,0.0,0.0,3.3522253036499023
577,-2.0381550788879395,True,True,0.0,0.0,0.0,0.0,3.3448128700256348
578,-2.0341811180114746,True,True,0.0,0.0,0.0,0.0,3.3538551330566406
579,-2.0431129932403564,True,True,0.0,0.0,0.0,0.0,3.354776382446289
580,-2.039482355117798,True,True,0.0,0.0,0.0,0.0,3.35299015045166
581,-2.0368969440460205,True,True,0.0,0.0,0.0,0.0,3.334522247314453
582,-2.030900001525879,True,True,0.0,0.0,0.0,0.0,3.330022096633911
583,-2.029790163040161,True,True,0.0,0.0,0.0,0.0,3.3250865936279297
584,-2.0256404876708984,True,True,0.0,0.0,0.0,0.0,3.326909303665161
585,-2.027994155883789,True,True,0.0,0.0,0.0,0.0,3.3274898529052734
586,-2.032503128051758,True,True,0.0,0.0,0.0,0.0,3.356806755065918
587,-2.021357774734497,True,True,0.0,0.0,0.0,0.0,3.3668270111083984
588,-2.0190622806549072,True,True,0.0,0.0,0.0,0.0,3.3919200897216797
589,-2.018810510635376,True,True,0.0,0.0,0.0,0.0,3.382303237915039
590,-2.016751766204834,True,True,0.0,0.0,0.0,0.0,3.3931665420532227
591,-2.0148091316223145,True,True,0.0,0.0,0.0,0.0,3.3893847465515137
592,-2.021739959716797,True,True,0.0,0.0,0.0,0.0,3.3710949420928955
593,-2.014066219329834,True,True,0.0,0.0,0.0,0.0,3.364290475845337
594,-2.0117926597595215,True,True,0.0,0.0,0.0,0.0,3.340440273284912
595,-2.009420394897461,True,True,0.0,0.0,0.0,0.0,3.3497607707977295
596,-2.0116329193115234,True,True,0.0,0.0,0.0,0.0,3.3495373725891113
597,-2.008692741394043,True,True,0.0,0.0,0.0,0.0,3.3569157123565674
598,-2.001816749572754,True,True,0.0,0.0,0.0,0.0,3.333442211151123
599,-1.9994535446166992,True,True,0.0,0.0,0.0,0.0,3.3438591957092285
600,-2.004189968109131,True,True,0.0,0.0,0.0,0.0,3.3318235874176025
601,-1.997086763381958,True,True,0.0,0.0,0.0,0.0,3.3103113174438477
602,-1.9919800758361816,True,True,0.0,0.0,0.0,0.0,3.3120248317718506
603,-1.993721842765808,True,True,0.0,0.0,0.0,0.0,3.3021209239959717
604,-1.9968985319137573,True,True,0.0,0.0,0.0,0.0,3.3134922981262207
605,-1.9967631101608276,True,True,0.0,0.0,0.0,0.0,3.3124372959136963
606,-1.995775818824768,True,True,0.0,0.0,0.0,0.0,3.2963268756866455
607,-1.994442343711853,True,True,0.0,0.0,0.0,0.0,3.3043980598449707
608,-1.9816917181015015,True,True,0.0,0.0,0.0,0.0,3.312913417816162
609,-1.9859507083892822,True,True,0.0,0.0,0.0,0.0,3.308985710144043
610,-1.9855475425720215,True,True,0.0,0.0,0.0,0.0,3.3019275665283203
611,-1.9922562837600708,True,True,0.0,0.0,0.0,0.0,3.3028573989868164
612,-1.9894158840179443,True,True,0.0,0.0,0.0,0.0,3.3037772178649902
613,-1.9885672330856323,True,True,0.0,0.0,0.0,0.0,3.295682668685913
614,-1.9862642288208008,True,True,0.0,0.0,0.0,0.0,3.303853750228882
615,-1.999239444732666,True,True,0.0,0.0,0.0,0.0,3.2901628017425537
616,-1.9945182800292969,True,True,0.0,0.0,0.0,0.0,3.2990806102752686
617,-1.987983226776123,True,True,0.0,0.0,0.0,0.0,3.3083271980285645
618,-1.9850913286209106,True,True,0.0,0.0,0.0,0.0,3.3122286796569824
619,-1.9848469495773315,True,True,0.0,0.0,0.0,0.0,3.3092761039733887
620,-1.977182149887085,True,True,0.0,0.0,0.0,0.0,3.300767660140991
621,-1.9728373289108276,True,True,0.0,0.0,0.0,0.0,3.2921674251556396
622,-1.9647915363311768,True,True,0.0,0.0,0.0,0.0,3.2853505611419678
623,-1.9671213626861572,True,True,0.0,0.0,0.0,0.0,3.3044605255126953
624,-1.9760247468948364,True,True,0.0,0.0,0.0,0.0,3.3072705268859863
625,-1.9738976955413818,True,True,0.0,0.0,0.0,0.0,3.3007309436798096
626,-1.964762806892395,True,True,0.0,0.0,0.0,0.0,3.293510913848877
627,-1.9670379161834717,True,True,0.0,0.0,0.0,0.0,3.2936131954193115
628,-1.9631253480911255,True,True,0.0,0.0,0.0,0.0,3.298572301864624
629,-1.9603536128997803,True,True,0.0,0.0,0.0,0.0,3.2953107357025146
630,-1.9507709741592407,True,True,0.0,0.0,0.0,0.0,3.301468849182129
631,-1.9517768621444702,True,True,0.0,0.0,0.0,0.0,3.3117005825042725
632,-1.9564155340194702,True,True,0.0,0.0,0.0,0.0,3.327479124069214
633,-1.9607843160629272,True,True,0.0,0.0,0.0,0.0,3.3447492122650146
634,-1.9564523696899414,True,True,0.0,0.0,0.0,0.0,3.3404932022094727
635,-1.9590482711791992,True,True,0.0,0.0,0.0,0.0,3.3416881561279297
636,-1.9567811489105225,True,True,0.0,0.0,0.0,0.0,3.350722551345825
637,-1.9574402570724487,True,True,0.0,0.0,0.0,0.0,3.3481128215789795
638,-1.9543588161468506,True,True,0.0,0.0,0.0,0.0,3.340099573135376
639,-1.949341058731079,True,True,0.0,0.0,0.0,0.0,3.338881015777588
640,-1.9494752883911133,True,True,0.0,0.0,0.0,0.0,3.334562301635742
641,-1.954127311706543,True,True,0.0,0.0,0.0,0.0,3.3347294330596924
642,-1.9451334476470947,True,True,0.0,0.0,0.0,0.0,3.3249740600585938
643,-1.945709466934204,True,True,0.0,0.0,0.0,0.0,3.318054676055908
644,-1.9542210102081299,True,True,0.0,0.0,0.0,0.0,3.326150894165039
645,-1.957535743713379,True,True,0.0,0.0,0.0,0.0,3.3247952461242676
646,-1.9531936645507812,True,True,0.0,0.0,0.0,0.0,3.3339388370513916
647,-1.9486346244812012,True,True,0.0,0.0,0.0,0.0,3.339292049407959
648,-1.9514813423156738,True,True,0.0,0.0,0.0,0.0,3.3380885124206543
649,-1.946187973022461,True,True,0.0,0.0,0.0,0.0,3.3461363315582275
650,-1.949934720993042,True,True,0.0,0.0,0.0,0.0,3.358856201171875
651,-1.9507713317871094,True,True,0.0,0.0,0.0,0.0,3.383638381958008
652,-1.9508559703826904,True,True,0.0,0.0,0.0,0.0,3.3977904319763184
653,-1.941770315170288,True,True,0.0,0.0,0.0,0.0,3.407885789871216
654,-1.9413869380950928,True,True,0.0,0.0,0.0,0.0,3.4010069370269775
655,-1.9437345266342163,True,True,0.0,0.0,0.0,0.0,3.400773525238037
656,-1.938191294670105,True,True,0.0,0.0,0.0,0.0,3.405932664871216
657,-1.937053918838501,True,True,0.0,0.0,0.0,0.0,3.4001786708831787
658,-1.935859203338623,True,True,0.0,0.0,0.0,0.0,3.4014453887939453
659,-1.9366519451141357,True,True,0.0,0.0,0.0,0.0,3.399549722671509
660,-1.938220739364624,True,True,0.0,0.0,0.0,0.0,3.410940408706665
661,-1.9331960678100586,True,True,0.0,0.0,0.0,0.0,3.395613431930542
662,-1.9320770502090454,True,True,0.0,0.0,0.0,0.0,3.397104024887085
663,-1.9313197135925293,True,True,0.0,0.0,0.0,0.0,3.403912305831909
664,-1.936701774597168,True,True,0.0,0.0,0.0,0.0,3.409153699874878
665,-1.9389163255691528,True,True,0.0,0.0,0.0,0.0,3.4055604934692383
666,-1.9267317056655884,True,True,0.0,0.0,0.0,0.0,3.3892085552215576
667,-1.9318101406097412,True,True,0.0,0.0,0.0,0.0,3.384436845779419
668,-1.9367353916168213,True,True,0.0,0.0,0.0,0.0,3.3800063133239746
669,-1.9255237579345703,True,True,0.0,0.0,0.0,0.0,3.376870632171631
670,-1.9290974140167236,True,True,0.0,0.0,0.0,0.0,3.3727593421936035
671,-1.9257484674453735,True,True,0.0,0.0,0.0,0.0,3.384028911590576
672,-1.93098783493042,True,True,0.0,0.0,0.0,0.0,3.3903512954711914
673,-1.9241145849227905,True,True,0.0,0.0,0.0,0.0,3.391425132751465
674,-1.9235070943832397,True,True,0.0,0.0,0.0,0.0,3.411268711090088
675,-1.9184587001800537,True,True,0.0,0.0,0.0,0.0,3.403691291809082
676,-1.9231334924697876,True,True,0.0,0.0,0.0,0.0,3.418402910232544
677,-1.9188480377197266,True,True,0.0,0.0,0.0,0.0,3.4256224632263184
678,-1.915757179260254,True,True,0.0,0.0,0.0,0.0,3.4168825149536133
679,-1.917094349861145,True,True,0.0,0.0,0.0,0.0,3.4113821983337402
680,-1.9222532510757446,True,True,0.0,0.0,0.0,0.0,3.3897969722747803
681,-1.9173579216003418,True,True,0.0,0.0,0.0,0.0,3.385413885116577
682,-1.907042145729065,True,True,0.0,0.0,0.0,0.0,3.377950429916382
683,-1.9158592224121094,True,True,0.0,0.0,0.0,0.0,3.3840599060058594
684,-1.9203460216522217,True,True,0.0,0.0,0.0,0.0,3.3870484828948975
685,-1.9225122928619385,True,True,0.0,0.0,0.0,0.0,3.375063419342041
686,-1.9210808277130127,True,True,0.0,0.0,0.0,0.0,3.3712832927703857
687,-1.9205005168914795,True,True,0.0,0.0,0.0,0.0,3.3609418869018555
688,-1.909971833229065,True,True,0.0,0.0,0.0,0.0,3.375241756439209
689,-1.9140406847000122,True,True,0.0,0.0,0.0,0.0,3.3756799697875977
690,-1.9137606620788574,True,True,0.0,0.0,0.0,0.0,3.3666234016418457
691,-1.9077701568603516,True,True,0.0,0.0,0.0,0.0,3.3564767837524414
692,-1.9089891910552979,True,True,0.0,0.0,0.0,0.0,3.355964422225952
693,-1.907515525817871,True,True,0.0,0.0,0.0,0.0,3.353891611099243
694,-1.903686761856079,True,True,0.0,0.0,0.0,0.0,3.3410818576812744
695,-1.9088108539581299,True,True,0.0,0.0,0.0,0.0,3.3281283378601074
696,-1.9012541770935059,True,True,0.0,0.0,0.0,0.0,3.3485054969787598
697,-1.902920126914978,True,True,0.0,0.0,0.0,0.0,3.3645026683807373
698,-1.8973543643951416,True,True,0.0,0.0,0.0,0.0,3.369654893875122
699,-1.8990771770477295,True,True,0.0,0.0,0.0,0.0,3.3748135566711426
700,-1.8970646858215332,True,True,0.0,0.0,0.0,0.0,3.3695337772369385
701,-1.8931645154953003,True,True,0.0,0.0,0.0,0.0,3.3533542156219482
702,-1.8885772228240967,True,True,0.0,0.0,0.0,0.0,3.3410260677337646
703,-1.8980517387390137,True,True,0.0,0.0,0.0,0.0,3.3375773429870605
704,-1.8818678855895996,True,True,0.0,0.0,0.0,0.0,3.3370919227600098
705,-1.8812384605407715,True,True,0.0,0.0,0.0,0.0,3.328540086746216
706,-1.87919020652771,True,True,0.0,0.0,0.0,0.0,3.3088791370391846
707,-1.8828511238098145,True,True,0.0,0.0,0.0,0.0,3.297360897064209
708,-1.8860218524932861,True,True,0.0,0.0,0.0,0.0,3.304535150527954
709,-1.8811273574829102,True,True,0.0,0.0,0.0,0.0,3.299567937850952
710,-1.885394811630249,True,True,0.0,0.0,0.0,0.0,3.2998883724212646
711,-1.8792295455932617,True,True,0.0,0.0,0.0,0.0,3.311847686767578
712,-1.8814752101898193,True,True,0.0,0.0,0.0,0.0,3.323995351791382
713,-1.8781085014343262,True,True,0.0,0.0,0.0,0.0,3.3011608123779297
714,-1.885122299194336,True,True,0.0,0.0,0.0,0.0,3.2728171348571777
715,-1.8816598653793335,True,True,0.0,0.0,0.0,0.0,3.2655227184295654
716,-1.8720324039459229,True,True,0.0,0.0,0.0,0.0,3.2600741386413574
717,-1.872370958328247,True,True,0.0,0.0,0.0,0.0,3.2602977752685547
718,-1.8755757808685303,True,True,0.0,0.0,0.0,0.0,3.255685329437256
719,-1.8695783615112305,True,True,0.0,0.0,0.0,0.0,3.2424166202545166
720,-1.8735259771347046,True,True,0.0,0.0,0.0,0.0,3.218104124069214
721,-1.8768212795257568,True,True,0.0,0.0,0.0,0.0,3.210423231124878
722,-1.8759866952896118,True,True,0.0,0.0,0.0,0.0,3.202667474746704
723,-1.8809789419174194,True,True,0.0,0.0,0.0,0.0,3.218214988708496
724,-1.8730721473693848,True,True,0.0,0.0,0.0,0.0,3.2169783115386963
725,-1.868187427520752,True,True,0.0,0.0,0.0,0.0,3.2007877826690674
726,-1.8672398328781128,True,True,0.0,0.0,0.0,0.0,3.191758871078491
727,-1.8670213222503662,True,True,0.0,0.0,0.0,0.0,3.188281536102295
728,-1.8696012496948242,True,True,0.0,0.0,0.0,0.0,3.1911704540252686
729,-1.8644042015075684,True,True,0.0,0.0,0.0,0.0,3.2044944763183594
730,-1.86067795753479,True,True,0.0,0.0,0.0,0.0,3.2140493392944336
731,-1.8616682291030884,True,True,0.0,0.0,0.0,0.0,3.2294089794158936
732,-1.8593354225158691,True,True,0.0,0.0,0.0,0.0,3.228163957595825
733,-1.863476037979126,True,True,0.0,0.0,0.0,0.0,3.2334041595458984
734,-1.8647220134735107,True,True,0.0,0.0,0.0,0.0,3.2240941524505615
735,-1.8616827726364136,True,True,0.0,0.0,0.0,0.0,3.233708143234253
736,-1.8598989248275757,True,True,0.0,0.0,0.0,0.0,3.236177682876587
737,-1.8529380559921265,True,True,0.0,0.0,0.0,0.0,3.2364699840545654
738,-1.864531397819519,True,True,0.0,0.0,0.0,0.0,3.240812301635742
739,-1.8626301288604736,True,True,0.0,0.0,0.0,0.0,3.2463107109069824
740,-1.8707358837127686,True,True,0.0,0.0,0.0,0.0,3.24831223487854
741,-1.8670978546142578,True,True,0.0,0.0,0.0,0.0,3.250089645385742
742,-1.8647713661193848,True,True,0.0,0.0,0.0,0.0,3.2464377880096436
743,-1.8614404201507568,True,True,0.0,0.0,0.0,0.0,3.241971015930176
744,-1.863876223564148,True,True,0.0,0.0,0.0,0.0,3.244283437728882
745,-1.8653528690338135,True,True,0.0,0.0,0.0,0.0,3.25821590423584
746,-1.859565019607544,True,True,0.0,0.0,0.0,0.0,3.2493960857391357
747,-1.8676221370697021,True,True,0.0,0.0,0.0,0.0,3.2494277954101562
748,-1.866722583770752,True,True,0.0,0.0,0.0,0.0,3.2362682819366455
749,-1.8682304620742798,True,True,0.0,0.0,0.0,0.0,3.228522300720215
750,-1.8734900951385498,True,True,0.0,0.0,0.0,0.0,3.238405466079712
751,-1.8596463203430176,True,True,0.0,0.0,0.0,0.0,3.2447290420532227
752,-1.8722457885742188,True,True,0.0,0.0,0.0,0.0,3.25051212310791
753,-1.861234188079834,True,True,0.0,0.0,0.0,0.0,3.2344443798065186
754,-1.865106225013733,True,True,0.0,0.0,0.0,0.0,3.218392848968506
755,-1.869292974472046,True,True,0.0,0.0,0.0,0.0,3.2022199630737305
756,-1.8655147552490234,True,True,0.0,0.0,0.0,0.0,3.199951648712158
757,-1.8659169673919678,True,True,0.0,0.0,0.0,0.0,3.211073160171509
758,-1.8649810552597046,True,True,0.0,0.0,0.0,0.0,3.219576597213745
759,-1.8659107685089111,True,True,0.0,0.0,0.0,0.0,3.226477861404419
760,-1.8571306467056274,True,True,0.0,0.0,0.0,0.0,3.212010145187378
761,-1.8543851375579834,True,True,0.0,0.0,0.0,0.0,3.1902453899383545
762,-1.852266788482666,True,True,0.0,0.0,0.0,0.0,3.1977667808532715
763,-1.8533800840377808,True,True,0.0,0.0,0.0,0.0,3.180269479751587
764,-1.843346118927002,True,True,0.0,0.0,0.0,0.0,3.1848464012145996
765,-1.8472981452941895,True,True,0.0,0.0,0.0,0.0,3.184549570083618
766,-1.8456652164459229,True,True,0.0,0.0,0.0,0.0,3.17596697807312
767,-1.8490660190582275,True,True,0.0,0.0,0.0,0.0,3.1797385215759277
768,-1.851341724395752,True,True,0.0,0.0,0.0,0.0,3.1955606937408447
769,-1.8492765426635742,True,True,0.0,0.0,0.0,0.0,3.1994125843048096
770,-1.843153476715088,True,True,0.0,0.0,0.0,0.0,3.192300319671631
771,-1.8538745641708374,True,True,0.0,0.0,0.0,0.0,3.189624309539795
772,-1.8481903076171875,True,True,0.0,0.0,0.0,0.0,3.173598051071167
773,-1.848929762840271,True,True,0.0,0.0,0.0,0.0,3.167583703994751
774,-1.8468071222305298,True,True,0.0,0.0,0.0,0.0,3.1588809490203857
775,-1.8577524423599243,True,True,0.0,0.0,0.0,0.0,3.159152030944824
776,-1.8453673124313354,True,True,0.0,0.0,0.0,0.0,3.15033221244812
777,-1.8469690084457397,True,True,0.0,0.0,0.0,0.0,3.138843297958374
778,-1.8469947576522827,True,True,0.0,0.0,0.0,0.0,3.119633913040161
779,-1.845831036567688,True,True,0.0,0.0,0.0,0.0,3.1291961669921875
780,-1.8493720293045044,True,True,0.0,0.0,0.0,0.0,3.1337943077087402
781,-1.8418384790420532,True,True,0.0,0.0,0.0,0.0,3.1428472995758057
782,-1.8377565145492554,True,True,0.0,0.0,0.0,0.0,3.1560041904449463
783,-1.832036018371582,True,True,0.0,0.0,0.0,0.0,3.139486074447632
784,-1.8393073081970215,True,True,0.0,0.0,0.0,0.0,3.144550085067749
785,-1.836808443069458,True,True,0.0,0.0,0.0,0.0,3.1370456218719482
786,-1.8358519077301025,True,True,0.0,0.0,0.0,0.0,3.1314876079559326
787,-1.832949161529541,True,True,0.0,0.0,0.0,0.0,3.147066593170166
788,-1.8270149230957031,True,True,0.0,0.0,0.0,0.0,3.140180826187134
789,-1.828826904296875,True,True,0.0,0.0,0.0,0.0,3.14711332321167
790,-1.8370144367218018,True,True,0.0,0.0,0.0,0.0,3.136678457260132
791,-1.8334760665893555,True,True,0.0,0.0,0.0,0.0,3.1488516330718994
792,-1.8384878635406494,True,True,0.0,0.0,0.0,0.0,3.152339458465576
793,-1.8245062828063965,True,True,0.0,0.0,0.0,0.0,3.1644577980041504
794,-1.8326551914215088,True,True,0.0,0.0,0.0,0.0,3.1680476665496826
795,-1.8272724151611328,True,True,0.0,0.0,0.0,0.0,3.151777744293213
796,-1.827812671661377,True,True,0.0,0.0,0.0,0.0,3.1577775478363037
797,-1.8266863822937012,True,True,0.0,0.0,0.0,0.0,3.146965742111206
798,-1.8167369365692139,True,True,0.0,0.0,0.0,0.0,3.1314191818237305
799,-1.8211894035339355,True,True,0.0,0.0,0.0,0.0,3.1470489501953125
800,-1.818239450454712,True,True,0.0,0.0,0.0,0.0,3.1365132331848145
801,-1.815267562866211,True,True,0.0,0.0,0.0,0.0,3.128622531890869
802,-1.8210065364837646,True,True,0.0,0.0,0.0,0.0,3.133342742919922
803,-1.8154661655426025,True,True,0.0,0.0,0.0,0.0,3.1280431747436523
804,-1.8060688972473145,True,True,0.0,0.0,0.0,0.0,3.130173921585083
805,-1.8164119720458984,True,True,0.0,0.0,0.0,0.0,3.1252479553222656
806,-1.808763027191162,True,True,0.0,0.0,0.0,0.0,3.0997519493103027
807,-1.8056379556655884,True,True,0.0,0.0,0.0,0.0,3.1004371643066406
808,-1.8108675479888916,True,True,0.0,0.0,0.0,0.0,3.1063976287841797
809,-1.8104219436645508,True,True,0.0,0.0,0.0,0.0,3.1070141792297363
810,-1.8074548244476318,True,True,0.0,0.0,0.0,0.0,3.1226086616516113
811,-1.8119208812713623,True,True,0.0,0.0,0.0,0.0,3.1134536266326904
812,-1.803001880645752,True,True,0.0,0.0,0.0,0.0,3.112135171890259
813,-1.8053159713745117,True,True,0.0,0.0,0.0,0.0,3.1119112968444824
814,-1.8060728311538696,True,True,0.0,0.0,0.0,0.0,3.1110727787017822
815,-1.8063470125198364,True,True,0.0,0.0,0.0,0.0,3.1329689025878906
816,-1.8060081005096436,True,True,0.0,0.0,0.0,0.0,3.145087957382202
817,-1.8053209781646729,True,True,0.0,0.0,0.0,0.0,3.1312577724456787
818,-1.7998102903366089,True,True,0.0,0.0,0.0,0.0,3.121027946472168
819,-1.8095632791519165,True,True,0.0,0.0,0.0,0.0,3.1118476390838623
820,-1.802150011062622,True,True,0.0,0.0,0.0,0.0,3.11027193069458
821,-1.8046963214874268,True,True,0.0,0.0,0.0,0.0,3.1261277198791504
822,-1.8039661645889282,True,True,0.0,0.0,0.0,0.0,3.1220219135284424
823,-1.803792953491211,True,True,0.0,0.0,0.0,0.0,3.118675470352173
824,-1.8057655096054077,True,True,0.0,0.0,0.0,0.0,3.1091935634613037
825,-1.7981717586517334,True,True,0.0,0.0,0.0,0.0,3.096139430999756
826,-1.8091671466827393,True,True,0.0,0.0,0.0,0.0,3.0982677936553955
827,-1.7975780963897705,True,True,0.0,0.0,0.0,0.0,3.1102330684661865
828,-1.789903998374939,True,True,0.0,0.0,0.0,0.0,3.1048831939697266
829,-1.7880570888519287,True,True,0.0,0.0,0.0,0.0,3.1060733795166016
830,-1.7935067415237427,True,True,0.0,0.0,0.0,0.0,3.112159013748169
831,-1.7967122793197632,True,True,0.0,0.0,0.0,0.0,3.099139451980591
832,-1.7994928359985352,True,True,0.0,0.0,0.0,0.0,3.0883612632751465
833,-1.8076890707015991,True,True,0.0,0.0,0.0,0.0,3.0903453826904297
834,-1.8065874576568604,True,True,0.0,0.0,0.0,0.0,3.092423677444458
835,-1.8063156604766846,True,True,0.0,0.0,0.0,0.0,3.0903160572052
836,-1.798299789428711,True,True,0.0,0.0,0.0,0.0,3.079981803894043
837,-1.8039393424987793,True,True,0.0,0.0,0.0,0.0,3.0854132175445557
838,-1.7986353635787964,True,True,0.0,0.0,0.0,0.0,3.0879979133605957
839,-1.797165870666504,True,True,0.0,0.0,0.0,0.0,3.072859287261963
840,-1.7975480556488037,True,True,0.0,0.0,0.0,0.0,3.0552942752838135
841,-1.7997193336486816,True,True,0.0,0.0,0.0,0.0,3.061591863632202
842,-1.8037822246551514,True,True,0.0,0.0,0.0,0.0,3.064375400543213
843,-1.7947028875350952,True,True,0.0,0.0,0.0,0.0,3.0469205379486084
844,-1.784184455871582,True,True,0.0,0.0,0.0,0.0,3.0405261516571045
845,-1.785895586013794,True,True,0.0,0.0,0.0,0.0,3.0425326824188232
846,-1.7839609384536743,True,True,0.0,0.0,0.0,0.0,3.0383081436157227
847,-1.7743356227874756,True,True,0.0,0.0,0.0,0.0,3.0415143966674805
848,-1.7723910808563232,True,True,0.0,0.0,0.0,0.0,3.0494420528411865
849,-1.768683910369873,True,True,0.0,0.0,0.0,0.0,3.026639699935913
850,-1.7714922428131104,True,True,0.0,0.0,0.0,0.0,3.012434244155884
851,-1.764934778213501,True,True,0.0,0.0,0.0,0.0,3.006863594055176
852,-1.764110803604126,True,True,0.0,0.0,0.0,0.0,3.0185680389404297
853,-1.7605565786361694,True,True,0.0,0.0,0.0,0.0,3.0185558795928955
854,-1.7728569507598877,True,True,0.0,0.0,0.0,0.0,3.0301718711853027
855,-1.7701287269592285,True,True,0.0,0.0,0.0,0.0,3.036329984664917
856,-1.7679638862609863,True,True,0.0,0.0,0.0,0.0,3.0382094383239746
857,-1.7688626050949097,True,True,0.0,0.0,0.0,0.0,3.048820972442627
858,-1.7658939361572266,True,True,0.0,0.0,0.0,0.0,3.037773847579956
859,-1.7674251794815063,True,True,0.0,0.0,0.0,0.0,3.046630382537842
860,-1.760940432548523,True,True,0.0,0.0,0.0,0.0,3.0453929901123047
861,-1.7588999271392822,True,True,0.0,0.0,0.0,0.0,3.0446619987487793
862,-1.7602204084396362,True,True,0.0,0.0,0.0,0.0,3.032532215118408
863,-1.7631514072418213,True,True,0.0,0.0,0.0,0.0,3.0298032760620117
864,-1.7596687078475952,True,True,0.0,0.0,0.0,0.0,3.027437210083008
865,-1.7598762512207031,True,True,0.0,0.0,0.0,0.0,3.033541440963745
866,-1.7557880878448486,True,True,0.0,0.0,0.0,0.0,3.0479819774627686
867,-1.750930666923523,True,True,0.0,0.0,0.0,0.0,3.0412755012512207
868,-1.753495693206787,True,True,0.0,0.0,0.0,0.0,3.035623550415039
869,-1.753046989440918,True,True,0.0,0.0,0.0,0.0,3.035541296005249
870,-1.7512996196746826,True,True,0.0,0.0,0.0,0.0,3.0383262634277344
871,-1.7461520433425903,True,True,0.0,0.0,0.0,0.0,3.038628101348877
872,-1.7502084970474243,True,True,0.0,0.0,0.0,0.0,3.031402111053467
873,-1.751474142074585,True,True,0.0,0.0,0.0,0.0,3.0370402336120605
874,-1.7547883987426758,True,True,0.0,0.0,0.0,0.0,3.048569440841675
875,-1.7545987367630005,True,True,0.0,0.0,0.0,0.0,3.0504696369171143
876,-1.764249563217163,True,True,0.0,0.0,0.0,0.0,3.060403347015381
877,-1.7565758228302002,True,True,0.0,0.0,0.0,0.0,3.07562255859375
878,-1.7585532665252686,True,True,0.0,0.0,0.0,0.0,3.0689470767974854
879,-1.7521765232086182,True,True,0.0,0.0,0.0,0.0,3.0672240257263184
880,-1.7445180416107178,True,True,0.0,0.0,0.0,0.0,3.0564873218536377
881,-1.7503055334091187,True,True,0.0,0.0,0.0,0.0,3.0512325763702393
882,-1.7469432353973389,True,True,0.0,0.0,0.0,0.0,3.053424596786499
883,-1.749605655670166,True,True,0.0,0.0,0.0,0.0,3.0690553188323975
884,-1.753379225730896,True,True,0.0,0.0,0.0,0.0,3.04776668548584
885,-1.753820538520813,True,True,0.0,0.0,0.0,0.0,3.0593626499176025
886,-1.750603199005127,True,True,0.0,0.0,0.0,0.0,3.0473015308380127
887,-1.7553341388702393,True,True,0.0,0.0,0.0,0.0,3.0634512901306152
888,-1.748451828956604,True,True,0.0,0.0,0.0,0.0,3.0636277198791504
889,-1.7590014934539795,True,True,0.0,0.0,0.0,0.0,3.0672054290771484
890,-1.7493300437927246,True,True,0.0,0.0,0.0,0.0,3.049612045288086
891,-1.742870569229126,True,True,0.0,0.0,0.0,0.0,3.054428815841675
892,-1.741093397140503,True,True,0.0,0.0,0.0,0.0,3.056560516357422
893,-1.7505691051483154,True,True,0.0,0.0,0.0,0.0,3.0586276054382324
894,-1.744645595550537,True,True,0.0,0.0,0.0,0.0,3.078836441040039
895,-1.7469065189361572,True,True,0.0,0.0,0.0,0.0,3.098234176635742
896,-1.7405891418457031,True,True,0.0,0.0,0.0,0.0,3.113781452178955
897,-1.7410414218902588,True,True,0.0,0.0,0.0,0.0,3.1130082607269287
898,-1.742619276046753,True,True,0.0,0.0,0.0,0.0,3.1070971488952637
899,-1.7376596927642822,True,True,0.0,0.0,0.0,0.0,3.1055119037628174
900,-1.7318193912506104,True,True,0.0,0.0,0.0,0.0,3.1139039993286133
901,-1.7323365211486816,True,True,0.0,0.0,0.0,0.0,3.109734535217285
902,-1.734307885169983,True,True,0.0,0.0,0.0,0.0,3.124739646911621
903,-1.734209656715393,True,True,0.0,0.0,0.0,0.0,3.129277467727661
904,-1.735398769378662,True,True,0.0,0.0,0.0,0.0,3.122487783432007
905,-1.725908637046814,True,True,0.0,0.0,0.0,0.0,3.1219863891601562
906,-1.726062297821045,True,True,0.0,0.0,0.0,0.0,3.1313836574554443
907,-1.7199761867523193,True,True,0.0,0.0,0.0,0.0,3.1345460414886475
908,-1.7132834196090698,True,True,0.0,0.0,0.0,0.0,3.1321890354156494
909,-1.717227816581726,True,True,0.0,0.0,0.0,0.0,3.1387414932250977
910,-1.7129096984863281,True,True,0.0,0.0,0.0,0.0,3.1280834674835205
911,-1.7222026586532593,True,True,0.0,0.0,0.0,0.0,3.116697311401367
912,-1.7166368961334229,True,True,0.0,0.0,0.0,0.0,3.1386847496032715
913,-1.7109801769256592,True,True,0.0,0.0,0.0,0.0,3.1379406452178955
914,-1.7089979648590088,True,True,0.0,0.0,0.0,0.0,3.1377758979797363
915,-1.7051957845687866,True,True,0.0,0.0,0.0,0.0,3.1309521198272705
916,-1.6992477178573608,True,True,0.0,0.0,0.0,0.0,3.139751434326172
917,-1.7045884132385254,True,True,0.0,0.0,0.0,0.0,3.137877941131592
918,-1.6948168277740479,True,True,0.0,0.0,0.0,0.0,3.1544718742370605
919,-1.69669771194458,True,True,0.0,0.0,0.0,0.0,3.1527535915374756
920,-1.7046135663986206,True,True,0.0,0.0,0.0,0.0,3.1504104137420654
921,-1.710150122642517,True,True,0.0,0.0,0.0,0.0,3.1555747985839844
922,-1.707364797592163,True,True,0.0,0.0,0.0,0.0,3.1500203609466553
923,-1.7099608182907104,True,True,0.0,0.0,0.0,0.0,3.1439802646636963
924,-1.7011150121688843,True,True,0.0,0.0,0.0,0.0,3.1513891220092773
925,-1.7016469240188599,True,True,0.0,0.0,0.0,0.0,3.1447489261627197
926,-1.707210898399353,True,True,0.0,0.0,0.0,0.0,3.12821102142334
927,-1.704453468322754,True,True,0.0,0.0,0.0,0.0,3.1119556427001953
928,-1.7047157287597656,True,True,0.0,0.0,0.0,0.0,3.0973057746887207
929,-1.698695182800293,True,True,0.0,0.0,0.0,0.0,3.1028332710266113
930,-1.7036526203155518,True,True,0.0,0.0,0.0,0.0,3.083142042160034
931,-1.6971627473831177,True,True,0.0,0.0,0.0,0.0,3.0846827030181885
932,-1.696168065071106,True,True,0.0,0.0,0.0,0.0,3.0832715034484863
933,-1.6982245445251465,True,True,0.0,0.0,0.0,0.0,3.0907862186431885
934,-1.699955940246582,True,True,0.0,0.0,0.0,0.0,3.0771689414978027
935,-1.695074439048767,True,True,0.0,0.0,0.0,0.0,3.067619800567627
936,-1.694659948348999,True,True,0.0,0.0,0.0,0.0,3.0782663822174072
937,-1.6936036348342896,True,True,0.0,0.0,0.0,0.0,3.0789954662323
938,-1.6973243951797485,True,True,0.0,0.0,0.0,0.0,3.086928129196167
939,-1.6939504146575928,True,True,0.0,0.0,0.0,0.0,3.067521333694458
940,-1.6958434581756592,True,True,0.0,0.0,0.0,0.0,3.0452003479003906
941,-1.6891058683395386,True,True,0.0,0.0,0.0,0.0,3.051804780960083
942,-1.691864013671875,True,True,0.0,0.0,0.0,0.0,3.0417847633361816
943,-1.6814852952957153,True,True,0.0,0.0,0.0,0.0,3.0577125549316406
944,-1.690775990486145,True,True,0.0,0.0,0.0,0.0,3.0745131969451904
945,-1.6861703395843506,True,True,0.0,0.0,0.0,0.0,3.0813350677490234
946,-1.6939268112182617,True,True,0.0,0.0,0.0,0.0,3.077178955078125
947,-1.6803481578826904,True,True,0.0,0.0,0.0,0.0,3.0867347717285156
948,-1.6808381080627441,True,True,0.0,0.0,0.0,0.0,3.0697097778320312
949,-1.6853187084197998,True,True,0.0,0.0,0.0,0.0,3.0709776878356934
950,-1.6799417734146118,True,True,0.0,0.0,0.0,0.0,3.063873767852783
951,-1.680876612663269,True,True,0.0,0.0,0.0,0.0,3.0780835151672363
952,-1.673979640007019,True,True,0.0,0.0,0.0,0.0,3.0735604763031006
953,-1.6743099689483643,True,True,0.0,0.0,0.0,0.0,3.09747576713562
954,-1.6740261316299438,True,True,0.0,0.0,0.0,0.0,3.098379611968994
955,-1.674203634262085,True,True,0.0,0.0,0.0,0.0,3.103733539581299
956,-1.677610158920288,True,True,0.0,0.0,0.0,0.0,3.1028902530670166
957,-1.678041934967041,True,True,0.0,0.0,0.0,0.0,3.10237193107605
958,-1.6695715188980103,True,True,0.0,0.0,0.0,0.0,3.0991358757019043
959,-1.670697808265686,True,True,0.0,0.0,0.0,0.0,3.0949900150299072
960,-1.682100534439087,True,True,0.0,0.0,0.0,0.0,3.1035730838775635
961,-1.6751723289489746,True,True,0.0,0.0,0.0,0.0,3.108686685562134
962,-1.6683692932128906,True,True,0.0,0.0,0.0,0.0,3.1129937171936035
963,-1.6672077178955078,True,True,0.0,0.0,0.0,0.0,3.105725049972534
964,-1.663590669631958,True,True,0.0,0.0,0.0,0.0,3.094520330429077
965,-1.6650129556655884,True,True,0.0,0.0,0.0,0.0,3.1018905639648438
966,-1.6671580076217651,True,True,0.0,0.0,0.0,0.0,3.1194615364074707
967,-1.666057825088501,True,True,0.0,0.0,0.0,0.0,3.1220312118530273
968,-1.6669137477874756,True,True,0.0,0.0,0.0,0.0,3.117743492126465
969,-1.6638052463531494,True,True,0.0,0.0,0.0,0.0,3.113100290298462
970,-1.6609745025634766,True,True,0.0,0.0,0.0,0.0,3.11380672454834
971,-1.663496494293213,True,True,0.0,0.0,0.0,0.0,3.112595319747925
972,-1.6709200143814087,True,True,0.0,0.0,0.0,0.0,3.114356279373169
973,-1.664595127105713,True,True,0.0,0.0,0.0,0.0,3.111966848373413
974,-1.666985034942627,True,True,0.0,0.0,0.0,0.0,3.1224639415740967
975,-1.6544520854949951,True,True,0.0,0.0,0.0,0.0,3.133199453353882
976,-1.650321125984192,True,True,0.0,0.0,0.0,0.0,3.1428937911987305
977,-1.6511601209640503,True,True,0.0,0.0,0.0,0.0,3.155205726623535
978,-1.6507294178009033,True,True,0.0,0.0,0.0,0.0,3.1384787559509277
979,-1.6523582935333252,True,True,0.0,0.0,0.0,0.0,3.144010066986084
980,-1.6531198024749756,True,True,0.0,0.0,0.0,0.0,3.1465766429901123
981,-1.645643949508667,True,True,0.0,0.0,0.0,0.0,3.138760805130005
982,-1.645390510559082,True,True,0.0,0.0,0.0,0.0,3.1317594051361084
983,-1.648292899131775,True,True,0.0,0.0,0.0,0.0,3.1391777992248535
984,-1.6557575464248657,True,True,0.0,0.0,0.0,0.0,3.1440787315368652
985,-1.6465352773666382,True,True,0.0,0.0,0.0,0.0,3.1452624797821045
986,-1.637007236480713,True,True,0.0,0.0,0.0,0.0,3.160547971725464
987,-1.632232904434204,True,True,0.0,0.0,0.0,0.0,3.161449432373047
988,-1.6427228450775146,True,True,0.0,0.0,0.0,0.0,3.1718387603759766
989,-1.634344220161438,True,True,0.0,0.0,0.0,0.0,3.180678129196167
990,-1.6376672983169556,True,True,0.0,0.0,0.0,0.0,3.1909027099609375
991,-1.6418367624282837,True,True,0.0,0.0,0.0,0.0,3.2000021934509277
992,-1.6394035816192627,True,True,0.0,0.0,0.0,0.0,3.1954948902130127
993,-1.640441656112671,True,True,0.0,0.0,0.0,0.0,3.178921699523926
994,-1.6406067609786987,True,True,0.0,0.0,0.0,0.0,3.199556350708008
995,-1.6353766918182373,True,True,0.0,0.0,0.0,0.0,3.216294050216675
996,-1.6355340480804443,True,True,0.0,0.0,0.0,0.0,3.2117292881011963
997,-1.638687252998352,True,True,0.0,0.0,0.0,0.0,3.2021677494049072
998,-1.6402097940444946,True,True,0.0,0.0,0.0,0.0,3.218738079071045
999,-1.6432398557662964,True,True,0.0,0.0,0.0,0.0,3.2187118530273438
1000,-1.6444487571716309,True,True,0.0,0.0,0.0,0.0,3.2122621536254883
