dataset_id,dataset_name,seed,generator,conditional_ks,pca_spectrum_l1,partial_corr_mae,feature_target_mi_mae,minority_coverage,precision,coverage,density_ratio
1049,pc4,0,ctgan,0.35112397592290795,0.6328377069525236,17419019062715.28,0.03178223031847302,0.0,0.0,0.0,5.806619630179959
1049,pc4,0,nflow,0.1831188435560632,0.742061811652295,17419019062715.28,0.029642091112819253,0.0,0.006858710562414266,0.015089163237311385,3.8155570103471312
1049,pc4,0,rtvae,0.38457574360440966,0.5797336982635051,17419019062715.28,0.030271854860515424,0.1797752808988764,0.2085048010973937,0.23319615912208505,1.571741837201576
1049,pc4,0,smote,0.09659006794716063,0.26501361540312546,17419019062715.295,0.016718880520825014,0.7528089887640449,0.5747599451303155,0.5816186556927297,0.9054459391221209
1049,pc4,0,tabddpm,0.5078771225245986,0.6739769738217786,17419019062715.295,0.03260141358352613,0.0,0.0,0.0,40.213339313275696
1049,pc4,0,tabpfgen,0.1833659127620101,0.06707269692714718,17419019062715.25,0.03886515584703764,0.7865168539325843,1.0,0.8093278463648834,0.07396472484617087
1049,pc4,0,tvae,0.2872726593937899,0.542637418646954,17419019062715.275,0.03290700206265697,0.07865168539325842,0.12757201646090535,0.19204389574759945,1.7019184118231612
1049,pc4,1,ctgan,0.33511443513002925,0.5944217156099612,1988967650959.5005,0.03415983577772275,0.0,0.0,0.0,5.495259620447475
1049,pc4,1,nflow,0.17958346424542124,0.7605256508767958,1988967650959.5007,0.03533631436741709,0.011235955056179775,0.0013717421124828531,0.0054869684499314125,4.5379366263525736
1049,pc4,1,rtvae,0.3557499293866094,0.5784279259717864,1988967650959.5015,0.023469382569545214,0.2696629213483146,0.19204389574759945,0.24828532235939643,1.6030652798981124
1049,pc4,1,smote,0.09469684747950198,0.18472264795892007,3531203718588.6875,0.01992959666926595,0.8089887640449438,0.6049382716049383,0.5953360768175583,0.8434083079005936
1049,pc4,1,tabddpm,0.4993615718949287,0.5867389085962305,1988967650959.5188,0.035938580845858326,0.0,0.0,0.0,33.56559401294796
1049,pc4,1,tabpfgen,0.1663410039638972,0.10588156705554133,1988967650959.4812,0.04511128819499993,0.8314606741573034,1.0,0.7791495198902606,0.07894427249984494
1049,pc4,1,tvae,0.2576732543639145,0.5665072598109314,1988967650959.4978,0.03145991915774906,0.25842696629213485,0.11248285322359397,0.2194787379972565,1.7241320409661818
1049,pc4,2,ctgan,0.31807851062583525,0.7573763233770225,0.25597386532129,0.035276834954420064,0.0,0.0,0.0,5.65900788191486
1049,pc4,2,nflow,0.15996826455638333,0.7969572180533897,0.25468181844338106,0.027508894157006934,0.011235955056179775,0.0054869684499314125,0.02606310013717421,3.806409016010759
1049,pc4,2,rtvae,0.3735064960542371,0.6785513468059453,0.2572800769914447,0.03495762795253234,0.16853932584269662,0.18106995884773663,0.25651577503429357,1.6368772158027562
1049,pc4,2,smote,0.0841294507288187,0.24492248386290938,4396671.771065487,0.020528224767832778,0.7415730337078652,0.6433470507544582,0.5994513031550068,0.830953947337917
1049,pc4,2,tabddpm,0.5091482747737235,0.7263496443014057,0.27867442706592427,0.037609467241973886,0.0,0.0,0.0,37.171248092297006
1049,pc4,2,tabpfgen,0.16464308112649612,0.08767231404131529,0.21325826669438616,0.03157411208534354,0.7528089887640449,1.0,0.7805212620027435,0.07010618325351112
1049,pc4,2,tvae,0.24353107575821573,0.5862648342745853,0.25364716243224034,0.031453558148851216,0.23595505617977527,0.13031550068587106,0.24005486968449932,1.665925590934082
1050,pc3,0,ctgan,0.44201797590157926,0.7200345015046838,2.354570157183526,0.026173006106698943,0.0,0.0,0.0,4.861169898755184
1050,pc3,0,nflow,0.19616375309899867,0.7261891867110927,2.3562871949790156,0.02178840633242068,0.0125,0.005121638924455826,0.015364916773367477,3.579213230122335
1050,pc3,0,rtvae,0.43461490853974266,0.5993435922797578,2.3567242465984446,0.03006342049816756,0.1,0.2496798975672215,0.23431498079385404,1.5540815173380875
1050,pc3,0,smote,0.10759171261132745,0.1673863940832091,12208357241907.111,0.014134635760369342,0.725,0.6261203585147247,0.6197183098591549,0.8515172994791793
1050,pc3,0,tabddpm,0.5588246647933937,0.7916536167819971,2.3760465331760945,0.02960495331105672,0.0,0.0,0.0,43.08692793276222
1050,pc3,0,tabpfgen,0.1500207557842543,0.06944159790345714,2.3150604005682047,0.018073243169276023,0.8,1.0,0.7964148527528809,0.07838272587527129
1050,pc3,0,tvae,0.33292228178288696,0.5641797400241574,2.358003554813576,0.02915627732599231,0.1375,0.18181818181818182,0.2560819462227913,1.6155343902814148
1050,pc3,1,ctgan,0.5236248197152162,0.7205128461129509,6119952406123.657,0.029206194951273207,0.0,0.0,0.0,4.636905536404452
1050,pc3,1,nflow,0.18816018431656675,0.7608448243270791,6119952406123.656,0.028107557881462925,0.0,0.010243277848911651,0.04481434058898848,3.8354620742238335
1050,pc3,1,rtvae,0.5057758213982105,0.7695686262531997,6119952406123.659,0.029843096195546318,0.0,0.006402048655569782,0.011523687580025609,2.0600946811904564
1050,pc3,1,smote,0.09489411844083742,0.17032345591774647,9352133474723.938,0.0195058115369985,0.7,0.6440460947503202,0.617157490396927,0.7956266107232253
1050,pc3,1,tabddpm,0.5120994057939552,0.9112309060211229,6119952406123.674,0.03078610851552286,0.0,0.0,0.0,27.616262649935244
1050,pc3,1,tabpfgen,0.15154667314935255,0.04238172599926495,6119952406123.631,0.020218982355004547,0.75,1.0,0.7874519846350833,0.07140515902637556
1050,pc3,1,tvae,0.33034194809838285,0.7229447585731145,6119952406123.655,0.01977697950753826,0.1875,0.1677336747759283,0.2573623559539053,1.5443041293672934
1050,pc3,2,ctgan,0.38151913489885114,0.6665408307507203,3807173595104925.5,0.018521562844804648,0.0125,0.0038412291933418692,0.04225352112676056,4.715977270314211
1050,pc3,2,nflow,0.19156728008958662,0.7977944926090463,3807173595104925.5,0.0172565632656777,0.0,0.002560819462227913,0.0038412291933418692,4.517128536349508
1050,pc3,2,rtvae,0.4111366441137,0.6926958489330375,3807173595104925.5,0.01930398948986063,0.2,0.2112676056338028,0.19078104993597952,1.60629270984069
1050,pc3,2,smote,0.09107332189536184,0.09448313020326993,3851104768008600.0,0.018810843917437967,0.7,0.6389244558258643,0.6030729833546735,0.8060216812487586
1050,pc3,2,tabddpm,0.5653379629300949,0.8645314955110536,3807173595104925.5,0.022685328465289267,0.0,0.0,0.0,40.93670770779058
1050,pc3,2,tabpfgen,0.1393729096578029,0.11720877568307651,3807173595104925.5,0.019055523267757474,0.8,1.0,0.8028169014084507,0.07699222930666844
1050,pc3,2,tvae,0.32210223838694735,0.5758071196891371,3807173595104925.5,0.020264750422808276,0.2,0.17157490396927016,0.23431498079385404,1.538673639398158
1063,kc2,0,ctgan,0.4169499568050293,1.0906326324155458,0.22489749273123444,0.1042113226941691,0.037037037037037035,0.0,0.0,7.413428799079321
1063,kc2,0,nflow,0.2693068158698347,1.0230198181175592,0.22615807780603497,0.10314303082417313,0.1111111111111111,0.06513409961685823,0.23754789272030652,5.253777635087918
1063,kc2,0,rtvae,0.5239610684075952,0.7229254216058314,0.22169020922540625,0.12123325294879078,0.2222222222222222,0.39846743295019155,0.05747126436781609,1.9397033823788215
1063,kc2,0,smote,0.07509010045241929,0.04926022735482662,0.07292792781489169,0.03216910612666203,0.7407407407407407,0.6819923371647509,0.6168582375478927,0.5357504790768708
1063,kc2,0,tabddpm,0.5342306868622071,1.3482586374876189,0.26403416464845986,0.1291739307834387,0.0,0.0,0.0,63.4202935025784
1063,kc2,0,tabpfgen,0.18612698105619147,0.06871263193439452,0.13313033211059574,0.01692142781548262,0.7777777777777778,1.0,0.789272030651341,0.18774377971979803
1063,kc2,0,tvae,0.3933279210517824,0.8229232911759256,0.22596680202354114,0.12726637964577459,0.2222222222222222,0.1685823754789272,0.22988505747126436,2.982735554494188
1063,kc2,1,ctgan,0.45843993629633045,1.2659812718982009,0.2772717046226776,0.12093572512124401,0.0,0.0,0.0,21.38945483936334
1063,kc2,1,nflow,0.3112797996472697,1.1361123179756225,0.28344470641880426,0.1228955078879414,0.18867924528301888,0.0,0.0,8.41791264096359
1063,kc2,1,rtvae,0.5869775100716248,0.828627971503636,0.2863301034474771,0.11003249961937488,0.0,0.0,0.0,6.616086327408627
1063,kc2,1,smote,0.07923189232151497,0.08838867419082987,0.10320392602279167,0.028092785008201285,0.7547169811320755,0.6666666666666666,0.6283524904214559,0.5793536825927605
1063,kc2,1,tabddpm,0.5377753441995908,1.3381479915956498,0.3078186466898677,0.12907277113289709,0.0,0.0,0.0,71.61899178547466
1063,kc2,1,tabpfgen,0.18700759685782728,0.09821468271559045,0.1655569366485231,0.018177787254825734,0.7924528301886793,1.0,0.8467432950191571,0.2125447846887323
1063,kc2,1,tvae,0.4298904338107052,0.8278628362737627,0.28238888726314115,0.12015437765125589,0.32075471698113206,0.06896551724137931,0.2796934865900383,3.1236121193716255
1063,kc2,2,ctgan,0.33750579466159175,1.1968942200992447,0.2496257916618801,0.07934202494437777,0.037037037037037035,0.0,0.0,9.732555768230645
1063,kc2,2,nflow,0.31789611213714947,1.1647685429924373,0.24823617570836046,0.1053752819121053,0.05555555555555555,0.011494252873563218,0.19923371647509577,5.9572278878067815
1063,kc2,2,rtvae,0.5659794110881068,1.029933505875256,0.25366386422436005,0.08751077226147579,0.0,0.0,0.0,8.26848962556087
1063,kc2,2,smote,0.0824323288091404,0.07792485482832716,0.10661405813761482,0.02220181120315003,0.7222222222222222,0.6781609195402298,0.6168582375478927,0.6288753441132333
1063,kc2,2,tabddpm,0.5281509300720626,1.3833618393074945,0.2622747922169186,0.10277740998630527,0.0,0.0,0.0,127.83449421135518
1063,kc2,2,tabpfgen,0.18779234721263705,0.16615259404731658,0.1749769261106251,0.03673638420774461,0.7962962962962963,1.0,0.789272030651341,0.2701974455601128
1063,kc2,2,tvae,0.4347421220362697,0.9940830108182247,0.256472717791946,0.09561552556796613,0.2037037037037037,0.10727969348659004,0.21839080459770116,2.9113598922240396
1068,pc1,0,ctgan,0.49626400543460375,0.9600330255112607,3.461864716238225e+17,0.022016705485773422,0.0,0.0,0.0,10.905713491747468
1068,pc1,0,nflow,0.18454203025716454,0.9686091679779975,3.461864716238225e+17,0.020616341907072473,0.0,0.005415162454873646,0.018050541516245487,5.571675973403493
1068,pc1,0,rtvae,0.369222698372608,0.8845084408165996,3.461864716238225e+17,0.02334039257331668,0.02631578947368421,0.11552346570397112,0.03790613718411552,2.0019908777031636
1068,pc1,0,smote,0.09152726778185774,0.09819704967379052,3.461864716238225e+17,0.010871482777459947,0.7894736842105263,0.6389891696750902,0.5667870036101083,0.6172961759602036
1068,pc1,0,tabddpm,0.5959896611705859,0.3699814581670505,3.461864716238225e+17,0.05165721865312435,0.0,0.19855595667870035,0.3140794223826715,8.346495704437867
1068,pc1,0,tabpfgen,0.1648453154739294,0.07729812764820446,3.461864716238225e+17,0.016164912746400497,0.6578947368421053,1.0,0.7581227436823105,0.16620397845142978
1068,pc1,0,tvae,0.29158029056532286,0.776057484938239,3.461864716238225e+17,0.02356312005577606,0.21052631578947367,0.10469314079422383,0.15703971119133575,2.0506312319894513
1068,pc1,1,ctgan,0.421296261752885,0.8653739728579783,0.23309611881112682,0.02589889995488532,0.02631578947368421,0.0,0.0,5.453100961943109
1068,pc1,1,nflow,0.278331851718741,0.9462102557479286,0.23572204364309796,0.025238028193723734,0.18421052631578946,0.019855595667870037,0.0776173285198556,4.332002144100622
1068,pc1,1,rtvae,0.45823539355376497,0.7512996676584929,0.23779629917229408,0.024818145059087755,0.02631578947368421,0.18772563176895307,0.039711191335740074,1.5816723202461438
1068,pc1,1,smote,0.11887276330360785,0.2387130617560814,0.1599503337413421,0.01699098657876835,0.6578947368421053,0.7274368231046932,0.6335740072202166,0.5165830800987026
1068,pc1,1,tabddpm,0.5251174291571479,0.3826363976454868,0.2378362018822982,0.025771851620749242,0.05263157894736842,0.26714801444043323,0.38267148014440433,2.6377872714210233
1068,pc1,1,tabpfgen,0.19033226850300608,0.1921333381711629,0.17621475498433886,0.013925032581116744,0.6578947368421053,1.0,0.7978339350180506,0.16862447124180138
1068,pc1,1,tvae,0.33869370139831945,0.7313001203946202,0.2409107444365132,0.025225598599472075,0.18421052631578946,0.11552346570397112,0.19855595667870035,1.8513032188779224
1068,pc1,2,ctgan,0.3158797608718179,1.0481929937326755,0.2273580585395308,0.02117953887799729,0.10526315789473684,0.0,0.0,7.433072117997658
1068,pc1,2,nflow,0.2092970861445464,0.8846878712907369,0.22869762705257957,0.020903481741433222,0.13157894736842105,0.005415162454873646,0.018050541516245487,7.825944444609589
1068,pc1,2,rtvae,0.5274569576842401,0.9675437355973143,0.23599400290058256,0.02392389903788998,0.21052631578947367,0.1299638989169675,0.021660649819494584,2.004404677909489
1068,pc1,2,smote,0.08897000252569408,0.07973655278097304,0.12820147033272555,0.027546343383888578,0.6842105263157895,0.6570397111913358,0.6263537906137184,0.6960775287303123
1068,pc1,2,tabddpm,0.4046076726089241,0.456067809295463,0.24019761227353315,0.02078565800201511,0.15789473684210525,0.26353790613718414,0.33393501805054154,2.2730956617471825
1068,pc1,2,tabpfgen,0.12916830431590315,0.16369459606322803,0.15769032438857772,0.018155437715233685,0.868421052631579,1.0,0.7978339350180506,0.17014502367857604
1068,pc1,2,tvae,0.3902012035957781,0.9025161306164768,0.23599915827958912,0.02260643304110967,0.3157894736842105,0.09566787003610108,0.14620938628158844,2.1997417248496625
11,balance-scale,0,ctgan,0.17433403974113573,0.11906223459724669,0.0875896994603911,0.07032230284885,0.4583333333333333,0.8173076923076923,0.7019230769230769,0.0
11,balance-scale,0,nflow,0.13547719605428565,0.0682686334335659,0.057342200981484646,0.04759234184451949,0.3333333333333333,0.8269230769230769,0.657051282051282,0.0
11,balance-scale,0,rtvae,0.12595587283087284,0.05494242639284397,0.02412948865725006,0.050838683206840096,0.5,0.8301282051282052,0.7051282051282052,0.0
11,balance-scale,0,smote,0.15393518518518517,0.08011936471582054,0.054034549210481564,0.037077469388575146,0.75,0.9935897435897436,0.8653846153846154,0.32491781306842066
11,balance-scale,0,tabddpm,0.05899523590754934,0.06856768693491846,0.0385191625059277,0.05618281835161287,0.7083333333333334,0.9006410256410257,0.7948717948717948,0.0
11,balance-scale,0,tabpfgen,0.21532421498698473,0.10263290428475938,0.07909810446028352,0.09532009186846446,0.875,0.9967948717948718,0.8173076923076923,0.3085829620809568
11,balance-scale,0,tvae,0.16442434879934878,0.07177013527810197,0.0566314586589689,0.05691387597055236,0.4166666666666667,0.7980769230769231,0.6858974358974359,0.0
11,balance-scale,1,ctgan,0.13538262527233114,0.17404448365007513,0.10348300355525543,0.061997555689527306,0.08333333333333333,0.8333333333333334,0.6506410256410257,0.0
11,balance-scale,1,nflow,0.15104022889348975,0.04922748593182519,0.06801288604292656,0.06908834875395603,0.375,0.8108974358974359,0.6474358974358975,0.0
11,balance-scale,1,rtvae,0.17329210895387367,0.015150537769067857,0.05140051074929438,0.05634721071482063,0.375,0.8076923076923077,0.6666666666666666,0.0
11,balance-scale,1,smote,0.16782407407407407,0.05771051497268831,0.05913987629577206,0.05603205139893813,0.6666666666666666,1.0,0.8205128205128205,0.24678263388440153
11,balance-scale,1,tabddpm,0.057678660803660804,0.04472810662485091,0.05062367391598449,0.021614823155587493,0.7916666666666666,0.907051282051282,0.7756410256410257,0.0
11,balance-scale,1,tabpfgen,0.22324074074074077,0.11259120557101354,0.07424447276013557,0.11805058305817273,0.75,0.9871794871794872,0.7884615384615384,0.39843352745428745
11,balance-scale,1,tvae,0.16305725363827134,0.02367844769975591,0.06512090325367571,0.0779292549391355,0.3333333333333333,0.8141025641025641,0.6987179487179487,0.0
11,balance-scale,2,ctgan,0.10061116757000903,0.18653240997481457,0.08665564861821586,0.04567402558559219,0.3333333333333333,0.8493589743589743,0.7435897435897436,0.4999999999992923
11,balance-scale,2,nflow,0.15763387531366985,0.07707577137490296,0.04483288580282629,0.052217520091490055,0.375,0.8461538461538461,0.7435897435897436,0.0
11,balance-scale,2,rtvae,0.15181370631194577,0.08227317173505916,0.03272118479301981,0.052974131967468086,0.4583333333333333,0.8621794871794872,0.7435897435897436,0.0
11,balance-scale,2,smote,0.15914351851851852,0.042886648133939886,0.038106421191112745,0.04353650462040398,0.8333333333333334,1.0,0.8461538461538461,0.2703837114989653
11,balance-scale,2,tabddpm,0.0630583983105913,0.0772033016602432,0.059390441677295784,0.046699584018193574,0.6666666666666666,0.9391025641025641,0.8333333333333334,0.0
11,balance-scale,2,tabpfgen,0.25254689312115164,0.24189200631008329,0.11105516634443442,0.16794614666811736,0.875,0.9871794871794872,0.7211538461538461,0.46663178336349015
11,balance-scale,2,tvae,0.14247065681698265,0.06070215755677352,0.049628529957368904,0.04931926927450636,0.25,0.875,0.7564102564102564,0.0
14,mfeat-fourier,0,ctgan,0.43222115425622726,0.40050730075758656,0.07186559940904581,0.17895410615077526,0.0,0.0,0.0,1.9021166697685226
14,mfeat-fourier,0,nflow,0.27122247348440603,0.4358157206065218,0.06619304020457963,0.1788759890697395,0.0,0.0,0.0,1.510186249096602
14,mfeat-fourier,0,rtvae,0.45048802651819475,0.2331266263490179,0.06940395383973207,0.15299975312046976,0.0,0.0,0.0,1.9557433828379591
14,mfeat-fourier,0,smote,0.11030263157894739,0.1351659050048126,0.03339991374005987,0.09926825997231889,0.87,0.999,0.839,0.29259644497904214
14,mfeat-fourier,0,tabddpm,0.7037683340092836,0.17918232017119914,0.06412440405093262,0.10633922318448946,0.0,0.0,0.0,3.5194692643716055
14,mfeat-fourier,0,tabpfgen,0.08564366284015706,0.04082190998735874,0.025823723312333065,0.21360283373585354,0.8,1.0,0.8,0.020144696535084133
14,mfeat-fourier,0,tvae,0.25858946206464156,0.39773613697244636,0.059409880646767846,0.15683518282730213,0.04,0.015,0.03,1.2542897771015311
14,mfeat-fourier,1,ctgan,0.41068244623065675,0.3734212319105135,0.07270499604825846,0.19190618126533784,0.0,0.0,0.0,1.893448290161112
14,mfeat-fourier,1,nflow,0.25073960077429985,0.48504217834066055,0.06680526256825886,0.1916567311487981,0.0,0.0,0.0,1.5178662865455383
14,mfeat-fourier,1,rtvae,0.4820052137094338,0.1982587796077141,0.07110231780393092,0.16047039765275864,0.0,0.0,0.0,1.9044771831959437
14,mfeat-fourier,1,smote,0.10389473684210528,0.1052828484802338,0.03163242512893468,0.08319435009822847,0.86,0.997,0.854,0.24958312390500337
14,mfeat-fourier,1,tabddpm,0.7097168727163388,0.2095790422100173,0.06388806061350519,0.11236393956326235,0.0,0.0,0.0,3.6242216910027993
14,mfeat-fourier,1,tabpfgen,0.08577269924926968,0.026871055591362953,0.028715708663659932,0.22358777398994892,0.82,1.0,0.782,0.02045307063846228
14,mfeat-fourier,1,tvae,0.26581083367269814,0.3841780105980959,0.061391154958760005,0.1729895428942622,0.02,0.026,0.07,1.2455823824111243
14,mfeat-fourier,2,ctgan,0.6412573454752712,0.2147743139882036,0.0721172768710246,0.18582025182023063,0.0,0.0,0.0,2.1423431951749636
14,mfeat-fourier,2,nflow,0.25865648392827634,0.45142183839273126,0.06683081084515505,0.1824823281084252,0.0,0.0,0.0,1.4749241272822264
14,mfeat-fourier,2,rtvae,0.46170588376496396,0.18344646649311777,0.07173994890144958,0.1574076311183877,0.0,0.0,0.0,1.9523820003779235
14,mfeat-fourier,2,smote,0.10953947368421052,0.13199196644454372,0.029566050991518943,0.10273103283512738,0.86,0.999,0.859,0.275997007001703
14,mfeat-fourier,2,tabddpm,0.7185596954171055,0.17250401355232114,0.06682378379855716,0.09719389490427406,0.0,0.0,0.0,3.5896980364518862
14,mfeat-fourier,2,tabpfgen,0.08474910222432977,0.03423346494578031,0.027455399567243428,0.2117439484983368,0.82,1.0,0.803,0.020092153977451874
14,mfeat-fourier,2,tvae,0.2630724949649918,0.39211465011304675,0.0610839322989287,0.16212461127940062,0.03,0.027,0.045,1.2373021788077785
1462,banknote-authentication,0,ctgan,0.4420805423143828,0.05879698892920653,0.22013046692586277,0.1368852446175473,0.006557377049180328,0.004373177842565598,0.007288629737609329,6.280706803736189
1462,banknote-authentication,0,nflow,0.11445649520986248,0.2705703957013544,0.1626365921963555,0.08739765213198059,0.02622950819672131,0.021865889212827987,0.03206997084548105,3.546191553502259
1462,banknote-authentication,0,rtvae,0.34560398558452055,0.5379561992024382,0.28365843461142715,0.18879014935014887,0.009836065573770493,0.01749271137026239,0.004373177842565598,3.5155486995603438
1462,banknote-authentication,0,smote,0.045506862871649234,0.01342890421657976,0.029490231233974106,0.023129278867244585,0.7278688524590164,0.9139941690962099,0.7565597667638484,0.3819453335306898
1462,banknote-authentication,0,tabddpm,0.04737214269300166,0.05003349346863188,0.0301691909260966,0.056235282471559234,0.23278688524590163,0.1793002915451895,0.20116618075801748,1.557811619445191
1462,banknote-authentication,0,tabpfgen,0.06087775332429042,0.020804491070416563,0.07477323190386025,0.014674560258574443,0.5540983606557377,0.6938775510204082,0.5422740524781341,0.8059918612342695
1462,banknote-authentication,0,tvae,0.2262839754546658,0.3329155440220817,0.21744134589224637,0.15226019183608586,0.03934426229508197,0.037900874635568516,0.043731778425655975,2.6134246174254403
1462,banknote-authentication,1,ctgan,0.48408363916752484,0.08639694533367621,0.36271120053306904,0.1787426593185924,0.0,0.0,0.0,7.470526746462626
1462,banknote-authentication,1,nflow,0.13976287302906687,0.1172512415545666,0.1793938818821931,0.09985448027573024,0.036065573770491806,0.029154518950437316,0.03935860058309038,3.92287489886881
1462,banknote-authentication,1,rtvae,0.3427654095641357,0.5625491574360806,0.31583676350127976,0.1622136134006344,0.006557377049180328,0.011661807580174927,0.0029154518950437317,3.725820808688151
1462,banknote-authentication,1,smote,0.043783615162858745,0.015155860002699924,0.043822020994617204,0.05429944207588849,0.6918032786885245,0.8892128279883382,0.7303206997084548,0.3592563406065524
1462,banknote-authentication,1,tabddpm,0.0521672847023609,0.053218760865395884,0.03718845062845363,0.039998990579794946,0.1901639344262295,0.1661807580174927,0.19533527696793002,1.6550338531562119
1462,banknote-authentication,1,tabpfgen,0.05127690957262657,0.012717219195618565,0.02739368882895772,0.02183531459939847,0.7475409836065574,0.956268221574344,0.750728862973761,0.5160772940291164
1462,banknote-authentication,1,tvae,0.23831327261556132,0.31432398027462943,0.19575463340552546,0.1301211341032113,0.04590163934426229,0.05539358600583091,0.05830903790087463,2.8294443547077366
1462,banknote-authentication,2,ctgan,0.3392256474102542,0.3005154381137012,0.2928826041106836,0.17414431931877006,0.0,0.01020408163265306,0.013119533527696793,5.05077742818191
1462,banknote-authentication,2,nflow,0.16946610511402554,0.24408782614601562,0.16973337495281504,0.14643330237955265,0.019672131147540985,0.02040816326530612,0.026239067055393587,3.4846933571588434
1462,banknote-authentication,2,rtvae,0.33497775993661494,0.5496067666970115,0.3052623570161996,0.18530388901272793,0.0,0.014577259475218658,0.004373177842565598,3.851805972551162
1462,banknote-authentication,2,smote,0.05722860462114367,0.03327483514190488,0.03588369803681721,0.04003645664417571,0.7442622950819672,0.9037900874635568,0.7536443148688047,0.39552250718032933
1462,banknote-authentication,2,tabddpm,0.05114079198621936,0.007737822698897001,0.03739220927313588,0.026022879150031875,0.16721311475409836,0.17346938775510204,0.20116618075801748,1.5567780230232273
1462,banknote-authentication,2,tabpfgen,0.07325540132881937,0.042693680595532746,0.059976730468943175,0.04605518385808327,0.36721311475409835,0.4446064139941691,0.37317784256559766,1.0640484156259322
1462,banknote-authentication,2,tvae,0.23598334220160988,0.29123502633386744,0.1902817194944327,0.131465803441293,0.022950819672131147,0.04081632653061224,0.03498542274052478,2.530604466511719
1464,blood-transfusion-service-center,0,ctgan,0.3134340559400088,0.4319046148893623,0.4669784073703096,0.025435882119636155,0.12359550561797752,0.0213903743315508,0.0374331550802139,3.778764080005586
1464,blood-transfusion-service-center,0,nflow,0.1189778103327778,0.24203973934526724,0.42358377344171866,0.018605205196433716,0.15730337078651685,0.13101604278074866,0.2700534759358289,2.0306829969675624
1464,blood-transfusion-service-center,0,rtvae,0.29364350416411306,0.6150404564499456,0.5740177533652606,0.015239287551712222,0.0449438202247191,0.07219251336898395,0.013368983957219251,3.6992939510603233
1464,blood-transfusion-service-center,0,smote,0.11813522570471122,0.12051307056690691,0.6945932551721049,0.09026937740104274,0.550561797752809,0.679144385026738,0.6336898395721925,0.6666666666611871
1464,blood-transfusion-service-center,0,tabddpm,0.10407161727756051,0.05076290048791666,0.676127541552434,0.03140789971314106,0.38202247191011235,0.27807486631016043,0.3770053475935829,1.634607293184726
1464,blood-transfusion-service-center,0,tabpfgen,0.14240401959350474,0.04841200739311056,0.6610024075745969,0.026440605278026108,0.6404494382022472,0.32887700534759357,0.5053475935828877,1.2033787874653488
1464,blood-transfusion-service-center,0,tvae,0.27181457022865674,0.40902645743141164,0.5812275743527542,0.02074624763917915,0.0898876404494382,0.20053475935828877,0.16310160427807488,1.6081933299655626
1464,blood-transfusion-service-center,1,ctgan,0.3567436074631426,0.41657312576331074,0.5795608306704787,0.03159946272789066,0.056179775280898875,0.0,0.0,4.420241060354961
1464,blood-transfusion-service-center,1,nflow,0.15221181834960862,0.45668102059514476,0.4684178168168989,0.03543940898996645,0.3707865168539326,0.040106951871657755,0.1443850267379679,4.400308469244631
1464,blood-transfusion-service-center,1,rtvae,0.2942640495725718,0.6158649676117387,0.5601769667373898,0.03189316359228528,0.11235955056179775,0.0,0.0,5.91078568121218
1464,blood-transfusion-service-center,1,smote,0.08583185491819437,0.08084804127539891,0.6935504877872396,0.03237525690358206,0.6741573033707865,0.5106951871657754,0.5267379679144385,0.999999999987405
1464,blood-transfusion-service-center,1,tabddpm,0.10267185901941082,0.09722130290798933,0.6867474373232088,0.0369838643548559,0.5280898876404494,0.11229946524064172,0.232620320855615,2.532185023718464
1464,blood-transfusion-service-center,1,tabpfgen,0.12444524988925133,0.014383495933028479,0.6907135981680849,0.042213262009309194,0.7752808988764045,1.0,0.786096256684492,0.3370766655476658
1464,blood-transfusion-service-center,1,tvae,0.24750598886669328,0.4219456406937404,0.5518592530247292,0.0449901654915959,0.3707865168539326,0.06149732620320856,0.06417112299465241,3.0987104263283602
1464,blood-transfusion-service-center,2,ctgan,0.33129441886994354,0.3421871746900254,0.5418662766370791,0.022390224850491747,0.0,0.0,0.0,3.8011971784625658
1464,blood-transfusion-service-center,2,nflow,0.18158149785830108,0.38982949686057994,0.5028233229026409,0.024546921607416783,0.07865168539325842,0.11229946524064172,0.2914438502673797,2.2889350031478224
1464,blood-transfusion-service-center,2,rtvae,0.2747504364329231,0.5526720356756368,0.5375190965852551,0.0142295651675165,0.07865168539325842,0.008021390374331552,0.0053475935828877,3.5448549556671187
1464,blood-transfusion-service-center,2,smote,0.06695742164399764,0.02461424275397925,0.6781040437108068,0.02730856800544984,0.550561797752809,0.5909090909090909,0.5855614973262032,0.6666666666614022
1464,blood-transfusion-service-center,2,tabddpm,0.10103379547495456,0.18556882730057878,0.6849040893647165,0.029580039808631997,0.34831460674157305,0.22727272727272727,0.339572192513369,1.5707575328039178
1464,blood-transfusion-service-center,2,tabpfgen,0.3343193229451306,0.20207987798831165,0.6384179501725871,0.18184231547405186,0.0,0.0748663101604278,0.18716577540106952,3.5261724069078113
1464,blood-transfusion-service-center,2,tvae,0.2338499883707792,0.39987415165795465,0.5260614685538482,0.019496828943872335,0.1797752808988764,0.08288770053475936,0.12834224598930483,1.8168744749597368
1494,qsar-biodeg,0,ctgan,0.40710881698567153,0.17929921509902536,0.12264231574797528,0.057210970369309444,0.0,0.0,0.0,4.632251351461273
1494,qsar-biodeg,0,nflow,0.14680587950805954,0.37970911429902865,0.11660015973649528,0.05644744346263167,0.0,0.0,0.0,3.295577451631149
1494,qsar-biodeg,0,rtvae,0.4617498500265969,1.0378480661670018,0.1210095078889859,0.07046023935387698,0.0,0.0,0.0,3.98178980207963
1494,qsar-biodeg,0,smote,0.06954431131188746,0.1897266465113772,0.06314080089990415,0.027180843789708715,0.5955056179775281,0.8064516129032258,0.6072106261859582,0.582167507462455
1494,qsar-biodeg,0,tabddpm,0.3816102469585913,0.19320086886006915,0.1285496754874917,0.05260258397913951,0.0,0.0,0.0,14.813560383996686
1494,qsar-biodeg,0,tabpfgen,0.4364948762595859,0.13788440827181586,0.08205893859354121,0.2345752712060452,0.25280898876404495,0.33396584440227706,0.1650853889943074,1.1900050179708737
1494,qsar-biodeg,0,tvae,0.1701939008811473,0.3256872462965447,0.10940298751469708,0.05520617518641308,0.028089887640449437,0.08349146110056926,0.0967741935483871,1.4476066339855747
1494,qsar-biodeg,1,ctgan,0.3488606308317054,0.41250372758475823,0.12095386402098245,0.05175073884395347,0.0,0.0,0.0,4.684067502004092
1494,qsar-biodeg,1,nflow,0.14830194034144004,0.5114935176371374,0.11314923477932906,0.05183708978809005,0.0,0.0018975332068311196,0.007590132827324478,2.594741800811481
1494,qsar-biodeg,1,rtvae,0.26261690915717495,0.19800781728509725,0.11253478460442291,0.04866159570990464,0.02247191011235955,0.0872865275142315,0.0683111954459203,1.4850817534863943
1494,qsar-biodeg,1,smote,0.05698444681237,0.15703941457992038,0.057566529825781,0.022175133501826483,0.6629213483146067,0.8064516129032258,0.6717267552182163,0.570846289152175
1494,qsar-biodeg,1,tabddpm,0.37532795776795985,0.3489912742191294,0.12506171964181226,0.05246103189406835,0.0,0.0,0.0,12.218077557025758
1494,qsar-biodeg,1,tabpfgen,0.4192409980600898,0.1540404187917086,0.0803615677950988,0.19071484160566618,0.3707865168539326,0.47438330170777987,0.33586337760910817,1.0207444591639847
1494,qsar-biodeg,1,tvae,0.17642317916376973,0.3547755359338066,0.10974230054871313,0.04311139014210432,0.033707865168539325,0.1442125237191651,0.1347248576850095,1.293505377179765
1494,qsar-biodeg,2,ctgan,0.2709135171667138,0.47945283871211974,0.12722957750774586,0.05505342333401675,0.0,0.0,0.0,3.351946040587774
1494,qsar-biodeg,2,nflow,0.15420759235617515,0.3603606310262094,0.1247176993782728,0.052803749377013015,0.0,0.0,0.0,2.9670067771332187
1494,qsar-biodeg,2,rtvae,0.36523823862967747,0.31028617102500505,0.11935202451911288,0.05082442494732098,0.0,0.0,0.0,4.02932654821504
1494,qsar-biodeg,2,smote,0.058923981999228894,0.1864954797459223,0.05683468700028994,0.026112502376413473,0.6292134831460674,0.7552182163187856,0.6318785578747628,0.6360183751567237
1494,qsar-biodeg,2,tabddpm,0.39221545491200344,0.17792289167275963,0.12437789737895402,0.056413789839000555,0.0,0.0,0.0,15.223543171946456
1494,qsar-biodeg,2,tabpfgen,0.4678104518799843,0.25132513452890504,0.09105187519484452,0.2174389442817539,0.23595505617977527,0.23529411764705882,0.12144212523719165,1.3367024992749528
1494,qsar-biodeg,2,tvae,0.1729385247412704,0.36644012845747204,0.11743681257681776,0.04747566850100393,0.07303370786516854,0.1062618595825427,0.1062618595825427,1.4087972485055966
1510,wdbc,0,ctgan,0.5076670245001712,0.4674238422163513,0.17909102949639868,0.15519216854945425,0.0,0.0,0.0,3.563737658867192
1510,wdbc,0,nflow,0.23023206645686367,0.5444377932631911,0.1669270052016809,0.174776962245749,0.0,0.007042253521126761,0.007042253521126761,1.7521705367292337
1510,wdbc,0,rtvae,0.5195554059584311,0.704470751551711,0.16840523586786332,0.18137748237158816,0.10377358490566038,0.4507042253521127,0.2147887323943662,1.0421889668457427
1510,wdbc,0,smote,0.09535191859232563,0.13944354032984108,0.055857434345765476,0.0565565186035778,0.7641509433962265,0.9154929577464789,0.7640845070422535,0.44813884154374495
1510,wdbc,0,tabddpm,0.7143906836338466,0.17113406235534298,0.16814708582365523,0.0916641622470093,0.1509433962264151,0.028169014084507043,0.1056338028169014,7.310188010940865
1510,wdbc,0,tabpfgen,0.07768599676559147,0.04909563862589121,0.05632019950730347,0.07137699472161414,0.7735849056603774,1.0,0.7922535211267606,0.042006669412167116
1510,wdbc,0,tvae,0.36272341604229186,0.6685415481917845,0.16195188924464202,0.17095185753759265,0.12264150943396226,0.3908450704225352,0.30985915492957744,1.0958251714824645
1510,wdbc,1,ctgan,0.5468646901556184,0.7509861595507802,0.16479757302184983,0.2165060990901295,0.0,0.0,0.0,3.1141540809036723
1510,wdbc,1,nflow,0.2644934830691516,0.648364148869227,0.15224591552718555,0.20711817921920433,0.018867924528301886,0.056338028169014086,0.12323943661971831,1.7453488639672674
1510,wdbc,1,rtvae,0.5228864874343784,0.5799814870221393,0.15850946493012927,0.17295969308973316,0.25471698113207547,0.4014084507042254,0.20774647887323944,1.0608114160190885
1510,wdbc,1,smote,0.10475938096247615,0.21226839771102032,0.07420696773008177,0.07587620335537633,0.8018867924528302,0.9154929577464789,0.7922535211267606,0.40812006377346716
1510,wdbc,1,tabddpm,0.7152515723270441,0.21949125255223287,0.16342893368398145,0.0972363586216908,0.0,0.03873239436619718,0.18661971830985916,7.663494212379697
1510,wdbc,1,tabpfgen,0.0783370867004167,0.09971590847347284,0.07835155565196562,0.0770390431858992,0.7830188679245284,1.0,0.8028169014084507,0.03341996894333789
1510,wdbc,1,tvae,0.34936046922478975,0.6079051280781962,0.15190707871889858,0.17124670372375986,0.32075471698113206,0.3732394366197183,0.2992957746478873,1.1086967968776873
1510,wdbc,2,ctgan,0.5909388207444032,0.5211226946969231,0.17233143266271742,0.20712004031843823,0.0,0.0,0.0,2.767199148231219
1510,wdbc,2,nflow,0.23468624355278908,0.6903290891318093,0.15911968172789623,0.19487638915689232,0.0,0.028169014084507043,0.056338028169014086,1.8184607455538615
1510,wdbc,2,rtvae,0.555455446331599,0.6366229715126432,0.16100446765773221,0.20546864654762828,0.16037735849056603,0.5598591549295775,0.20774647887323944,0.944854004409891
1510,wdbc,2,smote,0.0932690269238923,0.08282692556875701,0.06954755222402105,0.04421610068725223,0.7924528301886793,0.8908450704225352,0.823943661971831,0.44828938323322787
1510,wdbc,2,tabddpm,0.7819513638612113,0.22589895787476488,0.16495629020663508,0.10409138690219749,0.0,0.007042253521126761,0.03169014084507042,7.326855360097801
1510,wdbc,2,tabpfgen,0.07446467998871995,0.08007320075390734,0.08266431945152755,0.06929551968443182,0.7924528301886793,1.0,0.8309859154929577,0.03382366766117311
1510,wdbc,2,tvae,0.3744146221696136,0.5152747596602346,0.14874954149806655,0.19215800194988616,0.1320754716981132,0.5704225352112676,0.33098591549295775,0.9462847149050112
16,mfeat-karhunen,0,ctgan,0.6077660696725659,0.5417918855553189,0.24511034624617203,0.16129979627578941,0.0,0.0,0.0,2.462277480904406
16,mfeat-karhunen,0,nflow,0.26834853482556714,0.27945763538048124,0.23989386557078374,0.1656801235250138,0.0,0.0,0.0,1.3910920723890268
16,mfeat-karhunen,0,rtvae,0.47371060656780983,0.13521623896469537,0.24340864619575783,0.1379456462134882,0.0,0.0,0.0,1.9878419726006167
16,mfeat-karhunen,0,smote,0.109171875,0.13716075019348292,0.027291447521414155,0.09456627675778043,0.83,1.0,0.844,0.292651628960871
16,mfeat-karhunen,0,tabddpm,0.673130293127525,0.12648473199718874,0.234666200506059,0.10669392370866132,0.0,0.0,0.0,3.4932954173194073
16,mfeat-karhunen,0,tabpfgen,0.08394620250840884,0.035475200318430614,0.036085711993395976,0.13366173438006457,0.84,1.0,0.788,0.04383791429020134
16,mfeat-karhunen,0,tvae,0.26795685515593914,0.24573676872718295,0.23538678264270635,0.13839869263149313,0.09,0.084,0.078,1.121033999197253
16,mfeat-karhunen,1,ctgan,0.3437786985663516,0.3440111803819603,0.23991615679031486,0.17790487788884438,0.0,0.0,0.0,1.5316758576105394
16,mfeat-karhunen,1,nflow,0.2630148137429039,0.3394924291972522,0.23816307628701275,0.17749133937098832,0.0,0.0,0.0,1.385189477114399
16,mfeat-karhunen,1,rtvae,0.5497132996591033,0.12540980722695177,0.24011611494108173,0.15254579410016106,0.0,0.0,0.0,2.206560946390147
16,mfeat-karhunen,1,smote,0.10417187499999998,0.1239218561946706,0.032269657821157774,0.08700033306052585,0.86,1.0,0.868,0.24206785078231915
16,mfeat-karhunen,1,tabddpm,0.6707272200798583,0.0823235883981745,0.2317272954785638,0.11271008208276087,0.0,0.0,0.0,3.464530991355048
16,mfeat-karhunen,1,tabpfgen,0.09071531456755597,0.04154066085404847,0.02470792305691712,0.2227334325074608,0.81,1.0,0.79,0.01855681857288034
16,mfeat-karhunen,1,tvae,0.2701522587438262,0.25266432040681375,0.23180506229839112,0.1526740280280575,0.04,0.059,0.061,1.1250340111201045
16,mfeat-karhunen,2,ctgan,0.3078923397521788,0.38925139133381004,0.2345929281708469,0.1735502679784426,0.0,0.0,0.0,1.539477098120605
16,mfeat-karhunen,2,nflow,0.25352172097367315,0.28072736448281865,0.22848327130225013,0.1689954531212359,0.0,0.0,0.0,1.4034301018574589
16,mfeat-karhunen,2,rtvae,0.4991452914755614,0.18429302901416875,0.23262921636720954,0.14733648979904768,0.0,0.0,0.0,2.0283172679596846
16,mfeat-karhunen,2,smote,0.108171875,0.14795813717512613,0.03412521366174119,0.09706304122019876,0.86,1.0,0.855,0.26830548064119153
16,mfeat-karhunen,2,tabddpm,0.678094380421459,0.10482438666417096,0.224684171244665,0.10629669012779447,0.0,0.0,0.0,3.5150810037953675
16,mfeat-karhunen,2,tabpfgen,0.08380281151077186,0.02882154467295186,0.02315672203415151,0.2168498152985573,0.8,1.0,0.788,0.018380920867946852
16,mfeat-karhunen,2,tvae,0.266632820018588,0.2452975781986597,0.22412663370202904,0.13834423235813423,0.01,0.097,0.095,1.1126881501761834
18,mfeat-morphological,0,ctgan,0.4153504838285263,0.34285015115989104,0.28005061068245224,0.5260384328023713,0.0,0.012,0.012,10.735450934845742
18,mfeat-morphological,0,nflow,0.27426631619686975,0.2811283232119101,0.2027976614643444,0.708385529373159,0.08,0.133,0.218,4.554985439800683
18,mfeat-morphological,0,rtvae,0.46172270240131225,0.7357368706711694,0.2402255965138365,0.8543181821437434,0.03,0.039,0.005,12.270452042955249
18,mfeat-morphological,0,smote,0.09200000000000001,0.04089439499988785,0.031364322340884626,0.140533529682441,0.7,0.639,0.579,0.6482915280243112
18,mfeat-morphological,0,tabddpm,0.2626132630485506,0.06328306529487396,0.04506271550113046,0.4703170852200323,0.34,0.344,0.38,1.4739359002130203
18,mfeat-morphological,0,tabpfgen,0.2786009351699497,0.015042306718249618,0.03416249003980523,0.06984183027388353,0.89,1.0,0.81,0.3910509871572581
18,mfeat-morphological,0,tvae,0.3033304842458752,0.4818612431392644,0.22245767263301147,0.6763069541971879,0.19,0.091,0.13,7.302091351608624
18,mfeat-morphological,1,ctgan,0.4469306679001577,0.24829874000109278,0.3120226503287744,0.5284977831213767,0.0,0.015,0.02,13.75184627258932
18,mfeat-morphological,1,nflow,0.33994534199223947,0.4231740543278416,0.26709656244477437,0.7121097320845862,0.05,0.066,0.134,9.874311786477387
18,mfeat-morphological,1,rtvae,0.43297638779965164,0.543077691231798,0.306263816358461,0.6285892062640196,0.0,0.006,0.003,16.376228457464524
18,mfeat-morphological,1,smote,0.08049999999999999,0.040707170310862184,0.015408292961053118,0.13395814973769815,0.57,0.663,0.603,0.569612651110472
18,mfeat-morphological,1,tabddpm,0.28955242489991156,0.10701525061268301,0.14423643932817584,0.22665053224029683,0.0,0.294,0.355,1.7202923495250357
18,mfeat-morphological,1,tabpfgen,0.2837210124052863,0.024765034498164563,0.025845100333350843,0.0725869729029089,0.77,1.0,0.79,0.3813913434224753
18,mfeat-morphological,1,tvae,0.28196133875578205,0.3881727488796466,0.2474708316039508,0.604300469774103,0.05,0.109,0.153,5.947903096671681
18,mfeat-morphological,2,ctgan,0.408316646506622,0.24798727287325356,0.3272878946143283,0.5216147332690142,0.0,0.009,0.01,12.326907938370976
18,mfeat-morphological,2,nflow,0.33257842136975363,0.3258028422911945,0.2421257264085307,0.7085546897020881,0.1,0.064,0.135,8.914702287054675
18,mfeat-morphological,2,rtvae,0.42435075158189633,0.66479733260107,0.2638879320420245,0.8057764570703551,0.01,0.02,0.003,12.905951903538133
18,mfeat-morphological,2,smote,0.08416666666666668,0.02322368245926633,0.023392041446007428,0.14711115813040412,0.65,0.655,0.597,0.6320167878607431
18,mfeat-morphological,2,tabddpm,0.248051065539316,0.06368898855094098,0.10473422856722472,0.36145462486223906,0.58,0.276,0.298,1.6658775622018909
18,mfeat-morphological,2,tabpfgen,0.2813429584397481,0.027052123412161715,0.02810633902918424,0.07651890424523562,0.37,0.417,0.478,1.1955756396705162
18,mfeat-morphological,2,tvae,0.2804587469423775,0.42180979310442557,0.22286085874592926,0.6284717512181704,0.07,0.134,0.162,6.687759344784688
22,mfeat-zernike,0,ctgan,0.3893155835701654,0.8349225663185222,0.10553738068240814,0.25022593257822007,0.0,0.0,0.0,2.6164707947990045
22,mfeat-zernike,0,nflow,0.29444642256918,0.7842846588037898,0.09988915433295029,0.2534300416799267,0.0,0.0,0.0,1.984213631525192
22,mfeat-zernike,0,rtvae,0.4763251069568682,0.6467314448226691,0.10514423947592737,0.2044185725921382,0.0,0.0,0.0,2.6809498817806157
22,mfeat-zernike,0,smote,0.11240425531914897,0.055381685780573675,0.03040805801982861,0.1173932164843102,0.74,0.985,0.81,0.3379434615926233
22,mfeat-zernike,0,tabddpm,0.7446978020107552,0.20893572459193216,0.09615268206495103,0.10681135960669177,0.0,0.0,0.0,4.699649870877343
22,mfeat-zernike,0,tabpfgen,0.19500794298365223,0.13832239372679211,0.09380245120624217,0.2703645978704512,0.77,0.924,0.733,0.730323860311249
22,mfeat-zernike,0,tvae,0.2861816407441406,0.6297696023930701,0.09381479937821585,0.21307724792008248,0.03,0.016,0.046,1.432927468823769
22,mfeat-zernike,1,ctgan,0.34090745918274185,0.8568885783375026,0.1033532766730994,0.2580098764224294,0.0,0.0,0.0,2.541141359784235
22,mfeat-zernike,1,nflow,0.28478430737842947,0.8880742206099385,0.09805186516594419,0.255967921595428,0.0,0.0,0.0,2.0130279081285716
22,mfeat-zernike,1,rtvae,0.44331392409496867,0.5899544597289751,0.10270430026803361,0.2209220302296821,0.0,0.0,0.0,2.5171671708346937
22,mfeat-zernike,1,smote,0.10210638297872342,0.058592764038711304,0.02689369217490546,0.10514528719855983,0.8,0.98,0.813,0.2947519570879115
22,mfeat-zernike,1,tabddpm,0.7246621842462456,0.32224929988536616,0.09185691525620181,0.12067608331241216,0.0,0.004,0.01,4.66844602941151
22,mfeat-zernike,1,tabpfgen,0.19767753140222188,0.13912280712674122,0.09410222126026756,0.27993973694755336,0.75,0.886,0.659,0.7611828466511972
22,mfeat-zernike,1,tvae,0.2854443126138725,0.593342061832789,0.09234757777802749,0.2093250398337481,0.02,0.019,0.032,1.4598290894401258
22,mfeat-zernike,2,ctgan,0.44917165840735174,0.6791574481464271,0.10925525394790561,0.2466953106030601,0.0,0.0,0.0,2.3590233611022287
22,mfeat-zernike,2,nflow,0.29082794996002503,0.8459310933857591,0.1000240169533788,0.24115976732122937,0.0,0.0,0.0,1.9936220546859038
22,mfeat-zernike,2,rtvae,0.46891398067838996,0.5621083598002141,0.10660372576397761,0.21278340566868573,0.0,0.0,0.0,2.6228503302695483
22,mfeat-zernike,2,smote,0.10623404255319151,0.07486909419650305,0.029218508164768682,0.11218390251375338,0.79,0.977,0.819,0.32564709341234066
22,mfeat-zernike,2,tabddpm,0.7278843206630654,0.22699927079217883,0.09448045295649246,0.12735057004631048,0.0,0.0,0.0,4.76345296835617
22,mfeat-zernike,2,tabpfgen,0.18885116171822824,0.14116071252763707,0.09695767900619987,0.277929664941512,0.71,0.931,0.735,0.7320564525712544
22,mfeat-zernike,2,tvae,0.27707008783912707,0.6088738435236446,0.09487647959388071,0.20094002352009346,0.0,0.011,0.017,1.448034349183554
37,diabetes,0,ctgan,0.6212681835426177,0.30915011461535724,0.1526832107385138,0.052822461677284244,0.0,0.0,0.0,2.9883681769855435
37,diabetes,0,nflow,0.14568739598839742,0.24624040415228282,0.1048337337467266,0.039516745510697115,0.3880597014925373,0.3958333333333333,0.4401041666666667,1.115918045902517
37,diabetes,0,rtvae,0.4208788806056055,0.10980209593294712,0.10350707304902544,0.05209709703062437,0.4552238805970149,0.5364583333333334,0.3671875,0.955175535747235
37,diabetes,0,smote,0.10157462686567165,0.10630287135960488,0.048140267208744744,0.03185105916536424,0.7761194029850746,0.9453125,0.765625,0.4097305662698731
37,diabetes,0,tabddpm,0.09241081382024366,0.13778736513408704,0.07371217212077161,0.034271512690054545,0.6791044776119403,0.6380208333333334,0.5911458333333334,0.8510351834927247
37,diabetes,0,tabpfgen,0.4868544776119403,0.8043358900896239,0.13071075320925796,0.04026364130993812,0.029850746268656716,1.0,0.010416666666666666,0.7689500518593058
37,diabetes,0,tvae,0.27613037682401387,0.12909101082656108,0.0881140629024195,0.0435271879617781,0.4253731343283582,0.6223958333333334,0.4895833333333333,0.9060399435603838
37,diabetes,1,ctgan,0.3968366904654218,0.224482983917753,0.1570256822511466,0.037838847191669495,0.14925373134328357,0.15104166666666666,0.16666666666666666,1.572570217198174
37,diabetes,1,nflow,0.1653375209331796,0.1263683639102766,0.11661762047007437,0.02514633282771933,0.3208955223880597,0.3020833333333333,0.4010416666666667,1.2484942645375898
37,diabetes,1,rtvae,0.42358013157984703,0.18729005947552452,0.11355935966998253,0.052617565062661326,0.3656716417910448,0.6536458333333334,0.3515625,0.8795662783813558
37,diabetes,1,smote,0.09995522388059702,0.06796046225970302,0.03643645138432188,0.03434201056413552,0.8208955223880597,0.9270833333333334,0.8020833333333334,0.37551846940627376
37,diabetes,1,tabddpm,0.10895041601724954,0.4263287832900233,0.09958218860798554,0.026813109428330817,0.5746268656716418,0.5390625,0.5416666666666666,0.9712362980121066
37,diabetes,1,tabpfgen,0.49248507462686564,1.071689472505041,0.16480599152510722,0.046719111021189585,0.022388059701492536,1.0,0.015625,0.8676773753894781
37,diabetes,1,tvae,0.2550688958489619,0.17716944906314033,0.08905996483870364,0.029573817904918642,0.39552238805970147,0.6432291666666666,0.4557291666666667,0.8969243782675058
37,diabetes,2,ctgan,0.542144226782753,0.2327841702622269,0.15379213788006968,0.033303164848840744,0.07462686567164178,0.044270833333333336,0.026041666666666668,1.7429052650875667
37,diabetes,2,nflow,0.15709038539360612,0.20148282309944698,0.09080380870864069,0.030755542832978933,0.2835820895522388,0.3854166666666667,0.4166666666666667,1.0982205737203694
37,diabetes,2,rtvae,0.41918946080310115,0.11346002877784461,0.09852777906587282,0.03154568909332284,0.3358208955223881,0.6848958333333334,0.3385416666666667,0.8558476654471036
37,diabetes,2,smote,0.09536940298507462,0.10493999535686638,0.039368567121521876,0.043778522202442355,0.7164179104477612,0.9270833333333334,0.7447916666666666,0.43007529156606894
37,diabetes,2,tabddpm,0.09286365691589571,0.14260528905609132,0.12935035498236644,0.025376454369646834,0.5298507462686567,0.5546875,0.5494791666666666,0.9352861234996875
37,diabetes,2,tabpfgen,0.4887201492537313,0.8377570836083978,0.16714538103124602,0.033816708312501303,0.007462686567164179,1.0,0.013020833333333334,0.6510311052611019
37,diabetes,2,tvae,0.2648885639370714,0.1442159037035231,0.07161733027099484,0.0291729671090612,0.34328358208955223,0.6276041666666666,0.4427083333333333,0.8705998791831273
40982,steel-plates-fault,0,ctgan,0.414791194312028,0.506896853399225,0.14642700623397237,0.24430434954816224,0.0,0.0,0.0,2.997450547005264
40982,steel-plates-fault,0,nflow,0.3112736651337005,0.4468810180196827,0.1423563877616432,0.3033358308541046,0.0,0.0,0.0,2.7211232709499678
40982,steel-plates-fault,0,rtvae,0.4421029171748929,0.4676888270766005,0.14025768344657957,0.26080565933362476,0.0,0.07628865979381444,0.16907216494845362,2.0075423942901036
40982,steel-plates-fault,0,smote,0.13721745887164588,0.1310017660433631,0.05259369959571024,0.08872189298687473,0.7857142857142857,0.5804123711340207,0.5907216494845361,0.8064904798332556
40982,steel-plates-fault,0,tabddpm,0.5507514345615846,0.5758041575215742,0.16073800200916324,0.3087356017179772,0.0,0.0,0.0,12.846223724854184
40982,steel-plates-fault,0,tabpfgen,0.17745577868180068,0.09614919818112248,0.09097291677082056,0.10131662030256024,0.6428571428571429,1.0,0.7876288659793814,0.051087018255474126
40982,steel-plates-fault,0,tvae,0.38097426862525047,0.3966437957194873,0.14110753267413953,0.2698210255465789,0.0,0.03814432989690722,0.13195876288659794,1.8687552326702837
40982,steel-plates-fault,1,ctgan,0.47802368159194497,0.3730150246301083,0.1466414333674679,0.25343949042648206,0.0,0.0,0.0,2.935255128762373
40982,steel-plates-fault,1,nflow,0.2996426968297883,0.4484479162019197,0.14491784108025857,0.3157040016655173,0.0,0.0010309278350515464,0.0010309278350515464,2.573401933542314
40982,steel-plates-fault,1,rtvae,0.42787507368793815,0.45401112411034245,0.13937113831919426,0.26176363161784183,0.0,0.058762886597938144,0.1731958762886598,2.0052695959188958
40982,steel-plates-fault,1,smote,0.1330223739279236,0.10950237954386478,0.07575476942220047,0.07214262040756649,0.6785714285714286,0.5783505154639176,0.5958762886597938,0.7423493717035228
40982,steel-plates-fault,1,tabddpm,0.6076500415380223,0.5581827965314617,0.16083937548879096,0.31640034000033146,0.0,0.0,0.0,17.427483403194433
40982,steel-plates-fault,1,tabpfgen,0.17049632957497093,0.026471599398466404,0.09038710495726136,0.09725353865547015,0.7857142857142857,1.0,0.777319587628866,0.05104839211837503
40982,steel-plates-fault,1,tvae,0.3279316387191389,0.3711473447694597,0.14218219820811395,0.28418871176738497,0.0,0.03608247422680412,0.14536082474226805,1.878814544837436
40982,steel-plates-fault,2,ctgan,0.551281341799628,0.4332210938794103,0.16502649684786888,0.24825339458469464,0.0,0.0,0.0,3.5230798731720596
40982,steel-plates-fault,2,nflow,0.325743749444678,0.7037368765038006,0.1573094287087948,0.31726779291774254,0.0,0.0,0.0,2.628558046199701
40982,steel-plates-fault,2,rtvae,0.4442622406294239,0.46969903915706523,0.15829294615466732,0.2760274647347024,0.0,0.06907216494845361,0.16907216494845362,1.8954690242829872
40982,steel-plates-fault,2,smote,0.13697478344861017,0.11314595727271906,0.06639033604121443,0.06747984613916452,0.6785714285714286,0.5515463917525774,0.5845360824742268,0.846432899726661
40982,steel-plates-fault,2,tabddpm,0.6081017953391954,0.22962910282970234,0.17960296804036935,0.31651680256587167,0.0,0.0,0.0,9.412141154358807
40982,steel-plates-fault,2,tabpfgen,0.17040352192030409,0.040443070011402536,0.09012440858477469,0.07280295123216335,0.8571428571428571,1.0,0.7917525773195876,0.050661661559266026
40982,steel-plates-fault,2,tvae,0.3355051991629833,0.4592212271551413,0.1554556751804917,0.2941738604780297,0.0,0.03505154639175258,0.11030927835051546,1.8709070716591132
40994,climate-model-simulation-crashes,0,ctgan,0.7021300878026024,0.6994600649837572,0.06729896220744572,0.014048962618142468,,0.03333333333333333,0.003703703703703704,1.2347249811400738
40994,climate-model-simulation-crashes,0,nflow,0.2040783166301757,0.16428782959283728,0.0717171369233442,0.01316910650250194,0.043478260869565216,0.562962962962963,0.5111111111111111,0.9847787990786732
40994,climate-model-simulation-crashes,0,rtvae,0.3361979811367347,0.15678336086716416,0.06314514963315171,0.012793209634095174,0.34782608695652173,0.9074074074074074,0.7407407407407407,0.8980281952705087
40994,climate-model-simulation-crashes,0,smote,0.14732832639011129,0.13927128100992686,0.05325445955857838,0.0142536349565351,0.782608695652174,1.0,0.8666666666666667,0.2687055685187672
40994,climate-model-simulation-crashes,0,tabddpm,0.1505697814939358,0.23098717039234348,0.06854068516081842,0.01682023999083319,0.9130434782608695,0.9185185185185185,0.8925925925925926,0.8251416206114701
40994,climate-model-simulation-crashes,0,tabpfgen,0.11675084589958733,0.1225172798316625,0.05079074581184126,0.016217615160861103,0.8260869565217391,1.0,0.7777777777777778,0.037947054175743865
40994,climate-model-simulation-crashes,0,tvae,0.28270036147018707,0.1607941881651875,0.06954711991520222,0.014116941269441222,0.5217391304347826,0.8333333333333334,0.7037037037037037,0.9309471133244571
40994,climate-model-simulation-crashes,1,ctgan,0.3050177003266248,0.18452437559199633,0.07387053264839065,0.012484875673326963,0.21739130434782608,0.26296296296296295,0.21851851851851853,1.0755353908283367
40994,climate-model-simulation-crashes,1,nflow,0.2054737227305089,0.13765833321943358,0.06886201401738187,0.00907249660124111,0.043478260869565216,0.48518518518518516,0.4703703703703704,1.0032496081601014
40994,climate-model-simulation-crashes,1,rtvae,0.3468925403234256,0.11327294961065207,0.06405802197431978,0.008886420424823004,0.6956521739130435,0.9111111111111111,0.7222222222222222,0.8985379855006966
40994,climate-model-simulation-crashes,1,smote,0.14047311701773946,0.14351269667871006,0.057777043786272006,0.013619921756275454,0.9130434782608695,1.0,0.8666666666666667,0.2837163650585008
40994,climate-model-simulation-crashes,1,tabddpm,0.15544201513166042,0.2255624177355377,0.06744508941199209,0.0237694767426313,0.9565217391304348,0.8925925925925926,0.8592592592592593,0.8287336606396496
40994,climate-model-simulation-crashes,1,tabpfgen,0.12169259943152927,0.12291924154332892,0.04883876274987036,0.025118351297056012,0.782608695652174,1.0,0.774074074074074,0.04558158388686209
40994,climate-model-simulation-crashes,1,tvae,0.256595667528359,0.13213244383426737,0.062009082414103835,0.006703086148031316,0.4782608695652174,0.8037037037037037,0.7296296296296296,0.9299288842663718
40994,climate-model-simulation-crashes,2,ctgan,0.48743875691466826,0.34262706504563734,0.07120597970739456,0.012230749005823204,0.0,0.11481481481481481,0.08888888888888889,1.2057541053151084
40994,climate-model-simulation-crashes,2,nflow,0.21194006193746157,0.11746052815546404,0.0634944172762658,0.01806250970332173,0.043478260869565216,0.34074074074074073,0.34074074074074073,1.0451788350287183
40994,climate-model-simulation-crashes,2,rtvae,0.3422837333020399,0.11069433489253168,0.0624157282813195,0.01305313868637349,0.21739130434782608,0.8296296296296296,0.6777777777777778,0.916051261301569
40994,climate-model-simulation-crashes,2,smote,0.1454213851239023,0.1607167194680675,0.06069638339547026,0.011541881610952733,0.9565217391304348,1.0,0.8629629629629629,0.2766321630700363
40994,climate-model-simulation-crashes,2,tabddpm,0.14887081906009458,0.2306986439255245,0.07066561936235857,0.011719064673039872,0.8260869565217391,0.8888888888888888,0.8518518518518519,0.8580990777633863
40994,climate-model-simulation-crashes,2,tabpfgen,0.14008697235108294,0.11532584272780888,0.048624887218270525,0.013906798070214185,0.6521739130434783,1.0,0.7592592592592593,0.10574159167302531
40994,climate-model-simulation-crashes,2,tvae,0.23039423293069458,0.12476267904054325,0.056601404018310014,0.01488507322445973,0.391304347826087,0.7555555555555555,0.6259259259259259,0.9354863484258072
458,analcatdata_authorship,0,ctgan,0.3255694429536216,0.41776854984094136,0.07239553624506205,0.16303627933330556,0.0,0.004761904761904762,0.004761904761904762,1.220541734961184
458,analcatdata_authorship,0,nflow,0.26704505359554664,0.23497698660957486,0.06849745599047316,0.15892190845717188,0.0,0.02142857142857143,0.02142857142857143,1.24911777327565
458,analcatdata_authorship,0,rtvae,0.3579540810912243,0.31054162381286504,0.06679136222879169,0.13373136171539549,0.03571428571428571,0.7642857142857142,0.48095238095238096,0.9477127150470659
458,analcatdata_authorship,0,smote,0.1205695380531896,0.19671274216739784,0.047197559803137216,0.07496464819431847,0.8571428571428571,1.0,0.8952380952380953,0.3655596015345335
458,analcatdata_authorship,0,tabddpm,0.5117094420328273,0.4211594222409721,0.07805197434373617,0.16462146121429996,0.0,0.0,0.0,3.5942387583698
458,analcatdata_authorship,0,tabpfgen,0.17106378967926972,0.07417176360732114,0.04596508594458321,0.06263737550022365,0.8571428571428571,1.0,0.7904761904761904,0.01975864809608068
458,analcatdata_authorship,0,tvae,0.27559763535551085,0.3527095292120463,0.06554523797620486,0.14907369271798135,0.0,0.65,0.3547619047619048,0.9766217327550833
458,analcatdata_authorship,1,ctgan,0.48226405668118794,0.4397755746513717,0.07338525073595772,0.16839407404746307,0.0,0.0,0.0,1.5521378090747473
458,analcatdata_authorship,1,nflow,0.270505621613105,0.32763042363084516,0.06895111760972146,0.1633185693241004,0.0,0.023809523809523808,0.02142857142857143,1.2142549798544091
458,analcatdata_authorship,1,rtvae,0.35851304578696913,0.29643827505354353,0.06622757627863898,0.13841335900105323,0.0,0.7952380952380952,0.4976190476190476,0.9407391630286496
458,analcatdata_authorship,1,smote,0.11363115892953146,0.18720709930619128,0.0483826720794811,0.062472380477865755,0.9642857142857143,1.0,0.9047619047619048,0.324598380904334
458,analcatdata_authorship,1,tabddpm,0.5083532535038078,0.46977023306529697,0.08004032525969297,0.1672724354225449,0.0,0.0,0.0,3.4714449531935867
458,analcatdata_authorship,1,tabpfgen,0.17368782457333612,0.09109102786012169,0.045229133079476666,0.06070572361115338,0.8571428571428571,1.0,0.780952380952381,0.015830202174656173
458,analcatdata_authorship,1,tvae,0.26551977832408036,0.31945505318210465,0.06485107610432302,0.1457472015892991,0.03571428571428571,0.7738095238095238,0.41904761904761906,0.9573521447695249
458,analcatdata_authorship,2,ctgan,0.43716999813910645,0.37670083880881106,0.07503270622615449,0.1664700328028525,0.0,0.0,0.0,1.6388429248160967
458,analcatdata_authorship,2,nflow,0.2640721745790342,0.32246832446906837,0.07052682191684502,0.17125619968992423,0.0,0.01904761904761905,0.023809523809523808,1.221601368673354
458,analcatdata_authorship,2,rtvae,0.36543212188578755,0.29242889218354556,0.0679533947244657,0.14442694411544393,0.03571428571428571,0.7119047619047619,0.47619047619047616,0.9441582717992344
458,analcatdata_authorship,2,smote,0.12472711739422912,0.2047833455760052,0.04911150829271249,0.06052408313607633,1.0,1.0,0.8833333333333333,0.3485972867657579
458,analcatdata_authorship,2,tabddpm,0.5192532992037144,0.38611839477378407,0.07901233407359877,0.17055810576821745,0.0,0.0,0.0,3.4718913184679265
458,analcatdata_authorship,2,tabpfgen,0.16553407178615082,0.09493992850965584,0.04389442484314413,0.07209465779657244,0.8214285714285714,1.0,0.7904761904761904,0.016156075130971836
458,analcatdata_authorship,2,tvae,0.2972103570686586,0.3548767825421788,0.06695721673889636,0.15617526613200253,0.0,0.6547619047619048,0.3476190476190476,0.9765013896959299
54,vehicle,0,ctgan,0.3069700856925386,0.5289504360796043,0.1955166358817887,0.16268795419525342,0.0,0.0,0.0,2.6536154192406127
54,vehicle,0,nflow,0.20296781960976157,0.47592644323996763,0.17723810827176442,0.16866533394222605,0.0,0.004728132387706856,0.004728132387706856,1.9233574467261263
54,vehicle,0,rtvae,0.38170319953077375,0.5080757468421854,0.17696737897168824,0.15695894103903862,0.01,0.06382978723404255,0.06855791962174941,1.5863033374704938
54,vehicle,0,smote,0.08549609153226467,0.1296943495239777,0.05490160349885503,0.06573357337301725,0.8,0.9550827423167849,0.8108747044917257,0.4699183042275823
54,vehicle,0,tabddpm,0.3260906570347182,0.3036190448286685,0.16289126259486422,0.06794968196825862,0.14,0.23404255319148937,0.3120567375886525,1.3633286758584837
54,vehicle,0,tabpfgen,0.10693176071103656,0.11325407631116807,0.044245902699617985,0.11882789529524995,0.78,1.0,0.7706855791962175,0.046779133579671756
54,vehicle,0,tvae,0.2897924218176966,0.5542753240600237,0.17035739766804095,0.17139118556204772,0.05,0.04491725768321513,0.05200945626477541,1.5583979922653313
54,vehicle,1,ctgan,0.3161218587892586,0.47048338491244096,0.1963374586554726,0.1582828320564861,0.0,0.0,0.0,2.6210390426084795
54,vehicle,1,nflow,0.20449787063383107,0.5950374396150113,0.17636415759903218,0.1744625457917418,0.0,0.0070921985815602835,0.009456264775413711,2.1363606789682277
54,vehicle,1,rtvae,0.3540491461011079,0.5303363661480731,0.17460447355780695,0.17203573890966484,0.0,0.054373522458628844,0.0425531914893617,1.6733632009599912
54,vehicle,1,smote,0.1037830795954726,0.09272734463655419,0.053122782166923774,0.08194399667692225,0.8,0.9479905437352246,0.7848699763593381,0.4017630286080333
54,vehicle,1,tabddpm,0.36518604524070997,0.2782905850383222,0.19039284195339964,0.046155330515916373,0.17,0.17966903073286053,0.2765957446808511,2.2477228900630597
54,vehicle,1,tabpfgen,0.12946841434977097,0.08046833134655584,0.059889959083305265,0.12841164909329472,0.71,1.0,0.7375886524822695,0.04751441441662355
54,vehicle,1,tvae,0.2410916197614458,0.5150828127993609,0.16748974975355826,0.16124583532865364,0.03,0.08983451536643026,0.09692671394799054,1.552081833727826
54,vehicle,2,ctgan,0.3032586442013009,0.5797954562753503,0.20624214640265634,0.19028562244840513,0.0,0.0,0.0,2.8883829758527626
54,vehicle,2,nflow,0.17860901720041772,0.5900311274593667,0.18027716912887023,0.18767808236888603,0.0,0.002364066193853428,0.002364066193853428,2.1427336528174896
54,vehicle,2,rtvae,0.3624044467661426,0.5589840407563595,0.18992003377527372,0.17549625955108802,0.0,0.030732860520094562,0.030732860520094562,1.6915975153696545
54,vehicle,2,smote,0.09712159168862475,0.12187395407968149,0.053776822164220514,0.05037019437409665,0.79,0.9479905437352246,0.7777777777777778,0.4490522765812662
54,vehicle,2,tabddpm,0.3604367268119408,0.13096363535451588,0.19965807929450283,0.08908252547976238,0.15,0.1867612293144208,0.25059101654846333,2.0897329044036055
54,vehicle,2,tabpfgen,0.1133708839253768,0.02871599184557092,0.04921502006857059,0.09330270520224532,0.82,1.0,0.7754137115839244,0.04681451860486712
54,vehicle,2,tvae,0.24080309107013306,0.5205397295578678,0.1805452436467362,0.1831039510949486,0.01,0.0591016548463357,0.0851063829787234,1.6723634595235377
