V1,V2,V3,V4,target
3.8859581047039518,10.109658079185873,7.314357497823188,-7.773243442923079,2
-1.4867882791299643,12.6247,10.828118739531691,-8.5482,1
-3.1261039077970034,4.357545272879717,-2.0117123083431947,-5.675447173927831,2
-4.63627090440001,6.016713521083631,14.095879218029257,-3.1092682978072768,1
-4.311416720515782,12.112448341964612,3.866234934779632,-7.162813439182477,2
2.132116386889244,3.4190115672088863,12.9658545230936,-3.1092682978072768,2
-2.8186441065743395,12.6247,4.77878911504968,-8.5482,1
-5.838276144156106,4.184448238502333,4.774563598362596,-7.773243442923079,2
-5.4447813202134085,2.895695816686037,3.5147697867383636,-3.1092682978072768,2
3.018395062931525,2.3304465839557666,16.589367461260778,-3.095988753462521,1
1.254957123773655,2.821497286498979,12.90734602167554,-3.1092682978072768,1
2.958669395384707,7.266014570797723,10.888866356381126,-3.1092682978072768,1
1.5264152712935353,12.6247,13.265688695406574,-8.5482,2
-2.9332711287958535,3.259155720104248,3.9777534017529796,-2.493038249345243,1
-2.6097716415591568,11.927557188938152,17.6772,-8.5482,2
2.919291388680015,1.6130607347906984,9.04164649632255,-7.707343926868322,1
0.523958102259567,6.541511151931634,10.15794803774726,-7.773243442923079,2
2.298465721285285,3.898829256712154,10.149542409706186,-7.773243442923079,2
2.273119010648774,6.547982914818301,2.245765900487283,-3.1092682978072768,1
2.1581742110102304,12.6247,13.402980120990147,-3.1092682978072768,1
3.372977274189859,12.6247,10.528652479649672,-8.5482,1
-3.748371638702271,7.997957420083762,4.312295896497476,-7.773243442923079,2
3.8392562019325225,12.6247,-2.1239976335184076,-8.5482,1
3.048518454145749,12.180987249423605,12.51644447480708,-5.521981409512944,1
0.7271200746738038,4.09837782743512,0.8466094111383242,-2.431854443823189,2
3.012108338719638,6.149900535263712,11.924080687649017,-3.1092682978072768,2
-0.674618304442668,12.6247,13.695347448443691,-3.1092682978072768,2
-1.8108163052785704,8.930419743767253,10.472831937572675,-3.1092682978072768,2
-4.98547776796128,5.835711543030045,17.6772,-8.5482,2
-1.2328172455451751,5.803008310936214,9.251670015266058,-8.5482,1
2.6976943216499105,5.51000170822511,12.480031980699753,-7.773243442923079,1
1.7497955171371338,7.819943991546811,0.3568161869843416,-3.1092682978072768,2
2.771261806671925,12.6247,6.589631854212101,-2.5305367874200546,1
-5.6893543157905935,5.676619640691557,2.6943335072118613,-2.5872684779173074,1
-3.748369566508546,4.7821707669769955,13.840870071062497,-8.5482,2
2.759902841277763,5.886546636408978,-1.3331463443703542,-8.5482,1
1.493959635854175,4.6719943438643385,12.760329764025677,-8.5482,1
-2.432288443305656,12.6247,3.155492796353476,-3.1092682978072768,2
2.6826461462991764,5.641022142246562,12.950619883742352,-3.1092682978072768,1
2.586062114826344,10.836374216998548,17.6772,-2.9323240712857617,2
2.3994764666995945,4.0125933895972645,2.889545485864599,-2.6171424102208585,1
2.6617499400552687,5.71084189733131,8.179956204527242,-8.5482,1
2.610514278500026,8.77424282390605,-0.3910874500595498,-8.5482,2
2.058580622468731,11.974367270335629,10.003027102479042,-3.1092682978072768,1
-3.3340976331608,6.408427521624863,-0.0654504464639305,-3.1092682978072768,2
3.295273955742183,12.6247,2.919426698598018,-7.773243442923079,2
3.320285455022255,2.9500895392596673,8.820171148755305,-2.390448765598105,1
3.2290439073561696,9.021395741183639,-1.2854297660284288,-8.5482,2
2.128219302990866,9.056078720411563,11.574124177554967,-8.5482,2
-1.5370958975256286,6.125765884494248,-1.3616010959424256,-2.5453112308156536,1
-1.265781719506922,11.041452599162145,2.339642384673776,-4.878367433795797,2
1.1941357304491582,8.024052578849293,11.739971381193286,-8.5482,1
-4.310818115553555,12.6247,14.00675320898528,-3.1092682978072768,2
1.7824577264936479,8.186922026488439,6.158300728078587,-3.1092682978072768,1
-3.839221015005351,6.113109437289999,10.663309473003414,-3.1092682978072768,2
-4.587600513315031,9.061084760781455,-0.24683387861343498,-3.1092682978072768,2
1.7269604541276924,12.27684586285572,3.419380622859005,-3.1092682978072768,2
4.360492964937076,12.6247,2.461568923039515,-8.5482,2
1.8684459578937385,9.696702272825302,6.176482284678347,-8.5482,2
-5.435592695189602,3.2414815843810896,13.984240379768043,-3.1092682978072768,2
-5.229063622252853,2.2124705336001647,-0.6031784373454143,-0.939904463421426,1
-3.7599401782189124,7.718340287186416,9.561940124035706,-7.773243442923079,2
-3.336539195416943,5.655315556522939,13.747953743638401,-8.5482,2
-6.3839132445367355,5.091206833886275,13.917904942014975,-3.1092682978072768,2
-4.107317553745476,6.599257653491366,10.139195955988548,-3.1092682978072768,2
2.4970643772084635,12.6247,2.1176749551272427,-7.773243442923079,1
2.4175639696835205,12.6247,2.7385973240162538,-8.5482,2
-5.261173559138358,12.358589955135264,9.354732933293793,-3.1092682978072768,2
0.9826669604766911,11.189604276089618,4.943599575444287,-3.1092682978072768,2
-1.1733241681696778,12.6247,9.715484327030365,-8.5482,1
-5.03000506671791,12.6247,5.148993008230534,-3.1092682978072768,2
2.3942988585192997,7.800784937682631,10.71282130226405,-2.9290282339128972,1
-2.3826749450517166,12.21723864874707,7.8160635554237,-8.5482,2
2.1970897989463154,12.6247,11.379916588533684,-8.5482,2
4.971335255522216,12.6247,0.6756389697413514,-7.773243442923079,2
3.4181397405822556,12.6247,-1.1720182935676333,-3.1092682978072768,2
-2.87532806002966,11.801273036956797,8.277316779445623,-7.093868400597469,2
-3.4834825968237864,12.056740054124298,16.12629655207527,-8.5482,2
2.2305855841094946,12.6247,2.897977204227905,-7.773243442923079,1
-5.505280637530219,1.8333472978794854,4.717033561672103,-8.5482,1
4.724508285070555,9.696702272825302,11.010414822214454,-3.1092682978072768,1
3.3113966014675413,12.6247,10.115962943820161,-3.1092682978072768,2
-2.9404239529972394,-0.5872082294912735,-1.0418950498853543,-8.5482,2
-1.9683741722161614,7.040791107697964,5.923925746205178,-3.564940271326498,1
-1.1989174432354428,7.906311274526022,8.203973407590983,-3.1092682978072768,1
-3.895077514903419,12.6247,0.07375900312902095,-3.1092682978072768,1
4.162190779635716,12.6247,2.196394085116505,-2.73445474899469,2
2.016613876675124,12.494967505509473,3.9422196637230833,-7.773243442923079,1
-3.092715038847027,4.3467875696920295,5.84691110704943,-8.5482,2
-0.49477287009904847,10.909331474445448,-0.4717131484610322,-3.1092682978072768,2
2.8275438389188743,7.154387376013979,8.465834024795711,-2.815913559261596,2
-7.0364,0.2048255396334886,12.462138204298103,-7.317016078665626,2
-3.0389442019328827,6.687314313205271,2.679976146101886,-3.1092682978072768,2
-2.992689280247882,4.237892232552615,8.266837103302395,-3.1092682978072768,2
1.6757433829249688,12.567476258007986,2.7443047005588084,-7.773243442923079,1
2.2461944600925046,0.5237364633691737,-1.7110661036181634,-2.3760420347868854,1
-1.7252299124999382,12.6247,-1.1515925691888762,-8.5482,1
2.9726101447358975,12.332042875902065,-2.754928426237001,-3.1092682978072768,1
3.6910360403730706,12.6247,2.622973934031953,-7.773243442923079,2
-1.9967011482328658,12.6247,-1.113737393284603,-8.5482,1
3.0334258179519265,12.6247,-0.5445388665747424,-3.1092682978072768,1
0.9619370273857353,7.961383969943372,13.79382984680521,-3.1092682978072768,2
-4.334364452847469,4.112829764496211,12.954440895990448,-3.1092682978072768,2
-3.428046493227619,4.7068365197641,-1.8297939244209682,-7.773243442923079,2
-4.057815694928456,4.538824312462697,9.948074972276611,-8.097541381052853,1
-3.9016637236332037,6.423767615878012,11.831040836122074,-3.1092682978072768,2
-2.1622670956194883,12.6247,8.421276260690206,-3.1092682978072768,2
2.8832455401613086,7.4538540546065635,12.096764388906774,-3.1092682978072768,2
-2.56902531927748,12.6247,1.6492369625701466,-7.773243442923079,1
3.983437877537262,9.187115979006208,1.4165099581442477,-3.1092682978072768,2
-1.1789528927946962,6.513195098939779,8.50100620297755,-8.5482,2
3.0644948470977917,9.335912272613683,4.001693218613695,-3.1092682978072768,1
-7.0364,12.056740054124298,17.6772,-3.1092682978072768,1
3.2884719017583657,7.28924038931343,2.9614106774512563,-3.1092682978072768,2
-4.195998897364074,8.18280819271552,4.05652244827414,-3.1092682978072768,2
-1.84726246210919,-0.5704200465651543,17.6772,-2.4140331836023745,2
-5.035382409433541,12.6247,13.11219090752935,-7.773243442923079,2
-4.469523806590301,5.339363630717808,11.726193577624716,-3.1092682978072768,2
-1.9179779905825904,12.439646606551364,0.8190409571758239,-5.525510866424749,1
1.6029789231303049,7.13678224058432,-0.21071555691066957,-8.5482,2
-6.044952083823093,1.0815837494206058,14.037659688148768,-2.909698886637158,2
0.8156982943365838,0.2863918856305778,17.6772,-2.4225429371769627,2
3.0957617399956447,8.831381308183794,3.725370102171295,-3.1092682978072768,1
-0.7864221569824222,12.6247,5.751338992652383,-8.5482,1
2.344230879106207,5.176470349455557,11.151869384379467,-3.1092682978072768,1
0.5861714449445155,7.6911400233457075,6.374177745185502,-8.5482,2
-4.644573925630719,9.213305436355288,6.085143969953667,-3.1092682978072768,2
-1.929277970968533,6.742356450813299,12.129476022131367,-3.1092682978072768,1
2.5036317117414173,9.696702272825302,3.0947652546710502,-8.5482,1
-1.4514512000149684,8.394163447463523,2.7112762789587515,-3.1092682978072768,2
-5.560307156463017,12.6247,11.059558352505332,-3.1092682978072768,2
-2.1326203495121283,9.696702272825302,11.831929461031653,-8.5482,2
-1.8895877709450533,7.786291684696132,16.68247816508028,-8.5482,2
-5.5500718145840136,12.6247,11.917596046564963,-7.773243442923079,1
4.5753632169100795,3.6364454821757226,7.099237839662936,-8.5482,1
-2.520605090634857,12.6247,9.924420855212151,-7.773243442923079,2
1.8931142648161192,12.6247,2.9171869077504016,-3.1092682978072768,2
2.646258976308168,6.8264544883783875,7.684216906834074,-8.5482,1
1.55269032953382,6.067832179342546,4.082505616398768,-7.773243442923079,1
-3.440872854335161,9.008674258380434,11.502040751549377,-8.5482,2
3.6611987520840676,12.6247,-2.592321909471075,-7.773243442923079,1
-1.6287665323056195,1.9981791135599645,10.028568143793368,-2.224731021491891,2
-3.3253422261375647,5.293384898581254,2.3156422124627065,-8.5482,2
-2.162004639333043,9.209813601613753,9.98791037249869,-3.1092682978072768,2
-3.6374061827923247,12.6247,2.6367233763142934,-3.1092682978072768,2
-2.7773856934184424,11.06069742575557,12.016047002427573,-3.1092682978072768,2
4.411703048507297,6.964318593584209,16.351499847208725,-2.83399431285683,2
1.4420759120100635,11.614151722736246,4.076153500468928,-3.1092682978072768,1
5.268757495385696,2.4803305630492485,-1.9653698417701482,-2.518515533817628,2
-4.824458472630893,10.524526209298724,8.821311313656139,-8.5482,1
-3.8046120124878424,7.255469883277128,3.299949721291445,-3.1092682978072768,2
0.34054877562085273,10.26746536634549,3.3747499290350005,-8.5482,2
3.1847250269602556,6.270212342461465,12.027955474573044,-8.5482,1
-1.077231687358856,11.206843827389463,-1.1504938226997714,-7.773243442923079,1
0.16766608070282446,8.682637481160704,2.7837357240106995,-5.21369463060782,1
-4.777312180030439,5.986954653310984,8.041810965372168,-2.95355326691413,2
0.8953177841196212,12.056740054124298,4.654242740072345,-3.1092682978072768,2
1.1746434208266137,1.3063320579680342,3.513011889710093,-8.5482,1
2.2138144860878723,12.143416613986117,12.61566024010709,-8.5482,2
2.670556437048298,12.6247,-0.9536329276530944,-8.5482,1
1.5002933559572202,12.279080389153346,3.9514024076252436,-7.773243442923079,1
-2.7525687128349574,5.228793344796019,10.139964184536192,-1.889047444435447,1
-3.6729203095389265,7.875700003301104,3.342413126606939,-4.878367433795797,2
3.2483239879543255,12.056740054124298,3.085425928492025,-8.5482,1
-1.240266263937087,5.0564506057106176,7.805257486453841,-3.1092682978072768,2
-3.570045122358866,-1.5519325705020774,1.5800777974227649,-1.6264913500088884,2
2.7920883315945018,12.6247,17.6772,-3.1092682978072768,2
-1.2317542101643975,5.377364643258244,12.500085557323928,-3.1092682978072768,2
3.0931910062481554,8.978623412829858,10.125601941312397,-3.1092682978072768,1
2.5302794870493424,12.6247,-0.0678162465016201,-7.257565236598504,1
-3.4831261795031354,6.1755313813054995,9.375712566373863,-7.742375950940673,1
-6.554830891241645,12.6247,2.5040619366400887,-7.773243442923079,1
2.5755268450514945,12.6247,11.920796443775114,-3.1092682978072768,1
-0.08281079872651842,10.6866134264539,7.4743743638070805,-8.5482,1
2.466433716375149,12.6247,8.833343309904457,-3.1092682978072768,2
3.0487515485657974,6.562592204177224,-0.42343073943023013,-8.5482,1
3.8300316982630496,11.392527386187004,-1.5458501593768248,-2.1677413891501103,1
1.7183956317174127,12.6247,-0.8573400815837755,-3.1092682978072768,1
4.894784538930731,12.6247,-0.12490712086207756,-4.878367433795797,2
3.8658887994526383,12.6247,7.87418164581367,-8.5482,1
-2.2083766437970462,4.29728685215478,-0.16321021071496666,-8.5482,2
-5.489908519053344,2.187607908694595,0.07749501265497649,-8.5482,2
1.6492423804002203,8.218578429507499,3.214838618065505,-7.773243442923079,1
-0.03346740295252343,12.6247,-0.9921116201335658,-7.773243442923079,2
-3.2438038638001587,12.6247,4.950837662366133,-3.1092682978072768,2
-3.815061826417354,9.526736284212614,8.40937639780039,-1.4970619506618057,1
1.8508041825120005,12.6247,4.2529123052423,-8.5482,1
-3.5867833858204246,12.6247,3.0940812273670244,-3.1092682978072768,1
3.895187227523515,12.6247,10.348109276611616,-3.1092682978072768,2
-4.167438981166077,-5.212891423446389,8.21966620906916,-1.665006528045366,2
3.318891243584548,8.849943264341439,4.384784570241106,-3.1092682978072768,2
-3.7930015110482755,12.6247,7.005585304606826,-3.1092682978072768,1
2.745926666254814,8.882564308496544,8.598062833739831,-8.5482,1
1.9416090843981992,4.7844511047335745,11.319682492830381,-3.1092682978072768,2
1.6268481557501677,9.696702272825302,3.67530476966153,-8.5482,1
-4.4553955897752076,12.14062631854273,0.8807404540228552,-3.1092682978072768,2
-4.582112826283559,12.6247,3.55122821428691,-7.773243442923079,1
-3.332053932099802,9.696702272825302,13.78169753401276,-8.5482,1
2.8282840729555483,6.134166355355752,2.3531815322133696,-3.0316867607402247,1
3.066553761139909,12.6247,-0.4931483758679196,-8.5482,1
-3.9940579203580566,8.646808786052262,3.956005357174977,-3.1092682978072768,2
2.969390243678586,12.6247,8.70536897051479,-3.1092682978072768,2
-4.646213548915398,8.105205576333454,5.258072208025375,-3.1092682978072768,2
-5.1646215057048686,12.6247,11.172890192160484,-7.773243442923079,2
2.033454266010682,8.447875007718876,14.377386905265151,-3.1092682978072768,2
3.2369412321090376,12.6247,0.15841134612993546,-7.773243442923079,1
-5.3489076512005465,8.798647157516438,15.443051799462385,-3.1092682978072768,1
-4.267529470595871,7.350669180881962,2.569755319161176,-8.5482,1
3.940212935385131,12.6247,-1.0812263058475662,-7.773243442923079,1
-2.1651107822902986,6.50324505377401,11.532382762994397,-8.5482,2
3.1055799811738534,5.412009453804593,11.59569866948268,-3.1092682978072768,2
3.265919626611284,2.8076198731018387,-0.5199027510789955,-8.5482,2
0.7284747003608674,12.375032203262153,5.3289320464962096,-3.1092682978072768,2
-2.4887029427093603,0.6880894575857983,9.257160121507791,-8.5482,2
-1.913521997001811,12.6247,12.314618234367792,-3.1092682978072768,2
-4.50369350403817,12.056740054124298,5.942768735212856,-3.1092682978072768,1
3.4035476138793346,12.6247,1.8410502517297669,-3.1092682978072768,1
2.1949074475635193,12.6247,9.236094395871191,-7.773243442923079,1
-2.037367432031926,12.6247,10.714793944754986,-8.5482,2
-3.7607428942630228,4.715300975228433,10.83298480088363,-7.773243442923079,2
3.6592623328647558,5.075620160623341,-1.64409643622167,-6.791661313453574,1
4.349572562859162,4.787079676282047,9.061041277731533,-3.1092682978072768,2
2.791791080957892,6.5831135501779,3.656875510166268,-3.025834389987985,2
5.0606131484525365,7.0925609510094025,5.786848616224274,-2.9771574669245213,2
-4.982292029133749,12.6247,-1.4045947270920704,-2.6464438279942994,2
3.9642773667064453,12.6247,6.975660022546,-8.5482,1
-5.219697565641367,11.126516580325177,16.576920714204856,-8.5482,2
2.8319316821232667,12.0725939464568,8.73484930776358,-7.699456931778911,1
2.1581766810570686,6.2674700013503,0.18224885141502511,-2.8684522402259938,1
-3.0674476151526324,12.6247,-1.5021479249671823,-8.5482,2
-2.1700817266917043,2.785923522846077,10.33597396929546,-2.129000851396835,2
-3.1745160517390403,9.052939314168068,13.770018142930756,-3.1092682978072768,1
2.7467473718174276,5.087984888194206,-0.13352742840043996,-8.5482,1
-3.5299155367345065,10.331517715584422,2.9398383846167406,-2.980982763872996,2
2.96397219593896,12.6247,-0.8829539728696254,-8.5482,2
3.1981424513879073,4.751923781955203,2.0810961964713846,-2.625761158770352,2
2.61585256972727,-0.7943370953295181,-0.9454832690895278,-1.4837653394882393,1
-0.6713180121557932,-0.9812644440357281,-0.37107468876826655,-8.5482,2
-0.780278361612864,12.6247,2.524663547099503,-3.1092682978072768,1
-0.13974754558300062,11.567347811255482,5.149333263020756,-8.054782585207214,1
3.928687420582779,12.6247,-0.9245366750811301,-3.1092682978072768,2
2.9067629211091908,12.6247,9.539519002106946,-8.5482,1
2.4044770115223293,7.347295503587534,3.323199816947157,-3.1092682978072768,2
-3.1980710663441756,12.6247,2.1679080679191274,-7.773243442923079,1
2.5416523627072776,8.162348651760858,5.2752923034044645,-4.878367433795797,1
3.457835148305658,4.855854860880574,5.252998942254949,-2.9135877963112007,2
-4.668772961885175,9.571706870183798,9.716349370065764,-1.8172321682116341,1
1.3705358154323637,1.2937432085309561,3.1985132549812105,-7.773243442923079,2
-4.436735485284168,12.6247,13.200732984450774,-3.1092682978072768,1
-6.149487004556823,9.696702272825302,4.06118043886665,-8.5482,2
-0.8916737977206881,12.6247,0.0060927786431173026,-8.5482,2
2.035828911220017,6.895776756178383,10.515399466360474,-3.1092682978072768,2
-3.986162603242685,9.696702272825302,1.4497427907893754,-8.5482,2
-2.6584346504539917,12.6247,0.5628172412127745,-8.5482,1
4.403128605914595,12.6247,4.723726142837079,-4.878367433795797,1
-2.4177564077384597,5.375205366980796,4.50943962595498,-3.1092682978072768,2
2.4115553857458636,5.409798779129195,9.267217229372395,-3.302773812649736,2
-3.0268801490918196,5.2740594520494,1.5414720100191268,-2.575138617222448,1
3.6838999775556176,12.6247,0.11445300334702191,-2.83771992400975,1
-2.090941928590654,12.6247,17.6772,-2.752861711749696,2
-5.301861600971527,6.5841846778757445,15.03160447857859,-3.1092682978072768,2
-3.621299279994347,1.7315809187011793,13.22328549110711,-3.1092682978072768,2
2.259224867181347,1.169930761354177,12.639037114258285,-3.067999929977626,2
-3.858651975561984,-0.9881445346769984,7.383477116962876,-2.2355067844735963,2
-0.7245026772700597,5.167002455957164,8.023935813991548,-3.1092682978072768,2
-5.173407607097651,10.591659009270398,10.335081601231249,-1.951320423941614,2
-0.5210306081256945,9.696702272825302,3.231952966028499,-8.5482,2
0.18353148995614582,-0.7308665402541044,11.56887328023754,-2.993753018530736,2
3.597760441636331,10.4082705343361,0.4355611557947605,-8.5482,2
1.940912271184892,12.6247,1.0143046608838766,-8.5482,2
-3.929043878342051,4.814672257786923,12.898985311490048,-3.1092682978072768,1
-1.5376716112228024,12.056740054124298,10.535484485483554,-3.1092682978072768,2
2.8982636199413565,12.056740054124298,4.916634019604444,-7.773243442923079,1
1.384291636276851,12.056740054124298,11.916380269940568,-7.773243442923079,1
-2.180019190722781,12.365018282889617,3.7049229241698165,-8.312079019479835,2
-7.0364,9.139501233139924,4.398511047122839,-7.773243442923079,2
-2.632947833248993,7.28024071263703,2.155513584272592,-7.773243442923079,1
-2.80576943745059,12.6247,9.682864605991922,-8.5482,2
-4.559174159799419,4.99341502202143,12.5726031892668,-4.878367433795797,2
-3.182052879340037,5.4976513809305505,3.3613565453604157,-3.1092682978072768,2
-1.1285731361549904,12.6247,-1.2626182212157941,-7.773243442923079,1
3.1447177433229125,12.6247,5.499843246804795,-8.5482,2
-3.008865382591643,9.51492795881123,1.7906220279310736,-4.710224655162083,1
-1.3393245463854173,12.6247,8.77612241316146,-3.1092682978072768,2
3.740734016519984,1.893711943893389,8.737166320480638,-8.5482,2
1.0621473498572542,9.425958497282327,9.061696704107554,-7.773243442923079,2
3.690007135862489,10.14252561119751,2.907918375740189,-3.1092682978072768,2
-7.003424569251811,5.347188998029973,15.262187059441459,-3.1092682978072768,2
2.48114882541012,8.307841611149822,11.929883325959167,-3.1092682978072768,2
0.5724267613048362,4.65462915139526,3.747398286677362,-3.1092682978072768,1
2.0133891655266014,11.249844764885104,13.628315035298193,-3.1092682978072768,2
-1.6467367683531058,6.104817663195288,4.739302028799395,-3.1092682978072768,1
3.5608514742507493,12.6247,0.9340633084628371,-7.773243442923079,1
1.414217683748948,12.6247,8.162059945272773,-3.1092682978072768,1
-5.1427039243589965,12.6247,9.069405731071656,-7.773243442923079,2
3.1113431204572706,9.91604089210961,6.02432454615929,-4.105569248807032,1
-5.658520073166864,12.6247,3.765583088024015,-3.028534439882361,2
-2.9983613239312423,7.5107733109454315,2.2949492477357247,-2.7236886830748097,2
4.281684430531764,12.6247,2.1117730369679775,-8.5482,2
-1.3383165677843747,10.082580923265024,-0.7786921607955564,-8.5482,2
-2.6339185813589205,12.6247,3.7561293144353542,-8.5482,1
-5.326192004566028,0.8130781831107647,11.342314354364909,-3.1092682978072768,2
-4.591211828928774,12.6247,12.42503830148091,-8.5482,1
1.682839177478836,5.681980174116462,-0.8682413569725891,-8.5482,1
2.4145379023017766,12.6247,13.66837502479818,-4.878367433795797,1
2.366736905876305,10.525114843123088,11.921589992557045,-3.1092682978072768,2
-1.0341644433494466,12.019821336380257,9.449048077603777,-3.1092682978072768,2
-5.537799247249401,12.6247,3.983103770704282,-8.5482,2
2.3657440770498073,12.6247,15.902588612983,-8.5482,1
-1.1584389141675602,11.499663281498524,7.882988540031267,-1.8879462460946723,2
-3.9920761075947784,7.752929368623102,10.069138325269664,-1.4082627555057126,2
4.909577129434942,6.475514685624042,9.931737973886307,-3.1092682978072768,2
2.941759389729051,8.513945978869621,9.255399003912116,-8.5482,2
1.9090949478495127,5.218850006208844,4.5054185930850865,-3.1092682978072768,2
3.1496621270806937,9.696702272825302,11.941232570802653,-3.1092682978072768,2
2.445576510870792,7.863403560911429,12.276089943743122,-3.1092682978072768,1
-1.821599612885653,12.6247,-0.36585004402066135,-8.5482,1
-3.539498137590226,6.236247676145255,3.480825406267822,-7.773243442923079,1
-4.116999619899982,5.6952726437574555,9.241742441895049,-2.076455576430396,2
2.0438724035644142,12.6247,7.394314275281216,-7.773243442923079,1
4.253948664592838,12.6247,7.506411275669359,-8.5482,1
-4.283079730354548,12.056740054124298,4.579517122431588,-3.1092682978072768,1
-2.901689730822258,5.534698055456732,2.761013832568946,-3.1092682978072768,1
5.191433069122756,12.6247,-1.6480069455567736,-7.773243442923079,1
-2.353615018304774,9.154573677181244,4.313183385863077,-3.1092682978072768,2
2.608587641966218,8.382955774983936,-0.1869170744317099,-3.1092682978072768,1
-2.774053087860673,9.696702272825302,4.803079034048354,-3.1092682978072768,2
-0.6753100933664526,7.364895160285815,-0.523733602990283,-8.5482,2
1.834402551496389,5.359054668768544,11.462075089546111,-3.1092682978072768,2
-2.5119851142423424,10.796332733154482,-0.40906169389150726,-8.243090072699216,1
2.863606587758053,12.056740054124298,3.9813504287967922,-3.1092682978072768,2
-0.5297598537031555,2.5933947544532074,4.336778562146756,-2.190065576999686,1
4.036878283399926,11.113211827977967,2.9297506900526504,-1.9179136580742104,2
0.2418400905995549,12.6247,-2.5548669718261903,-7.773243442923079,1
2.897590987186571,12.6247,9.206206803398468,-7.773243442923079,2
2.458949734460286,12.6247,3.5904838655887126,-8.5482,1
3.4590570414757837,11.587153298543392,8.73211717919786,-8.5482,2
2.1152139863778006,5.387873982949411,3.2846295215262744,-8.5482,1
0.05313444801911138,6.212263073728555,10.2323709353977,-8.5482,2
-4.96643534372803,12.6247,14.50463170381709,-8.5482,2
4.046202125203096,12.6247,-0.7140990671245318,-3.1092682978072768,2
-1.852253833679547,4.228052649330519,3.6128722842299186,-3.01912712626531,1
4.624114791360869,8.023323739058224,-3.0385547916525937,-7.773243442923079,1
-1.8371114075483153,9.18180496949294,9.046949423489359,-3.1092682978072768,2
-1.604112261484192,8.236448757428047,7.977964725449219,-8.5482,2
2.019259816848714,-0.5465526762630537,-1.427525715624336,-5.035942410105567,2
2.0222415533898355,4.699323985599522,3.9781542726695553,-8.5482,1
4.0327923546705815,8.267313659325957,8.685554955787051,-8.5482,1
1.752118531187243,12.6247,10.486147835859686,-8.5482,1
2.464556220773175,-1.3127558081538573,4.6167453653922115,-8.311004989779843,1
0.959719965344739,11.315857120426882,-0.4170727366611273,-4.309388453043271,1
-1.587630324000068,7.385437022183673,17.6772,-3.1092682978072768,2
-2.0427903630094995,12.056740054124298,4.49659494453787,-3.1092682978072768,1
2.918573190061188,12.6247,10.910343829027218,-8.5482,1
2.146060581305761,12.6247,2.292538260265402,-3.1092682978072768,1
4.1157903647687455,5.676284950398717,15.754174364002107,-7.773243442923079,2
-3.260512834923669,12.6247,-1.1708552442806024,-2.2292195974691524,1
2.832821223991187,12.6247,3.859796271554943,-7.773243442923079,2
-1.0077494596615826,5.774960288893655,11.127691599982022,-2.808921201921284,2
3.5859145520088775,12.6247,1.5580726732156545,-7.773243442923079,2
-7.0364,12.6247,3.6068424430953723,-3.1092682978072768,2
-0.614511476190998,9.696702272825302,2.630401058466233,-3.1092682978072768,1
3.5994667889929097,9.46238841150829,3.485435757888825,-7.773243442923079,2
2.8006120732257873,12.6247,-1.8383550190926385,-7.773243442923079,2
2.085190177051896,12.6247,6.4078414147618545,-3.1092682978072768,2
-1.9831885276034902,12.6247,1.9948751621483454,-8.5482,2
3.064438166022978,5.915684620499165,1.9888097341326931,-3.0829008230594153,1
-1.679803597375416,12.6247,-0.19360880702540673,-4.878367433795797,2
-3.468147327164048,-0.6323695520523946,-0.3684092614452532,-2.959231090553531,2
3.332638094258938,7.188790100632593,2.1456187231549197,-7.773243442923079,2
-1.8373622725011132,9.623096327866296,12.9538060569649,-3.1092682978072768,2
3.1520330470392177,11.177868824205419,-0.6946809794657858,-8.5482,1
-2.253535832127607,10.263984017727097,7.383639546902373,-8.5482,2
3.932328740881245,12.6247,7.901701318666346,-3.1092682978072768,1
3.3828525864502765,5.728943509172225,3.071156822847192,-7.187277670374343,2
-2.5544027547469352,8.778033823595077,-1.24188404700424,-7.773243442923079,1
-1.6193872432577519,12.6247,10.582948060529693,-3.1092682978072768,1
-3.4334224113100635,7.164458278926909,3.7388798312225076,-7.773243442923079,2
-3.399138438680309,1.692881954626137,-1.1318393943905407,-3.0049345065791724,1
-3.749893405968857,4.215928310442113,17.6772,-8.5482,2
4.088416671945624,12.6247,1.7604926560134102,-2.1877243183928115,1
-5.5316500123713155,7.563434918791038,3.794665636247074,-8.5482,2
-1.316654059259611,12.6247,1.9159944202696884,-3.1092682978072768,2
3.75935039805843,12.6247,8.715098926664579,-8.5482,2
3.0419276541678313,12.6247,8.866334351882372,-3.1092682978072768,1
-2.738634375645233,11.018635334477278,2.6862950476093608,-8.5482,2
-4.192908997496312,6.800748177656519,14.005159373743076,-3.1092682978072768,2
3.60151218277865,12.6247,0.0032064483045366465,-7.773243442923079,2
-1.325320167684522,7.26895504524956,-1.580575451732957,-3.1092682978072768,2
-1.8363507829392378,12.6247,2.487240634780706,-8.5482,1
-3.9285424074606703,5.310105434004475,7.740988974551872,-2.8812174524115854,2
1.4328046562040542,12.280352223449004,2.2373066616025885,-7.773243442923079,1
-0.6326113760597726,9.080925089854984,10.218585645519866,-3.1092682978072768,1
4.127891189230396,12.6247,10.936306349553082,-8.5482,1
-0.28196874127149263,3.433831289375286,8.31157038748083,-8.044020842823105,2
4.536613967128179,12.431523721039024,-2.548166501517208,-8.5482,1
2.9352652465839872,12.6247,3.741244318501519,-8.5482,1
1.8306371600952276,12.6247,3.3302304560767446,-7.773243442923079,2
3.6461027845770753,12.6247,9.856034917351808,-3.1092682978072768,2
2.736873814590289,0.3591460370217119,8.64774347927436,-7.262657150251195,1
-6.040248204067995,8.650608600896714,10.551263379518263,-7.773243442923079,1
4.211930925332268,4.533877105454912,-2.2608073926148684,-2.379004681115465,1
2.788959302260343,8.057028618385566,5.315824564565578,-7.698198844303111,2
-3.475561636311071,12.6247,4.1302546699911264,-3.1092682978072768,2
3.2869767434064543,7.09766979742252,-1.0933978584080797,-8.519782782346896,2
-1.8139128102638304,5.463345509783217,7.642298456792828,-8.5482,1
-6.061643604275655,12.6247,-0.035432237681065626,-3.1092682978072768,2
-3.4566823973336427,12.6247,2.5952237586374913,-8.5482,1
2.064543055531253,12.6247,0.43760289687720144,-3.1092682978072768,1
-4.229401624109585,4.880846668567087,12.820397031365388,-2.908834684487371,2
2.809725246034151,12.6247,11.19219064607275,-7.773243442923079,1
2.9132478990804604,-0.2405189830733594,7.062010856745995,-2.0636158908099933,1
-1.0737940151036383,12.6247,7.3015957735794075,-3.107317636850688,2
-7.0364,12.6247,12.302889433644648,-8.5482,1
-0.6734272463433354,11.217187144076549,1.6004281791076358,-2.3329544981589843,2
3.158038900925106,7.426479119221621,11.570929020761302,-3.1092682978072768,2
2.8315925706928726,12.6247,8.950635060290553,-3.1092682978072768,1
1.8544621918769324,4.834186211040076,8.688300452055548,-7.773243442923079,1
-2.0754305224643153,12.6247,9.439145562025466,-8.5482,1
-5.466862875568166,12.447567977087077,9.944525338739314,-8.5482,2
2.197910764513859,9.696702272825302,5.924080972613242,-3.1092682978072768,2
-2.5357546123595442,5.5904688843892165,3.193447770875453,-3.1092682978072768,2
-6.53892576830761,8.273143448604428,11.320665445236681,-3.1092682978072768,1
-2.055923688571423,9.110735055382264,3.0143385237788127,-7.773243442923079,1
-5.057262961997001,12.6247,2.6630865174307803,-3.1092682978072768,1
2.924679665855117,8.256513720674103,11.805001041888191,-6.325101027694366,1
-3.9120138132397133,12.6247,3.2529281584472365,-3.1092682978072768,2
2.3071088051795967,12.6247,0.6417091393714895,-8.5482,1
-3.5611323581246603,12.219840481888456,15.956302872584992,-8.293602437251948,2
-1.7049336815511296,9.403645036884608,-0.8720263995027677,-7.773243442923079,2
2.497203219841264,12.6247,-0.26067408029691697,-7.773243442923079,1
2.990535274640827,11.29893673221909,16.63763318420415,-8.5482,1
4.705755689474823,8.548380562944779,6.339360792378217,-3.043435720846623,1
1.3955833903965202,2.8531776578564303,-0.13353251833167423,-2.9622550223128403,2
2.965903707565212,7.404207985349125,4.245013346213733,-3.1092682978072768,1
3.8411674981754405,12.6247,3.165087399092966,-3.1092682978072768,2
2.046909001145837,12.6247,5.172943833299804,-7.773243442923079,1
-3.105371868605466,4.574951874789142,10.882327813870372,-3.1092682978072768,2
-5.216286475746273,6.461815377607198,3.4888725965184872,-8.5482,2
-4.565604176927202,11.471790096322554,10.398748918362799,-1.7904496592176897,2
3.0366136084003412,12.6247,9.852031987788607,-3.1092682978072768,2
2.8770468926195747,9.015377906683401,10.924015749443551,-3.1092682978072768,1
-2.2135531340788823,2.110856488450768,2.1925066691228703,-2.950190179040002,2
-1.2192957281990462,9.696702272825302,-0.8899127571887471,-7.773243442923079,2
3.2841362220431227,12.6247,-1.4198260069818789,-3.1092682978072768,2
2.795277747073731,12.6247,3.663689591262034,-3.1092682978072768,2
3.945026536662952,12.6247,2.4041772481427612,-8.5482,1
-2.715811881521784,6.422337252378498,9.429285344094492,-4.878367433795797,2
-4.37127643966578,1.021526281225972,17.6772,-2.399447251088641,2
2.896169475231178,3.819773341474341,6.522848360849615,-1.5515253044571036,1
2.7896947262058056,11.926618787332218,3.8143380641222944,-6.629931436551761,2
-5.925083965623349,12.609467857239487,13.33108909313263,-3.1092682978072768,1
-5.9375039792954505,12.6247,8.534733149156068,-8.5482,2
3.1390225953287785,12.6247,4.469969883976445,-3.1092682978072768,1
-5.162116482515906,9.541163446017226,9.89657777379929,-3.1092682978072768,2
3.9899644237967693,12.6247,8.516141274415595,-4.878367433795797,2
-3.4913349159193703,11.671977593039514,4.486878112724075,-3.1092682978072768,2
2.7528767280452264,12.6247,2.5443447676781257,-3.1092682978072768,1
2.3632252792871533,11.552962847844505,-1.8602137287782177,-3.7394704200168,1
2.350629860446767,-0.03400546217419986,8.469828316867638,-8.5482,2
3.74673410154648,12.6247,5.373539091975616,-4.878367433795797,1
1.0680179989441099,12.6247,4.121681173493495,-3.1092682978072768,1
1.5588087655545446,12.6247,10.973567956650367,-8.5482,1
-0.9281459614209292,12.6247,8.289643736278924,-3.1092682978072768,1
2.209431712979622,9.696702272825302,4.558583305693282,-3.1092682978072768,1
2.9111439391841616,12.6247,-1.341429868125382,-8.5482,2
-2.692171518437612,7.1494504038664415,3.308882502940719,-3.1092682978072768,2
-3.773727260142074,5.562516961023127,-0.6834753261891624,-7.132848534492355,1
-3.159383209503785,12.6247,2.94144387489553,-8.5482,2
2.388153771993215,4.6148965591961595,0.04860456296925131,-3.1092682978072768,2
1.9492295689014894,5.927907481633347,1.6001811956047,-8.5482,1
2.589481959675086,4.308733445979916,-1.8963213616253909,-8.5482,2
4.53695476859062,5.1259470359479815,8.896154567571724,-4.080591869670821,2
-3.3761359682298355,5.63898912962627,8.833458973382578,-3.1092682978072768,2
-2.6799349554689664,12.6247,2.2351014137542315,-4.878367433795797,2
-2.935018879958063,6.983418891473533,3.624886794884595,-7.773243442923079,2
-4.739636330800355,12.6247,-0.9774470192545062,-3.1092682978072768,2
1.9630078801724509,10.073876009088622,-1.9805576875800908,-2.3049866203276297,1
-1.6250723714975557,12.6247,3.7343865841649295,-8.5482,2
-1.4505202258123986,7.067853793069694,-2.30153222933293,-6.93265793713744,2
-1.9992148487330503,12.6247,-0.8779919685737085,-3.1092682978072768,1
-5.837016768419911,9.995380429829998,2.851453478125777,-1.4743860503798607,1
1.9939963077899112,1.994676989630121,12.185787086882918,-2.485246078345658,2
-5.787433316974981,12.6247,4.502833182448171,-7.773243442923079,1
-3.4807760527950955,12.6247,8.931406849262682,-7.773243442923079,2
-0.11125475235609006,12.6247,2.1843662886928827,-3.1092682978072768,1
-2.687740650205744,12.6247,14.541186603319897,-3.1092682978072768,2
-4.638044443204148,12.6247,8.859738913421216,-3.1092682978072768,1
-5.380717119995969,1.5345434130737727,17.6772,-2.9472435827262533,2
-5.535460258582631,5.035766164166683,3.9898096676814867,-8.5482,2
-1.6255437955699277,-3.290679103924874,10.971462806485468,-4.640980819241365,2
-4.2004743177610235,9.673429961002615,10.828828401980527,-3.1092682978072768,2
-4.974566631903803,10.553868863467976,13.356211649759125,-7.773243442923079,1
2.443836427874502,12.6247,3.774901346769426,-8.5482,1
-0.7257472054326706,3.1941059598747783,-0.8970574936622939,-8.079329516846295,1
3.4442257102369513,12.304693171676737,10.182812691019631,-8.5482,1
-5.5070634338275966,12.6247,11.512444475532881,-8.5482,1
-2.3016987300181935,7.962104241777543,8.109026793094621,-3.1092682978072768,1
-4.527084685826946,9.6203482916538,3.588178215286463,-8.5482,2
2.0829863752623474,12.6247,12.14051138571904,-3.1092682978072768,1
-1.7587642235469674,12.6247,4.1836714326159,-3.1092682978072768,2
1.7677073867906161,12.056740054124298,12.624238510150033,-3.1092682978072768,2
3.782177807084562,3.5360230677880073,-1.0310726684306717,-2.7949880756095666,1
-1.8288732718836112,12.6247,-1.354133318499877,-8.5482,2
2.5847499999453913,12.6247,9.815657508339049,-8.5482,1
1.924412618310543,12.6247,9.985880085426427,-8.5482,2
3.0136959938255172,12.6247,-1.9843428997746442,-8.5482,2
-6.166844217243451,5.775575087786887,4.928255651091713,-8.5482,2
1.6737452450353176,12.6247,-1.6410143131949442,-8.5482,1
2.574081477643743,12.6247,8.597422005666875,-7.773243442923079,1
-2.8314853706505816,5.1596453150841315,10.257213504057741,-2.7326262710170885,2
2.690336572128728,12.6247,2.1999632120455312,-7.773243442923079,2
2.753894387342571,12.6247,12.017053162392589,-3.1092682978072768,2
-2.4519997328196106,10.56396046196472,7.588665414282628,-7.773243442923079,1
-1.532469757413234,7.899961328033725,-1.9034855246698152,-8.5482,1
1.215940003912273,11.889044487986066,10.717416398889995,-8.5482,1
-3.8440901522099953,10.18847185143824,8.68363359451457,-5.731510095520727,1
-2.199503639779933,5.5528170949412194,3.8652240775595312,-3.1092682978072768,2
-5.3129234891224755,6.575420086430486,13.19752135777673,-2.7785895682996227,1
-4.272595466204363,6.97544489739281,0.4291193388246666,-3.1092682978072768,2
-2.6099287397459117,12.6247,7.543835484803458,-3.1092682978072768,2
2.746561988302096,10.945230346115817,-0.4815229729288437,-8.5482,1
2.5812342132773543,12.6247,3.3139479870464763,-8.5482,1
-4.666288443671986,7.8705098650056176,3.793135495257879,-3.1092682978072768,2
-1.8471408251759258,12.056740054124298,6.282931110221561,-3.1092682978072768,2
-2.0241373816843886,7.262737018091628,10.942141178993065,-3.03789714701502,2
0.18302965262852555,4.895895811145116,4.225726205637951,-8.5482,2
-6.466108362772767,11.022177437287407,12.38366820785981,-2.2598316701187744,1
-2.479067481105548,2.519291691768757,11.007640396001396,-2.5439160175603646,1
3.34184226879292,11.07736615064086,9.619629248904877,-3.1092682978072768,2
3.050734281163326,12.163203781730697,6.304506408024615,-2.855100549741265,1
3.023132287761059,12.451435232683954,10.022835767336549,-2.0452112553498254,1
1.9761287689770515,12.041683380996785,2.0387906053384417,-8.5482,1
2.6195684301892026,5.190441460531913,8.846628140008026,-6.252013454036755,2
3.367615842523814,7.57554017946656,12.375777637896066,-3.1092682978072768,2
-1.7207015216509014,9.371017889072577,7.587931381659342,-1.8390524967288155,1
2.624912181519984,5.987264472143202,-0.8914343072990452,-8.5482,2
4.210824311848132,-0.8248387150874184,-2.2710719600223683,-7.339853240155286,2
-4.664862256340951,0.7822619657795054,2.5501421078561153,-8.5482,2
-2.9585446395593147,5.585229548702084,3.3613480045089505,-7.773243442923079,2
-3.602799821725673,12.6247,-0.42905002351286603,-3.1092682978072768,1
-4.0532869155430955,12.6247,8.405393306956736,-3.1092682978072768,1
-3.462423928096391,6.386429434702829,8.770712846605903,-3.1092682978072768,2
3.171462825476016,12.6247,4.447206558015148,-3.1092682978072768,1
-3.709549866342421,12.6247,3.0082593355024665,-7.773243442923079,1
-2.8402199171481586,12.6247,10.93260961003876,-7.773243442923079,2
2.4377407422851816,11.720166693779415,1.7791650450803862,-8.5482,2
2.762046061918543,7.1944735645227995,3.0619774952856176,-3.1092682978072768,2
-2.5975126729958626,12.6247,-0.29920944067846333,-8.5482,1
-3.3312482372772116,1.9996056849460757,-0.16780149835265412,-2.5554047085273965,1
2.218136548044889,12.6247,4.5147626641815926,-3.1092682978072768,2
-3.5753064222259123,7.6847156420133365,2.209083892427043,-3.1092682978072768,1
2.277057955340937,12.6247,2.8475095027157713,-8.5482,1
2.3414906871453693,12.6247,2.92990860090641,-3.1092682978072768,1
3.669026363014989,6.737356102680772,2.368850198718327,-7.773243442923079,2
3.014383966871193,12.599788268532716,7.4009385161053345,-7.773243442923079,2
-3.99424623096279,3.833290091149637,9.897683501677513,-1.6897759270045727,2
3.6848417154133033,12.6247,7.7485228218792095,-3.1092682978072768,1
-3.7501959462526653,12.6247,5.037018008813459,-7.773243442923079,1
-3.3918696171331497,11.3207097384606,8.677215207267496,-1.8509713493583766,2
-0.7390553052623952,12.6247,3.4229909356717636,-7.773243442923079,2
0.8231491043855901,7.351714709122736,7.627383857162593,-8.5482,1
4.160938790894904,11.066510393746361,6.642755266219186,-5.758209507507163,1
2.303146200038773,5.747366340079758,9.089693629175777,-2.593879934669158,1
-2.6919001905717823,12.6247,0.6113018901779514,-7.773243442923079,1
-2.1912039858640266,8.927576345387653,-0.837924708555021,-7.773243442923079,2
-2.2626658529226384,5.1096737659473375,9.980070335122477,-8.5482,2
-4.479263117096451,3.447449011379324,2.1650332173158864,-7.773243442923079,1
-4.339654245378229,1.2551619712207867,-0.8576821249627185,-3.1092682978072768,2
-6.682984676049653,11.495211086094077,10.938589673878454,-3.1092682978072768,2
3.906311932538019,12.6247,10.887216373819445,-3.1092682978072768,1
4.458079412918211,6.677260698562357,6.426556830894063,-8.447307959885713,2
2.8188472590101457,12.6247,1.3901173985393802,-7.773243442923079,2
-2.699764683805499,12.355430291899493,-1.9995750279863251,-8.5482,2
4.025144650901146,8.30946245294471,0.8372435994122049,-8.5482,2
-2.9131547901647714,12.6247,9.706170235360165,-8.5482,2
-5.1520824024524146,10.249766779592694,11.298997820335295,-3.1092682978072768,2
2.40565704389867,2.2403846195271715,3.5978844184851004,-5.799203432860777,2
-3.9082027899557508,9.696702272825302,13.16577790923758,-3.1092682978072768,2
-5.094606224134267,2.52896358854845,12.566416503291435,-3.1092682978072768,2
-4.579727856442489,4.016212039675295,3.892830766649375,-2.1965854934879143,1
1.863016224082603,12.6247,4.9151729646137685,-7.773243442923079,1
3.6605905518010817,12.595244105809812,10.710392743538966,-2.9292349752709925,1
-2.4586519927243704,5.005746754378417,8.806551306312196,-2.733838791627607,1
-4.446658702983387,9.49311116641973,11.999014900222154,-8.5482,2
3.2200453967220852,12.6247,-1.5104233896644226,-6.651541022557419,2
2.1815227837570905,12.6247,0.8121243384132986,-2.3180493383699927,2
3.7916425715599757,12.6247,-2.1907665455438026,-3.1092682978072768,1
-2.1582773456267694,12.6247,4.042833930732252,-8.5482,2
5.04743778861503,10.167708256574393,-2.2778256625288424,-8.5482,1
-1.243268257461684,9.694959119466247,6.858838038066189,-7.773243442923079,1
-3.8524194390823165,8.524551280713666,11.422891746860882,-8.5482,1
-3.8461923927437165,7.173843078352642,3.571046975417237,-7.773243442923079,2
0.2741968136553763,3.243487391236388,9.933154757914428,-2.8980980976354362,1
-5.83796997753328,6.798174342994629,11.239367869789557,-3.1092682978072768,1
4.47985209578229,11.98736410307022,0.4739962874629995,-8.5482,1
2.061869944842443,12.6247,-0.4035874728490483,-3.1092682978072768,2
3.9871905936980694,9.696702272825302,13.354221040125957,-8.5482,2
-2.071964130899194,12.6247,-0.7628124236665017,-8.5482,2
-5.831882908466936,12.6247,2.52487333450739,-3.1092682978072768,1
-3.3946839152355253,12.6247,-0.1282625731960838,-7.773243442923079,1
4.949123294328331,12.6247,1.5012379567327918,-3.1092682978072768,1
-3.857811182958182,11.1902305033347,3.6257765618105866,-3.1092682978072768,1
3.3774790645549717,6.988596890526867,12.13110590168332,-8.5482,1
2.696751413770038,6.06994065850868,8.548201393836592,-3.1092682978072768,2
-2.480674231533757,12.6247,14.368064952970226,-7.773243442923079,2
-1.9870949761735277,12.6247,2.341529679876348,-7.773243442923079,2
4.486695165543868,12.6247,-0.5906254792710794,-3.1092682978072768,1
-4.1025471047669715,12.6247,2.050138077266532,-8.5482,2
-2.6357252204006474,12.6247,4.643958648816006,-3.1092682978072768,1
2.2051203112247495,2.368001916600611,10.768582328182402,-2.437752972589712,1
2.4912722473753135,5.5961168012014975,4.408941894119138,-7.773243442923079,2
2.932279219961515,8.128158338281558,10.942511002670681,-3.1092682978072768,2
-4.744844530703206,10.648495460611908,14.201005715862145,-3.1092682978072768,1
2.6225864374181063,12.6247,14.158999285953644,-3.1092682978072768,1
-4.744721235176586,6.316972622028692,12.377971825373049,-8.5482,1
-1.4875938120624195,12.6247,6.873295224200423,-3.1092682978072768,2
4.145852362318793,9.696702272825302,3.629478075372139,-7.773243442923079,2
1.4938860544588892,1.7980416346743189,-0.03318248807551738,-8.5482,1
3.4396498834679248,11.505406916320933,-3.4890505548669553,-3.1092682978072768,1
-3.3302547498983195,4.091745205097391,2.3559370006927947,-6.749809229915528,1
-0.35557111969167887,12.6247,6.512944872185028,-7.773243442923079,2
1.6024929739155023,11.054108630305173,-0.13081144109383258,-3.1092682978072768,1
1.9868047014192143,8.961837950480238,-0.66103195306914,-3.1092682978072768,1
-4.035530667936093,8.025874779006609,7.538165017883747,-2.1115864798901707,1
2.505220731873181,9.696702272825302,13.260285077380171,-7.773243442923079,2
-3.1441440378280308,12.083611319815216,-0.7172668706603678,-8.5482,1
3.318188710262773,4.96874196748695,-1.7899894745183436,-2.8889526046876433,2
-5.522425642005755,12.371614234465435,2.163534772375463,-3.1092682978072768,2
2.219529134451782,6.492341176224367,2.455110900551505,-8.5482,1
-0.6033945453942365,12.056740054124298,-1.3058775467758679,-8.5482,1
-4.8866040804834645,12.6247,3.9403607948508217,-3.1092682978072768,2
-2.4899787698940417,12.6247,9.959435820899454,-3.1092682978072768,2
0.21225885170035608,12.6247,-1.170653683003725,-3.1092682978072768,2
-1.4966314282493702,8.988144574144414,11.686555067336265,-3.1092682978072768,2
-4.569489281136824,4.065287020011452,-0.07730506597292353,-2.712175167629507,2
0.9344880468849723,5.293805947064423,13.010770881412828,-2.8922655088893183,1
-3.852144251169523,7.26544968018644,3.119429525532727,-7.773243442923079,1
-2.7289977682405633,12.6247,8.565721677506305,-8.5482,2
-2.7587470879372966,9.302259169517344,2.4928667783359897,-2.5523908617123845,2
-1.2009128362802337,3.7474168082764097,8.355399733694995,-2.866199806705431,2
2.701188917916125,12.6247,4.642623765738865,-3.1092682978072768,2
-2.568435780162799,2.304742082541315,6.588674729572761,-6.102143517389049,2
2.116659223783087,12.6247,9.092282020603637,-8.5482,1
-3.711197778401999,12.20997149619278,11.653373498787595,-3.1092682978072768,1
1.6595952567164374,12.285041339558504,-1.6094153414350885,-8.5482,1
-4.241377349693131,5.187371452162604,3.8323133299129974,-3.1092682978072768,1
-2.0770843273247976,12.6247,-2.2742032433015984,-7.773243442923079,2
2.719683978628357,11.628263498746449,9.1949163260827,-8.5482,1
3.297474637472568,12.056740054124298,2.7593906911971287,-8.5482,2
4.045091286638842,12.056740054124298,5.250940786848496,-3.1092682978072768,2
-3.293092416175641,9.403383973810943,4.989399037342152,-3.1092682978072768,2
1.239504770758709,12.6247,0.9693341004428406,-3.1092682978072768,1
-4.560598015912512,11.39356540158228,13.669666413146135,-8.5482,2
-1.7269140231936446,5.089302089121536,12.030016455513291,-2.513208137939918,2
-3.612644244854652,12.6247,0.8559457023369741,-8.5482,1
-6.021672023422806,4.214699070572036,12.534382585952859,-2.6776350091760723,1
2.521928518694266,1.0621019484351706,-0.4217468205135586,-2.695676586641536,2
4.00073802059089,12.6247,10.904986626118248,-3.1092682978072768,1
2.57558482615096,1.8665976892020941,10.463027118330253,-2.731522745381476,2
4.188415396919515,6.35943359380127,-1.2419868636151725,-2.3702078945108758,2
4.625849804261017,12.6247,1.9657660423873944,-8.5482,2
-3.838591068113038,12.6247,9.99464543062761,-3.1092682978072768,2
3.0209486363536113,12.379605677254386,9.051887767395034,-7.773243442923079,2
-2.8825269827463815,12.6247,-1.0326715854957307,-4.878367433795797,1
-1.2275683464624505,5.2722668499119,2.1155670729855913,-8.5482,1
2.070949057004932,9.022897453180658,1.6662003272589034,-7.943988175975919,2
5.237630485140365,7.033847308312,9.62364191067012,-3.1092682978072768,2
2.4575654682111643,12.056740054124298,8.073710877774923,-7.773243442923079,1
3.0153790057395984,4.408471153246158,9.209074059846394,-2.45189865849662,2
-5.116080885751899,3.791510012074765,3.9836663281208002,-6.8657614594901855,2
-2.146691451487684,7.757089511204291,2.2288339058631452,-3.068198137921316,2
3.750379630674756,12.6247,-2.4886995624244053,-8.5482,1
-0.6498406307838983,12.056740054124298,11.002599115343347,-3.1092682978072768,1
2.236094178566111,12.6247,3.1096699894616058,-3.1092682978072768,1
1.9445289397659002,12.6247,14.23024723984543,-3.1092682978072768,2
2.766954825000868,4.756864459031967,0.10004680131028865,-4.878367433795797,1
-1.5879938321086204,6.907824916063046,9.180051136093605,-3.08373864920104,2
-2.1890600424315956,9.601586589728047,10.140919678696473,-7.773243442923079,1
1.9601406758031432,12.6247,2.6176364712561986,-3.1092682978072768,1
-4.836752797999614,12.6247,10.138431978128207,-8.5482,1
-1.9582613935377928,11.080314966032441,11.508724528459842,-8.5482,1
1.6105923875004762,4.314817275042116,4.408804481308895,-3.1092682978072768,2
3.4671266844962334,9.306422732721389,12.156920626993736,-3.1092682978072768,2
1.8342991995365796,3.8007183430481897,12.480249083668394,-3.1092682978072768,1
-5.588544681325464,6.07956886905648,-1.9777963150533113,-8.5482,1
