dataset_id,dataset_name,seed,generator,n_train,n_test,n_synthetic,label_tvd,mean_feature_ks,correlation_mae,nn_min_distance,nn_median_distance,nn_distance_p01,exact_duplicate_fraction,c2st_auc
1049,pc4,0,ctgan,729,729,729,0.22359396433470505,0.32195158121084044,0.27363984676011976,1.3721068975476545,6.67752721021472,1.6682252245666287,0.0,0.9998768530681178
1049,pc4,0,nflow,729,729,729,0.017832647462277085,0.11374337300263225,0.27465743366743806,0.828780392056275,4.387834468490726,1.2883574248599095,0.0,0.9988447644961531
1049,pc4,0,rtvae,729,729,729,0.05761316872427987,0.3460497534571608,0.17804730832058593,0.47995690497399784,1.8074800062323224,0.5633630621727419,0.0,1.0
1049,pc4,0,smote,729,729,729,0.0,0.06465724984243502,0.11511484766963219,0.0,1.04124951881496,0.0,0.024691358024691357,0.8010004222180521
1049,pc4,0,tabddpm,729,729,729,0.012345679012345658,0.49323397471545627,0.3406515797236095,23.774472627600318,46.24474902442915,30.60398876477643,0.0,1.0
1049,pc4,0,tabpfgen,729,729,729,0.005486968449931386,0.15737960182404628,0.06686974218396821,0.054232473411381876,0.08505834620013566,0.061727292605667915,0.0,1.0
1049,pc4,0,tvae,729,729,729,0.04938271604938271,0.20464909353798244,0.1883836800357846,0.4067569351725078,1.9571811532904502,0.5728616950980174,0.0,0.9966281197222744
1049,pc4,1,ctgan,729,729,729,0.16735253772290806,0.28721313906499096,0.3065742507062486,1.232628338747606,6.264333424016,1.6057752782731447,0.0,0.9999999999999999
1049,pc4,1,nflow,729,729,729,0.0013717421124828308,0.10873836799762727,0.2964260174919832,0.8086573740948348,5.173030948119614,1.6481320483117794,0.0,0.9996892006004879
1049,pc4,1,rtvae,729,729,729,0.03978052126200278,0.34115597078560034,0.17509985095280456,0.4032024742568579,1.8274178305205508,0.5607491769270443,0.0,0.9999999999999999
1049,pc4,1,smote,729,729,729,0.0,0.056871686501316125,0.08895755140841936,0.0,0.9614451760596242,0.0,0.04663923182441701,0.7722544098329893
1049,pc4,1,tabddpm,729,729,729,0.0,0.48378007637266895,0.3649130996654188,19.417212746077517,38.26317353412676,26.4020334155943,0.0,1.0
1049,pc4,1,tabpfgen,729,729,729,0.021947873799725647,0.15471026582137695,0.04990078127060602,0.056796952615529445,0.08999269898282555,0.06630182437131056,0.0,1.0
1049,pc4,1,tvae,729,729,729,0.01097393689986282,0.19523226930634338,0.2044372125002204,0.3388627588063961,1.965428154013567,0.5979003029367894,0.0,0.9990206886845562
1049,pc4,2,ctgan,729,729,729,0.06172839506172837,0.29418307196084964,0.2948448786788847,1.4631043894421358,6.805810318223444,2.002410767800775,0.0,0.9999530868830925
1049,pc4,2,nflow,729,729,729,0.017832647462277085,0.11070329588848109,0.29120049267123466,0.7499641580603762,4.57778082255983,1.3553569937665977,0.0,0.9998064833927567
1049,pc4,2,rtvae,729,729,729,0.05486968449931415,0.3292181069958847,0.23693591552179458,0.4737131242282981,1.9685916820468685,0.5678847371335419,0.0,1.0
1049,pc4,2,smote,729,729,729,0.0,0.06343380417454492,0.09829261304531861,0.0,0.9993474239246484,0.0,0.037037037037037035,0.7707355976731096
1049,pc4,2,tabddpm,729,729,729,0.009602194787379982,0.47977607236866504,0.373549624127816,31.174198302297636,44.70403100449411,35.34676555994019,0.0,1.0
1049,pc4,2,tabpfgen,729,729,729,0.008230452674897103,0.1587884180476773,0.04329278963824969,0.06006975365814261,0.08431325690194329,0.06332837731546026,0.0,0.9999882717207731
1049,pc4,2,tvae,729,729,729,0.034293552812071346,0.17921625329032737,0.2022008803426857,0.38968916001289144,2.003526733441338,0.6632833383791955,0.0,0.9983111277913305
1050,pc3,0,ctgan,781,782,781,0.034571062740076826,0.43585839360487244,0.33576789377479893,1.3177884018403045,5.312441242002167,1.5676759917298122,0.0,1.0
1050,pc3,0,nflow,781,782,781,0.08194622279129324,0.13146693428383568,0.31355932869337044,0.8786644342544294,3.9114781778128673,1.1975025783324507,0.0,1.0
1050,pc3,0,rtvae,781,782,781,0.06530089628681172,0.41333010347094856,0.2368706065577243,0.46289006187007176,1.6983497631412339,0.5658371756594551,0.0,1.0
1050,pc3,0,smote,781,782,781,0.0,0.06710039104405302,0.12294076099085816,0.0,0.930565216654922,0.0,0.03585147247119078,0.8503368968624561
1050,pc3,0,tabddpm,781,782,781,0.01152368758002563,0.5255562861196663,0.4134603370556835,23.438625751446562,47.08676670605477,33.114281832957744,0.0,1.0
1050,pc3,0,tabpfgen,781,782,781,0.006402048655569738,0.13520434647195215,0.06292547742402739,0.0594553532490738,0.08565913849400152,0.06268267948530525,0.0,0.9954585483738838
1050,pc3,0,tvae,781,782,781,0.037131882202304706,0.247499740457487,0.2003052359494148,0.32501467934052397,1.7655074193151623,0.48789218891089103,0.0,0.9998924797247482
1050,pc3,1,ctgan,781,782,781,0.042253521126760535,0.5288092189500639,0.3749867105924602,2.1071677122690238,5.529715596091007,2.5658683523060604,0.0,1.0
1050,pc3,1,nflow,781,782,781,0.01408450704225351,0.15454891511229538,0.3106088647380248,0.7105092049117718,4.573958706628512,1.2245459322396501,0.0,1.0
1050,pc3,1,rtvae,781,782,781,0.0665813060179257,0.4625393639478147,0.35175268719175146,1.0323624686865203,2.456754315688815,1.2509980019212665,0.0,1.0
1050,pc3,1,smote,781,782,781,0.0,0.07004187285877427,0.05367893443344632,0.0,0.9488200360002967,7.935588657250857e-08,0.0076824583866837385,0.824183869910707
1050,pc3,1,tabddpm,781,782,781,0.0038412291933419135,0.497283455029934,0.4545367672525008,18.0974018847109,32.93361857000583,25.68698515715373,0.0,1.0
1050,pc3,1,tabpfgen,781,782,781,0.014084507042253572,0.13163996262587813,0.029482158768497715,0.05533323996127119,0.08515382045407856,0.06403484690041496,0.0,0.9936460637339231
1050,pc3,1,tvae,781,782,781,0.020486555697823254,0.2670865487766896,0.2924535070742772,0.407781697542605,1.8416511965201285,0.5424186849489956,0.0,0.9995801589252068
1050,pc3,2,ctgan,781,782,781,0.23175416133162616,0.3551579748762847,0.33718052043496843,0.45404535953151137,5.197979386519799,1.2852756552556035,0.0,1.0
1050,pc3,2,nflow,781,782,781,0.017925736235595423,0.15728276291656576,0.3183908782176953,0.9954485281110299,4.978807079076677,1.2875161786310663,0.0,0.9999487998689277
1050,pc3,2,rtvae,781,782,781,0.058898847631241986,0.37401806415890926,0.2829750079248155,0.5986279158853071,1.7704657838422189,0.6644855352402175,0.0,1.0
1050,pc3,2,smote,781,782,781,0.0,0.06893449146970274,0.07946927311965266,0.0,0.8884020944273835,0.0,0.056338028169014086,0.8340603751945607
1050,pc3,2,tabddpm,781,782,781,0.008962868117797743,0.5254178634460324,0.4178485266056194,31.979371818335203,45.120693044159694,34.453741408698455,0.0,0.9999795199475711
1050,pc3,2,tabpfgen,781,782,781,0.002560819462227887,0.13845727930234975,0.027930094382608038,0.05657762739939942,0.0848613124955973,0.06343869532322749,0.0,0.9942143851888261
1050,pc3,2,tvae,781,782,781,0.011523687580025567,0.22915873620098973,0.21410522990152098,0.2761132176987505,1.695935625160497,0.4637431409709803,0.0,0.9997644793970673
1063,kc2,0,ctgan,261,261,261,0.05747126436781605,0.4212734902390074,0.5833468006507746,0.6034027490669097,2.566699229352591,0.6911267821447393,0.0,1.0
1063,kc2,0,nflow,261,261,261,0.011494252873563218,0.1764276591862799,0.520023686119405,0.07400313948927204,1.8189784204637849,0.19091025529944566,0.0,0.9993589743589744
1063,kc2,0,rtvae,261,261,261,0.09578544061302678,0.41507024265644954,0.3372584787072741,0.31795824843446513,0.6715698378788821,0.31795824843446796,0.0,1.0
1063,kc2,0,smote,261,261,261,0.0,0.04743659916073709,0.03982260700808977,0.0,0.1854891142871247,0.0,0.19157088122605365,0.6047619047619047
1063,kc2,0,tabddpm,261,261,261,0.01915708812260533,0.5197956577266921,0.7823619271245876,5.486929102618617,21.9575614563937,10.359603054514887,0.0,0.9992673992673993
1063,kc2,0,tabpfgen,261,261,261,0.01915708812260533,0.19357781426746945,0.03641884931939702,0.03250607641934062,0.06500120629504036,0.04468544923623824,0.0,0.9917582417582418
1063,kc2,0,tvae,261,261,261,0.06513409961685823,0.25743477467615394,0.42703595572593256,0.09657990028955062,1.0326915192108654,0.13033024794713005,0.0,0.9973443223443224
1063,kc2,1,ctgan,261,261,261,0.10727969348659,0.4663382594417077,0.712236630036288,0.6896699338591618,6.44863033545335,1.6164497985523898,0.0,1.0
1063,kc2,1,nflow,261,261,261,0.1264367816091954,0.19084108739281153,0.5893991678578003,0.3022946363497477,2.53788641297273,0.38695227743624,0.0,0.984478021978022
1063,kc2,1,rtvae,261,261,261,0.057471264367816105,0.5966064586754242,0.5922640055344843,0.809671148043767,1.9946602339012833,0.8507242087460236,0.0,1.0
1063,kc2,1,smote,261,261,261,0.0,0.0521802590768108,0.043778429226144326,0.0,0.17466727228824927,0.0,0.06513409961685823,0.47880036630036626
1063,kc2,1,tabddpm,261,261,261,0.026819923371647514,0.5362160189746398,0.7412671901670035,14.985022041703639,21.59215400723804,16.833749379402207,0.0,1.0
1063,kc2,1,tabpfgen,261,261,261,0.03448275862068968,0.2025177887246852,0.04103198838051999,0.0395332383565588,0.06407936791655774,0.040671289873393336,0.0,0.9822802197802198
1063,kc2,1,tvae,261,261,261,0.0459770114942529,0.30414158000364894,0.44110508476646626,0.10770010773055966,0.9417266601905202,0.18359030521757105,0.0,0.9970238095238095
1063,kc2,2,ctgan,261,261,261,0.16091954022988508,0.3178252143769385,0.6576800098061666,0.2446956041469671,2.268549127915947,0.3764156121418198,0.0,1.0
1063,kc2,2,nflow,261,261,261,0.007662835249042127,0.18919905126801684,0.6504809122250319,0.16556461234586847,1.3885627220133046,0.24678253281949103,0.0,0.9987179487179487
1063,kc2,2,rtvae,261,261,261,0.03448275862068963,0.549169859514687,0.7373610041783656,0.910715372381751,1.9272918004207056,0.9744558847231675,0.0,1.0
1063,kc2,2,smote,261,261,261,0.0,0.05199781061850028,0.023678929623127776,0.0,0.14658375943889146,0.0,0.18773946360153257,0.5778388278388278
1063,kc2,2,tabddpm,261,261,261,0.03065134099616855,0.5057471264367815,0.7502251628825024,14.327919231881001,29.796780749756447,20.01626681053124,0.0,0.9983974358974359
1063,kc2,2,tabpfgen,261,261,261,0.0,0.19813902572523265,0.03422487830479857,0.03649152322877768,0.06297998121843225,0.043704965250655446,0.0,0.9885531135531135
1063,kc2,2,tvae,261,261,261,0.07662835249042145,0.2981207808794016,0.5416695728848646,0.07629772589669864,0.6786051990694119,0.09276389200990882,0.0,0.9988095238095238
1068,pc1,0,ctgan,554,555,554,0.04693140794223827,0.519339865910263,0.5136554635655416,1.1313230314227836,4.179316001947996,1.404151989249442,0.0,1.0
1068,pc1,0,nflow,554,555,554,0.0072202166064981935,0.12025098848203541,0.5019967109418282,0.22776950568871765,2.135192215615708,0.3969057367521212,0.0,0.9992593945296648
1068,pc1,0,rtvae,554,555,554,0.04332129963898915,0.3987450575898229,0.43693067535213764,0.28096079027767923,0.7672081718697411,0.28484557991014126,0.0,1.0
1068,pc1,0,smote,554,555,554,0.0,0.06085611139762765,0.0784733164799965,0.0,0.23656185247155254,0.0,0.02888086642599278,0.6865717068419771
1068,pc1,0,tabddpm,554,555,554,0.03610108303249101,0.3700361010830324,0.24229439675817377,5.960464477539063e-08,3.1985658787151943,3.2677161289942563e-06,0.0,0.8792204366528691
1068,pc1,0,tabpfgen,554,555,554,0.010830324909747259,0.12953412411896167,0.05295725292621556,0.03883706664207502,0.06369312262376138,0.04312899835398588,0.0,0.9942577712847983
1068,pc1,0,tvae,554,555,554,0.03971119133574008,0.2503867973182053,0.39627712947081206,0.14541898425190736,0.7858482554518862,0.21177994211031753,0.0,0.9992593945296648
1068,pc1,1,ctgan,554,555,554,0.041516245487364586,0.4271101942582088,0.4467126136409544,0.7337537606318713,2.1035730371230628,0.8302349558317982,0.0,1.0
1068,pc1,1,nflow,554,555,554,0.018050541516245452,0.12893243940175347,0.4659963479910597,0.06338258049055748,1.6711010800434978,0.33671331822713035,0.0,0.9968651083515948
1068,pc1,1,rtvae,554,555,554,0.05776173285198553,0.4274540140966134,0.377420590971447,0.2398354252560643,0.6101415084103066,0.23983542525606522,0.0,1.0
1068,pc1,1,smote,554,555,554,0.0,0.06197352587244284,0.09673673255749796,0.0,0.19927565000417669,0.0,0.0812274368231047,0.6620911451992533
1068,pc1,1,tabddpm,554,555,554,0.01624548736462094,0.3090080797662026,0.23669847033222838,0.0,1.017545470100828,0.005459568555365292,0.0036101083032490976,0.8869917214511809
1068,pc1,1,tabpfgen,554,555,554,0.016245487364620944,0.14577961148358262,0.11193643054373588,0.03655542875336253,0.06504810631215438,0.04434424773056018,0.0,0.9968448177907637
1068,pc1,1,tvae,554,555,554,0.03429602888086639,0.24402613030771872,0.34289027913404957,0.15352233964415876,0.7141535727926547,0.19181808631923794,0.0,0.9984680626572519
1068,pc1,2,ctgan,554,555,554,0.0018050541516245605,0.3245659274540141,0.5513630047616317,0.43786402286279696,2.9159080749880553,0.7433172833933981,0.0,1.0
1068,pc1,2,nflow,554,555,554,0.06498194945848378,0.1565239814337287,0.4721080496881351,0.3226031407462299,3.0700273370403215,0.49800946372292293,0.0,0.9989246002759515
1068,pc1,2,rtvae,554,555,554,0.06317689530685922,0.44249613202681787,0.4792453635739398,0.2933425374127228,0.786304732831593,0.2933425374130166,0.0,1.0
1068,pc1,2,smote,554,555,554,0.0,0.05733195805397971,0.04977286142497181,0.0,0.2730631500167946,0.0,0.05595667870036101,0.7125030435841246
1068,pc1,2,tabddpm,554,555,554,0.03249097472924189,0.26517105036960636,0.19609679299680513,0.0,0.8917090928339375,1.9854468657671164e-06,0.0036101083032490976,0.8888077266455645
1068,pc1,2,tabpfgen,554,555,554,0.010830324909747314,0.12738525012893243,0.06973137424695146,0.03781266063566249,0.066745921550004,0.04800738014177905,0.0,0.9906866325785245
1068,pc1,2,tvae,554,555,554,0.041516245487364586,0.2748839608045384,0.47344944909066183,0.17979321374969423,0.8629331932413931,0.2333538354261731,0.0,0.9990869247626004
11,balance-scale,0,ctgan,312,313,312,0.04807692307692307,0.036057692307692304,0.09730093776276376,0.0,0.0,0.0,0.532051282051282,0.383584
11,balance-scale,0,nflow,312,313,312,0.07692307692307696,0.057692307692307696,0.06178966106114069,0.0,0.0,0.0,0.5192307692307693,0.373536
11,balance-scale,0,rtvae,312,313,312,0.05128205128205125,0.06330128205128205,0.023749208671221853,0.0,0.0,0.0,0.6057692307692307,0.385664
11,balance-scale,0,smote,312,313,312,0.0,0.08894230769230768,0.057472086132772354,5.559490626271078e-05,0.22658933732722003,0.008107087855935844,0.0,0.729312
11,balance-scale,0,tabddpm,312,313,312,0.032051282051282055,0.02003205128205128,0.04384895705511969,0.0,0.0,0.0,0.7596153846153846,0.22000000000000003
11,balance-scale,0,tabpfgen,312,313,312,0.019230769230769253,0.1466346153846154,0.09003617934558061,0.019679226069603952,0.21519783180884172,0.048929234398199295,0.0,1.0
11,balance-scale,0,tvae,312,313,312,0.03846153846153846,0.07451923076923077,0.05925171626623558,0.0,0.0,0.0,0.5352564102564102,0.35356800000000005
11,balance-scale,1,ctgan,312,313,312,0.05769230769230765,0.05689102564102564,0.1262321526578598,0.0,0.0,0.0,0.5576923076923077,0.367872
11,balance-scale,1,nflow,312,313,312,0.1282051282051282,0.10576923076923077,0.06764787755127229,0.0,0.0,0.0,0.5448717948717948,0.42617599999999994
11,balance-scale,1,rtvae,312,313,312,0.04166666666666662,0.05368589743589743,0.05034274899171793,0.0,0.0,0.0,0.5737179487179487,0.380736
11,balance-scale,1,smote,312,313,312,0.0,0.08012820512820513,0.06508123242380574,0.0018737322403433732,0.17226907242793194,0.009000599014949803,0.0,0.753728
11,balance-scale,1,tabddpm,312,313,312,0.04166666666666667,0.03125,0.05123626552304164,0.0,0.0,0.0,0.7532051282051282,0.258624
11,balance-scale,1,tabpfgen,312,313,312,0.022435897435897446,0.14102564102564102,0.08533483125481418,0.05605217203170709,0.278130487216092,0.07696473031026227,0.0,1.0
11,balance-scale,1,tvae,312,313,312,0.06089743589743592,0.04487179487179488,0.0642241462962025,0.0,0.0,0.0,0.5608974358974359,0.34
11,balance-scale,2,ctgan,312,313,312,0.06410256410256412,0.044070512820512824,0.105012802939197,0.0,0.35327134047822506,0.0,0.5,0.343936
11,balance-scale,2,nflow,312,313,312,0.019230769230769197,0.08173076923076923,0.04416087346173142,0.0,0.0,0.0,0.5416666666666666,0.39072
11,balance-scale,2,rtvae,312,313,312,0.019230769230769246,0.0608974358974359,0.03140288842464776,0.0,0.0,0.0,0.5576923076923077,0.30710400000000004
11,balance-scale,2,smote,312,313,312,0.0,0.08173076923076923,0.03623296929930809,8.801380849090407e-05,0.19103763240970467,0.0011810399738349934,0.0,0.7563199999999999
11,balance-scale,2,tabddpm,312,313,312,0.035256410256410256,0.028846153846153848,0.05396006584206397,0.0,0.0,0.0,0.7019230769230769,0.24380800000000002
11,balance-scale,2,tabpfgen,312,313,312,0.03846153846153847,0.16266025641025642,0.13455873534213666,0.08274663660665205,0.32969527123759645,0.09250863008856527,0.0,1.0
11,balance-scale,2,tvae,312,313,312,0.09294871794871797,0.04326923076923077,0.049795962177390386,0.0,0.0,0.0,0.5576923076923077,0.36127999999999993
14,mfeat-fourier,0,ctgan,1000,1000,1000,0.18999999999999997,0.34252631578947373,0.1554622319889836,9.259394077969263,11.603878585845989,9.641907254595825,0.0,0.999975
14,mfeat-fourier,0,nflow,1000,1000,1000,0.21100000000000002,0.10653947368421052,0.1372757618360762,7.052328542428868,9.212903790314668,7.659995843414065,0.0,0.9879187500000001
14,mfeat-fourier,0,rtvae,1000,1000,1000,0.07699999999999999,0.36684210526315786,0.12941416635783465,8.538720118029154,11.931028795560238,9.58016341719354,0.0,1.0
14,mfeat-fourier,0,smote,1000,1000,1000,0.0,0.048749999999999995,0.03794502024197941,0.0,1.784987049506356,0.009509661326877005,0.001,0.5387062499999998
14,mfeat-fourier,0,tabddpm,1000,1000,1000,0.055999999999999994,0.5897105263157896,0.1071182379870353,13.645118719937239,21.47055155946599,15.1571189339529,0.0,1.0
14,mfeat-fourier,0,tabpfgen,1000,1000,1000,0.038,0.026394736842105256,0.024893397658368607,0.09371735839320823,0.12289288898891548,0.09916163952013908,0.0,0.27131874999999994
14,mfeat-fourier,0,tvae,1000,1000,1000,0.161,0.1478552631578947,0.10525842135562012,5.447684252618752,7.6518052316555405,6.0307474901699525,0.0,0.9998062500000001
14,mfeat-fourier,1,ctgan,1000,1000,1000,0.087,0.3094342105263158,0.1573418203287517,8.34904858059149,11.373669807331373,9.045321200805125,0.0,0.999403125
14,mfeat-fourier,1,nflow,1000,1000,1000,0.138,0.07685526315789475,0.12771540772677686,7.131884626862533,9.117603076121094,7.640673143656536,0.0,0.965671875
14,mfeat-fourier,1,rtvae,1000,1000,1000,0.134,0.4032894736842105,0.11829609647842637,8.762631488727012,11.43991877138831,9.317078383618233,0.0,1.0
14,mfeat-fourier,1,smote,1000,1000,1000,0.0,0.041605263157894735,0.02959196070297912,0.0,1.499209698795757,0.02134707582483337,0.001,0.476165625
14,mfeat-fourier,1,tabddpm,1000,1000,1000,0.04799999999999999,0.5759868421052632,0.12855701899088742,11.711686760392034,21.77017510128389,13.067489868388346,0.0,1.0
14,mfeat-fourier,1,tabpfgen,1000,1000,1000,0.041999999999999996,0.02701315789473684,0.024483541571207905,0.0895393351302639,0.12285863479699266,0.09895552030360377,0.0,0.27664374999999997
14,mfeat-fourier,1,tvae,1000,1000,1000,0.151,0.15621052631578944,0.10204367921701951,5.024763449572934,7.4820330763655765,5.656448761275401,0.0,0.999465625
14,mfeat-fourier,2,ctgan,1000,1000,1000,0.15500000000000003,0.5904868421052631,0.17136911568132887,9.428474218947981,13.005677345009445,10.20941019746011,0.0,1.0
14,mfeat-fourier,2,nflow,1000,1000,1000,0.16400000000000003,0.1113157894736842,0.12045034654467887,7.10018904596889,8.953928273959704,7.421694253001526,0.0,0.9554374999999999
14,mfeat-fourier,2,rtvae,1000,1000,1000,0.16199999999999998,0.3831842105263158,0.13375613809657647,9.044957197828838,11.852466219375104,9.624839066021194,0.0,1.0
14,mfeat-fourier,2,smote,1000,1000,1000,0.0,0.04619736842105262,0.034638874802883184,0.0005490868325355482,1.6755149358594283,0.022264886673060136,0.0,0.5090937499999999
14,mfeat-fourier,2,tabddpm,1000,1000,1000,0.06399999999999999,0.5925921052631578,0.11415197135311672,13.744347443260349,21.7922387660649,14.611273689409163,0.0,1.0
14,mfeat-fourier,2,tabpfgen,1000,1000,1000,0.043000000000000003,0.02605263157894737,0.025782501141905313,0.0877497370228791,0.12197488823710437,0.09860760912391214,0.0,0.2615
14,mfeat-fourier,2,tvae,1000,1000,1000,0.16399999999999998,0.14789473684210527,0.10182415266235885,5.214747255646896,7.511379573587384,5.750208679755768,0.0,0.9987812500000001
1462,banknote-authentication,0,ctgan,686,686,686,0.04518950437317781,0.4085276967930029,0.2555588722664854,0.1042261323128182,0.9583990932403751,0.17282292277838227,0.0,0.9883410749834108
1462,banknote-authentication,0,nflow,686,686,686,0.06268221574344024,0.08418367346938775,0.16856383084939996,0.032013177821621386,0.5411280729282706,0.12127345602131073,0.0,0.8721167883211679
1462,banknote-authentication,0,rtvae,686,686,686,0.011661807580174904,0.2660349854227405,0.3036100421547904,0.13941207441270917,0.5364521527890342,0.13941207441270917,0.0,0.9999601857996019
1462,banknote-authentication,0,smote,686,686,686,0.0,0.03206997084548105,0.019930339600068764,0.0,0.05828262212549881,0.000606418951851631,0.007288629737609329,0.3268812209688122
1462,banknote-authentication,0,tabddpm,686,686,686,0.0014577259475218873,0.031705539358600585,0.044612927744737414,0.04756860560869908,0.23771293425565587,0.06852167640862981,0.0,0.6379230258792302
1462,banknote-authentication,0,tabpfgen,686,686,686,0.03498542274052474,0.03826530612244898,0.024972260262956753,0.02256216651567056,0.12298964003645792,0.04308416712342309,0.0,0.5607431984074319
1462,banknote-authentication,0,tvae,686,686,686,0.04227405247813412,0.18877551020408165,0.22480830499788132,0.057275197723424674,0.39879329856675505,0.08921153694284129,0.0,0.9574784339747844
1462,banknote-authentication,1,ctgan,686,686,686,0.2434402332361516,0.44387755102040816,0.41247736397685886,0.14040054072330777,1.037789052865484,0.20601977995675477,0.0,0.9956403450564034
1462,banknote-authentication,1,nflow,686,686,686,0.053935860058309,0.10349854227405249,0.12701316337008337,0.06852582493778976,0.5449571046291428,0.1050307762598485,0.0,0.8565029860650298
1462,banknote-authentication,1,rtvae,686,686,686,0.0014577259475218873,0.2412536443148688,0.3330231753022337,0.0938884590672388,0.5175827862507649,0.10636564615312338,0.0,0.9999137358991373
1462,banknote-authentication,1,smote,686,686,686,0.0,0.025510204081632654,0.01677807137151427,0.0,0.04990709626072001,1.6533772850997732e-07,0.01020408163265306,0.3325879230258792
1462,banknote-authentication,1,tabddpm,686,686,686,0.011661807580174904,0.03534985422740525,0.04237210593090388,0.03301704481619597,0.22991364240019463,0.06393711014510223,0.0,0.5515129396151294
1462,banknote-authentication,1,tabpfgen,686,686,686,0.020408163265306117,0.03316326530612245,0.012213493310680381,0.010442409397965967,0.07169231626531036,0.02171524930667926,0.0,0.3809887193098872
1462,banknote-authentication,1,tvae,686,686,686,0.04664723032069973,0.17638483965014579,0.21066438239860164,0.05743977220097157,0.3930601518022987,0.08884658922578624,0.0,0.9358792302587923
1462,banknote-authentication,2,ctgan,686,686,686,0.07288629737609331,0.3010204081632653,0.2668366116892834,0.10839363597488513,0.7350329789722347,0.1458018683913353,0.0,0.9518248175182482
1462,banknote-authentication,2,nflow,686,686,686,0.021865889212828032,0.119533527696793,0.19981224139561096,0.05613047455582076,0.5071228292154655,0.12280285565203805,0.0,0.8969807564698076
1462,banknote-authentication,2,rtvae,686,686,686,0.0043731778425656065,0.25145772594752186,0.3298885925550747,0.12398772067399727,0.5605482440445716,0.1263430047654621,0.0,0.9999469143994691
1462,banknote-authentication,2,smote,686,686,686,0.0,0.043731778425655975,0.025005946196963533,0.0,0.05755986891862975,1.6750299209108947e-06,0.0058309037900874635,0.38374917053749175
1462,banknote-authentication,2,tabddpm,686,686,686,0.036443148688046656,0.03206997084548105,0.04344930497244259,0.034352387632133406,0.22655585286266872,0.060971368990629306,0.0,0.5984804246848043
1462,banknote-authentication,2,tabpfgen,686,686,686,0.017492711370262398,0.04008746355685132,0.04444171568223157,0.03245911433907862,0.15484956283051776,0.04522230240436347,0.0,0.6922959522229595
1462,banknote-authentication,2,tvae,686,686,686,0.04081632653061229,0.2088192419825073,0.1842435572027112,0.05330530056623488,0.3682755310582177,0.10085505501272846,0.0,0.95635700066357
1464,blood-transfusion-service-center,0,ctgan,374,374,374,0.04545454545454544,0.29745989304812837,0.332072136947269,0.0816350329422707,0.45975525228422964,0.11252011032539558,0.0,0.9854444444444443
1464,blood-transfusion-service-center,0,nflow,374,374,374,0.06149732620320851,0.09491978609625669,0.1778693951984339,0.0,0.24706945281927656,0.04246813097368633,0.00267379679144385,0.9405777777777777
1464,blood-transfusion-service-center,0,rtvae,374,374,374,0.05347593582887705,0.2747326203208556,0.3530068471092511,0.04697124467850107,0.45008626834961063,0.04697124467850108,0.0,0.9995111111111111
1464,blood-transfusion-service-center,0,smote,374,374,374,0.0,0.06149732620320856,0.06775812585837249,0.0,0.08111210306620874,0.0,0.3582887700534759,0.5393111111111111
1464,blood-transfusion-service-center,0,tabddpm,374,374,374,0.02941176470588236,0.08088235294117647,0.031219463011319382,0.0,0.1988796528579986,0.0,0.026737967914438502,0.8808
1464,blood-transfusion-service-center,0,tabpfgen,374,374,374,0.016042780748663138,0.11898395721925134,0.03323340213690142,0.023953694854466412,0.14641287635607142,0.034490026152848366,0.0,0.9770888888888888
1464,blood-transfusion-service-center,0,tvae,374,374,374,0.08021390374331551,0.2406417112299465,0.22385746658588132,4.790020634426462e-05,0.19566591469744246,0.00526835649560952,0.0,0.979088888888889
1464,blood-transfusion-service-center,1,ctgan,374,374,374,0.0989304812834225,0.3141711229946524,0.31844319227935114,0.14487419296667853,0.35096321326593627,0.16246424830410466,0.0,0.9942666666666667
1464,blood-transfusion-service-center,1,nflow,374,374,374,0.0053475935828876525,0.1163101604278075,0.25051181484788365,0.0,0.34938058323981824,0.03969955580129966,0.00267379679144385,0.9483333333333334
1464,blood-transfusion-service-center,1,rtvae,374,374,374,0.05882352941176472,0.19786096256684493,0.3667468838249542,0.13222550601526345,0.46931113196752344,0.13222550601526345,0.0,1.0
1464,blood-transfusion-service-center,1,smote,374,374,374,0.0,0.05414438502673797,0.02837686998738234,0.0,0.07939911160259941,0.0,0.3422459893048128,0.4525555555555555
1464,blood-transfusion-service-center,1,tabddpm,374,374,374,0.013368983957219277,0.08823529411764705,0.055790072982691376,0.0,0.20105324129918545,0.0,0.02406417112299465,0.9371333333333334
1464,blood-transfusion-service-center,1,tabpfgen,374,374,374,0.016042780748663138,0.11029411764705882,0.011419533291341358,0.003228244371005789,0.02676358778678828,0.008442271408888008,0.0,0.9825111111111111
1464,blood-transfusion-service-center,1,tvae,374,374,374,0.05882352941176466,0.20855614973262032,0.19935223181422856,0.01904162014134323,0.24603485496728267,0.03723936290901673,0.0,0.9913111111111111
1464,blood-transfusion-service-center,2,ctgan,374,374,374,0.08823529411764702,0.29946524064171126,0.2746115068579605,0.18577347854037737,0.48133608168462355,0.21565972907619366,0.0,0.9988888888888889
1464,blood-transfusion-service-center,2,nflow,374,374,374,0.09625668449197858,0.142379679144385,0.2528483201146675,0.0,0.28984210866208404,0.010424245875093588,0.008021390374331552,0.9588888888888889
1464,blood-transfusion-service-center,2,rtvae,374,374,374,0.0454545454545455,0.20855614973262032,0.3229540904335464,0.08414888484780661,0.44887610781381465,0.13294156569551965,0.0,1.0
1464,blood-transfusion-service-center,2,smote,374,374,374,0.0,0.05080213903743315,0.024612769068167825,0.0,0.08441833087183759,0.0,0.393048128342246,0.4354
1464,blood-transfusion-service-center,2,tabddpm,374,374,374,0.032085561497326165,0.07620320855614973,0.08229034289025897,0.0,0.1989010936870793,0.0,0.0374331550802139,0.8957333333333334
1464,blood-transfusion-service-center,2,tabpfgen,374,374,374,0.008021390374331569,0.18516042780748662,0.12361545175279605,0.018801859810023323,0.4465103834397573,0.054853123059048894,0.0,0.9853111111111111
1464,blood-transfusion-service-center,2,tvae,374,374,374,0.07219251336898394,0.20254010695187166,0.26268521096207537,0.006168619318336899,0.23006626587143766,0.03881861596912481,0.0,0.9811555555555554
1494,qsar-biodeg,0,ctgan,527,528,527,0.2713472485768501,0.4100985791641598,0.18208109272029083,5.591877800779513,8.616950168859306,6.257010928526634,0.0,1.0
1494,qsar-biodeg,0,nflow,527,528,527,0.034155597722960146,0.10218910538251492,0.15780889041969082,2.2247328751165703,6.130458933184548,2.6470345165751334,0.0,0.9987421666180004
1494,qsar-biodeg,0,rtvae,527,528,527,0.01897533206831123,0.4341185726847781,0.22320991170887974,6.40151139179855,7.406956510805215,6.5691390791667175,0.0,1.0
1494,qsar-biodeg,0,smote,527,528,527,0.0,0.06141528208450964,0.05228530044102445,0.027169243840784126,1.0829525475016624,0.04745470144617212,0.0,0.5526043889400507
1494,qsar-biodeg,0,tabddpm,527,528,527,0.0056925996204933715,0.3688619428888786,0.17721998583562634,15.312006945732817,27.55630080652262,18.473141931864216,0.0,1.0
1494,qsar-biodeg,0,tabpfgen,527,528,527,0.011385199240986688,0.3356319711204702,0.07603087713970451,0.8488095829716945,2.213656635301706,1.0300662996959582,0.0,0.9999999999999999
1494,qsar-biodeg,0,tvae,527,528,527,0.05123339658444026,0.14546211875780996,0.11634506027405032,1.2729032405808232,2.6928491747816885,1.4114897660652972,0.0,0.9975180252015902
1494,qsar-biodeg,1,ctgan,527,528,527,0.19734345351043647,0.333410468829546,0.17907005074176244,3.832750418751919,8.954713129898098,4.626606186859758,0.0,1.0
1494,qsar-biodeg,1,nflow,527,528,527,0.08538899430740035,0.09612625538020086,0.15139008369815116,1.738133194127888,4.96046832426748,2.166657360330801,0.0,0.9967992632690191
1494,qsar-biodeg,1,rtvae,527,528,527,0.06451612903225803,0.22830564169019302,0.13633454468631484,1.4017626623062056,2.839088264895181,1.5785138494331945,0.0,1.0
1494,qsar-biodeg,1,smote,527,528,527,0.0,0.049798676354884996,0.036345055792799126,0.010009720123542136,1.0913089442962773,0.03239105060881946,0.0,0.4980121740302329
1494,qsar-biodeg,1,tabddpm,527,528,527,0.017077798861480087,0.36386356273429904,0.17653050926163277,16.073990532923453,23.357771739028248,18.499989873314703,0.0,1.0
1494,qsar-biodeg,1,tabpfgen,527,528,527,0.026565464895635688,0.33165177951589764,0.06772322418120359,0.9438640649271022,1.951396688206497,0.9900843993490805,0.0,1.0
1494,qsar-biodeg,1,tvae,527,528,527,0.022770398481973403,0.1519877817373999,0.12680722648769918,1.1130548981093897,2.4728442917762448,1.2903763377142243,0.0,0.9915545472922891
1494,qsar-biodeg,2,ctgan,527,528,527,0.11954459203036051,0.24399500161984541,0.17705467107471096,2.8414192828077027,5.920543377617609,3.277272055879482,0.0,1.0
1494,qsar-biodeg,2,nflow,527,528,527,0.018975332068311174,0.09904197713703894,0.14919908326683187,1.8167887593142276,5.240625031846378,2.3232815128923145,0.0,0.9977987915815008
1494,qsar-biodeg,2,rtvae,527,528,527,0.0872865275142315,0.36173462303883,0.1695106216920994,4.202865303199427,7.117000787730516,5.299024298158552,0.0,1.0
1494,qsar-biodeg,2,smote,527,528,527,0.0,0.05026148933216087,0.045314947400379564,0.002959821872289737,1.1233994621276622,0.02578552992286858,0.0,0.5080074571550504
1494,qsar-biodeg,2,tabddpm,527,528,527,0.026565464895635688,0.3813578932753275,0.1785813207737827,15.793057040410606,26.889349237477134,18.66021195151628,0.0,1.0
1494,qsar-biodeg,2,tabpfgen,527,528,527,0.009487666034155628,0.3705280696070718,0.08814127712721768,1.0117223806058124,2.361018057599604,1.2088269406488614,0.0,1.0
1494,qsar-biodeg,2,tvae,527,528,527,0.06641366223908918,0.14717452677373072,0.11705432306874021,1.1301622367679904,2.488359036526473,1.3144088274134789,0.0,0.9960355787156623
1510,wdbc,0,ctgan,284,285,284,0.07746478873239437,0.4569248826291081,0.25438696016014,3.102401322491032,8.072057480295559,3.7465754255747434,0.0,0.9998076331178825
1510,wdbc,0,nflow,284,285,284,0.03873239436619716,0.11326291079812208,0.24893540808914486,2.0611113032998887,3.96876050978863,2.40666726278359,0.0,0.9365189289012005
1510,wdbc,0,rtvae,284,285,284,0.20070422535211266,0.42899061032863856,0.2721147199255262,1.258981481482711,2.3606140661831994,1.3194993233452033,0.0,1.0
1510,wdbc,0,smote,284,285,284,0.0,0.06631455399061033,0.043885828865191046,0.0037535913769359036,1.0150585801660943,0.04320007121929058,0.0,0.4781471221914435
1510,wdbc,0,tabddpm,284,285,284,0.05985915492957741,0.6576291079812207,0.22140935384559474,1.4605979567389493,16.557969038281882,1.909297992145386,0.0,0.9696060326254232
1510,wdbc,0,tabpfgen,284,285,284,0.014084507042253558,0.05399061032863849,0.042891494693809505,0.06286025768131148,0.09514736563368975,0.06880952005133396,0.0,0.2714296706678978
1510,wdbc,0,tvae,284,285,284,0.14436619718309857,0.25140845070422535,0.24433920424617342,1.1125917973773731,2.482102954618982,1.3030791683100988,0.0,0.9831486611265005
1510,wdbc,1,ctgan,284,285,284,0.09154929577464788,0.4737089201877934,0.3643227090352822,3.4773065857320202,7.027308245956892,4.12869950751224,0.0,1.0
1510,wdbc,1,nflow,284,285,284,0.028169014084507032,0.11537558685446009,0.29113974275145105,1.6320391702912882,3.9385027667833175,1.967223655989313,0.0,0.956063404124346
1510,wdbc,1,rtvae,284,285,284,0.04225352112676059,0.4011737089201878,0.26340487156345366,1.0944074967743231,2.3937957524031503,1.1360466582094852,0.0,1.0
1510,wdbc,1,smote,284,285,284,0.0,0.0647887323943662,0.07694171698012874,0.00134499799813813,0.9209516982741908,0.022617678015627453,0.0,0.42774699907663893
1510,wdbc,1,tabddpm,284,285,284,0.0,0.5755868544600939,0.18917023543617145,1.257485730136214,17.293215002345473,1.5983081802942243,0.0,0.966143428747307
1510,wdbc,1,tabpfgen,284,285,284,0.014084507042253558,0.05223004694835679,0.04611619661919128,0.051134631557732714,0.07541451618443734,0.05310593307488417,0.0,0.3321791320406279
1510,wdbc,1,tvae,284,285,284,0.0,0.24307511737089202,0.22514285158545821,1.1103947927388669,2.5018524904534303,1.2320486968793936,0.0,0.9793397968605725
1510,wdbc,2,ctgan,284,285,284,0.16549295774647887,0.5422535211267606,0.31121523333320483,3.551947543793183,6.190457149142642,3.847996779747495,0.0,1.0
1510,wdbc,2,nflow,284,285,284,0.07394366197183094,0.13051643192488263,0.277494888970687,1.7390623194202068,4.068049576390138,1.923191433366991,0.0,0.9703755001538935
1510,wdbc,2,rtvae,284,285,284,0.19366197183098588,0.4495305164319249,0.2732916109597809,1.0236963559178203,2.113717847244195,1.2030956306810516,0.0,1.0
1510,wdbc,2,smote,284,285,284,0.0,0.06654929577464788,0.04106946809714588,0.0003026614228479519,1.0028610405921534,0.013255982473350554,0.0,0.456063404124346
1510,wdbc,2,tabddpm,284,285,284,0.11971830985915491,0.716431924882629,0.2371229134294007,1.1869132303171155,16.390791451942746,3.5283195850802227,0.0,0.9968836565096952
1510,wdbc,2,tabpfgen,284,285,284,0.014084507042253558,0.04788732394366197,0.059084108886332844,0.05084885500472083,0.0756663883107839,0.05446714722567037,0.0,0.2696214219759926
1510,wdbc,2,tvae,284,285,284,0.15140845070422532,0.2731220657276995,0.2025565888573547,0.9935874741248814,2.1169184669099432,1.0850685862896339,0.0,0.9859572176054171
16,mfeat-karhunen,0,ctgan,1000,1000,1000,0.21000000000000002,0.560578125,0.325360566211138,7.696097716915572,14.929506705815708,8.353508360369586,0.0,0.997059375
16,mfeat-karhunen,0,nflow,1000,1000,1000,0.3370000000000001,0.10078124999999999,0.09361582629799704,6.630416719702012,8.434597068852998,6.964064689035207,0.0,0.9649375
16,mfeat-karhunen,0,rtvae,1000,1000,1000,0.223,0.39353125,0.1104259863376272,9.358537479876619,12.05286580826063,10.300659442700708,0.0,1.0
16,mfeat-karhunen,0,smote,1000,1000,1000,0.0,0.043421875,0.031138304545136775,2.0647654623614278e-07,1.7744322038937734,0.00879093002831873,0.0,0.4509875
16,mfeat-karhunen,0,tabddpm,1000,1000,1000,0.02699999999999999,0.5726562500000001,0.0991390669160172,17.187019804553127,21.180869241069153,19.367815894546762,0.0,1.0
16,mfeat-karhunen,0,tabpfgen,1000,1000,1000,0.038,0.025734374999999997,0.02173909205411408,0.19841766745449668,0.2658020635124122,0.21555941979547413,0.0,0.274003125
16,mfeat-karhunen,0,tvae,1000,1000,1000,0.128,0.15865625,0.07009981283843157,4.774067378554361,6.797156184978553,5.544516857000132,0.0,0.9998375
16,mfeat-karhunen,1,ctgan,1000,1000,1000,0.11599999999999999,0.234015625,0.12146599415686249,6.992149152799084,9.261598188953087,7.6664155410568,0.0,0.999575
16,mfeat-karhunen,1,nflow,1000,1000,1000,0.10100000000000002,0.09868750000000001,0.10464403125446939,6.594723701948027,8.375837674045034,6.90091456072602,0.0,0.92736875
16,mfeat-karhunen,1,rtvae,1000,1000,1000,0.08900000000000002,0.48187499999999994,0.11142706392209073,10.578405234248546,13.34243192732881,11.566227461506827,0.0,1.0
16,mfeat-karhunen,1,smote,1000,1000,1000,0.0,0.040453125,0.02929310469892619,0.0,1.4637138512496892,0.017015603248923636,0.001,0.388
16,mfeat-karhunen,1,tabddpm,1000,1000,1000,0.022999999999999986,0.571609375,0.0959512313195656,18.12293330428015,20.94901071638133,19.022444274761433,0.0,1.0
16,mfeat-karhunen,1,tabpfgen,1000,1000,1000,0.041999999999999996,0.029078124999999996,0.025168996804459564,0.08371316964977524,0.11220768182338225,0.08995348394350934,0.0,0.275078125
16,mfeat-karhunen,1,tvae,1000,1000,1000,0.134,0.1598125,0.07121250420884741,5.116156458915695,6.802753277155845,5.6363821196413335,0.0,0.9999656250000001
16,mfeat-karhunen,2,ctgan,1000,1000,1000,0.11900000000000002,0.18206250000000002,0.17161464912879937,6.885262014173839,9.344599484410509,7.508074772755902,0.0,0.9815843750000001
16,mfeat-karhunen,2,nflow,1000,1000,1000,0.07899999999999999,0.10190625,0.09467471614298853,6.4309197020373325,8.518796559061244,6.870347972253998,0.0,0.9455468750000001
16,mfeat-karhunen,2,rtvae,1000,1000,1000,0.11299999999999999,0.428609375,0.11126427456438212,9.993218180210825,12.311850900241279,10.473696492917883,0.0,1.0
16,mfeat-karhunen,2,smote,1000,1000,1000,0.0,0.042187499999999996,0.032124177820872825,0.0006459718103590521,1.6286096487729456,0.027764043272875887,0.0,0.44245937499999993
16,mfeat-karhunen,2,tabddpm,1000,1000,1000,0.048999999999999995,0.5841093749999999,0.09731774374724009,18.739334153600723,21.336481183011454,19.455714367944772,0.0,1.0
16,mfeat-karhunen,2,tabpfgen,1000,1000,1000,0.043000000000000003,0.02515625,0.023360925571907134,0.08096089615281508,0.11157187325182956,0.08947729097674341,0.0,0.2477875
16,mfeat-karhunen,2,tvae,1000,1000,1000,0.11200000000000003,0.15165625,0.06828749588596603,4.864685607292773,6.753997917305477,5.476920516078696,0.0,0.999175
18,mfeat-morphological,0,ctgan,1000,1000,1000,0.13999999999999999,0.16133333333333333,0.16681290009056493,0.023603706434460373,0.9091316966653789,0.07661998083173743,0.0,0.9945125
18,mfeat-morphological,0,nflow,1000,1000,1000,0.24200000000000002,0.10866666666666665,0.15474470109720947,0.012151793520374305,0.38573895650072154,0.026338576080837704,0.0,0.87225
18,mfeat-morphological,0,rtvae,1000,1000,1000,0.046000000000000006,0.13783333333333334,0.4044844527930448,0.032686337819723583,1.0391232704025546,0.05395323506355789,0.0,1.0
18,mfeat-morphological,0,smote,1000,1000,1000,0.0,0.04633333333333334,0.021456833092920378,0.0,0.05490057011890222,0.0008225169275480787,0.001,0.613265625
18,mfeat-morphological,0,tabddpm,1000,1000,1000,0.22899999999999998,0.13799999999999998,0.06793998197160495,0.010072122916072132,0.12482026641165309,0.0199202470499317,0.0,0.71113125
18,mfeat-morphological,0,tabpfgen,1000,1000,1000,0.038,0.13566666666666669,0.004625618696468183,0.00353927904559055,0.033116154094933486,0.013749400323929016,0.0,1.0
18,mfeat-morphological,0,tvae,1000,1000,1000,0.11699999999999998,0.09100000000000001,0.27764464415210616,0.0026861308608498347,0.6183776294059256,0.030455770031842085,0.0,0.9421187499999999
18,mfeat-morphological,1,ctgan,1000,1000,1000,0.20199999999999999,0.2568333333333333,0.24564047769391814,0.03356402028614082,1.1568147454210904,0.07627736121950282,0.0,0.9956343750000001
18,mfeat-morphological,1,nflow,1000,1000,1000,0.108,0.06683333333333333,0.2534046234343166,0.009232481333543605,0.8306338835571883,0.03566838446704843,0.0,0.908934375
18,mfeat-morphological,1,rtvae,1000,1000,1000,0.11,0.2585,0.3982839994766202,0.04005082006969774,1.3775795757504816,0.15013761113881896,0.0,0.9994375
18,mfeat-morphological,1,smote,1000,1000,1000,0.0,0.041666666666666664,0.014787996186897719,0.0,0.04791620709841767,0.0008249315378237013,0.001,0.528134375
18,mfeat-morphological,1,tabddpm,1000,1000,1000,0.268,0.14316666666666666,0.034025353297337864,0.002276868675570572,0.1447121729634451,0.019908796728185553,0.0,0.7031062499999999
18,mfeat-morphological,1,tabpfgen,1000,1000,1000,0.041999999999999996,0.13283333333333333,0.016995116286686006,0.00832300110992447,0.032082901532028654,0.012637105976994755,0.0,0.99999375
18,mfeat-morphological,1,tvae,1000,1000,1000,0.05900000000000001,0.07433333333333332,0.221212843319755,0.008343437335843732,0.5003416901394739,0.029029574403366256,0.0,0.94888125
18,mfeat-morphological,2,ctgan,1000,1000,1000,0.13499999999999998,0.16566666666666666,0.15723642555407008,0.017973156587912244,1.0067984038643518,0.08339937483945249,0.0,0.993496875
18,mfeat-morphological,2,nflow,1000,1000,1000,0.14100000000000001,0.108,0.17132257722568262,0.005932611357273952,0.7281070061044552,0.033487989911421656,0.0,0.906075
18,mfeat-morphological,2,rtvae,1000,1000,1000,0.083,0.13066666666666665,0.35693931642340754,0.04525798515954513,1.0540917350721632,0.05172132855573591,0.0,1.0
18,mfeat-morphological,2,smote,1000,1000,1000,0.0,0.041333333333333326,0.012426306279588854,2.4489949211627002e-05,0.05161987875750785,0.0007494942686535845,0.0,0.540759375
18,mfeat-morphological,2,tabddpm,1000,1000,1000,0.396,0.10366666666666664,0.05756996616068686,0.0037673442270152345,0.1360603063674658,0.016203550606743552,0.0,0.80685625
18,mfeat-morphological,2,tabpfgen,1000,1000,1000,0.043000000000000003,0.13166666666666668,0.011138534867881945,0.0114627685772363,0.09764846559553757,0.019422754760093745,0.0,1.0
18,mfeat-morphological,2,tvae,1000,1000,1000,0.07500000000000001,0.09150000000000001,0.21818018260172567,0.010744264775171436,0.5462217668389544,0.028241484416477686,0.0,0.93711875
22,mfeat-zernike,0,ctgan,1000,1000,1000,0.24000000000000002,0.25789361702127656,0.24279324208858177,4.899112055109948,8.274000165054023,5.847965191137313,0.0,0.999990625
22,mfeat-zernike,0,nflow,1000,1000,1000,0.16800000000000004,0.11187234042553193,0.20314780356069626,3.6084474982283092,6.274629148307788,4.563530885809307,0.0,0.9958875
22,mfeat-zernike,0,rtvae,1000,1000,1000,0.162,0.3780212765957447,0.20150868332806457,6.301103415861923,8.477900769405835,6.690737049274927,0.0,1.0
22,mfeat-zernike,0,smote,1000,1000,1000,0.0,0.04465957446808509,0.02956748639898961,0.0,1.0686701577386002,0.007273119259889487,0.001,0.48261562500000005
22,mfeat-zernike,0,tabddpm,1000,1000,1000,0.042,0.6091063829787233,0.14261282404453385,3.4968168104731907,14.861585263871582,7.170241012713209,0.0,0.9992812499999999
22,mfeat-zernike,0,tabpfgen,1000,1000,1000,0.038,0.07080851063829788,0.05271810037464266,1.0588333354579713,2.309484880461798,1.25426553275928,0.0,0.9080656250000001
22,mfeat-zernike,0,tvae,1000,1000,1000,0.21400000000000002,0.1508723404255319,0.15820426094484405,2.369015999502436,4.531310701852906,3.0974116600004584,0.0,0.996896875
22,mfeat-zernike,1,ctgan,1000,1000,1000,0.093,0.18940425531914892,0.2443133130183496,4.624008142096222,7.7800192322626724,5.426894499320677,0.0,0.9999718750000001
22,mfeat-zernike,1,nflow,1000,1000,1000,0.12300000000000003,0.09172340425531915,0.1990609555673292,3.578671630931456,6.163134443513041,4.486857713076515,0.0,0.9996031249999999
22,mfeat-zernike,1,rtvae,1000,1000,1000,0.178,0.34551063829787226,0.20368926135607493,4.9963377239952305,7.706619281336224,5.5061641647241055,0.0,1.0
22,mfeat-zernike,1,smote,1000,1000,1000,0.0,0.03768085106382978,0.03161718898888944,1.1920928955078125e-07,0.9024196493680006,0.011459078559158252,0.0,0.4334125
22,mfeat-zernike,1,tabddpm,1000,1000,1000,0.038,0.6077021276595744,0.1511467337067794,2.4646483749639336,14.293026145025554,3.797981814486423,0.0,0.9950875
22,mfeat-zernike,1,tabpfgen,1000,1000,1000,0.041999999999999996,0.07363829787234044,0.06599139081325589,1.1530854006558846,2.330455629086921,1.3521696816464583,0.0,0.930865625
22,mfeat-zernike,1,tvae,1000,1000,1000,0.17800000000000002,0.16004255319148936,0.14663777678842801,2.3914109367396144,4.469447694411237,2.8756649073235137,0.0,0.99491875
22,mfeat-zernike,2,ctgan,1000,1000,1000,0.38,0.3312765957446809,0.23554633787124202,4.775575719790501,7.384426623026105,5.252739477895049,0.0,0.9996375000000001
22,mfeat-zernike,2,nflow,1000,1000,1000,0.159,0.07374468085106384,0.1886041597510946,3.7076848789281875,6.240614662669559,4.455611920549444,0.0,0.99915625
22,mfeat-zernike,2,rtvae,1000,1000,1000,0.203,0.3766382978723404,0.21039010437597194,5.81845593181765,8.210281477672886,6.374925982826214,0.0,1.0
22,mfeat-zernike,2,smote,1000,1000,1000,0.0,0.04127659574468085,0.03368329473420913,0.00035344406466315055,1.019369755279396,0.013970388727845116,0.0,0.489775
22,mfeat-zernike,2,tabddpm,1000,1000,1000,0.045999999999999985,0.6115957446808512,0.14607797643372714,3.5964895765286453,14.910987952500275,7.796436225105881,0.0,1.0
22,mfeat-zernike,2,tabpfgen,1000,1000,1000,0.043000000000000003,0.0680212765957447,0.059720270805612964,1.1162580085864793,2.2915488023821045,1.2961119961758507,0.0,0.9314968749999999
22,mfeat-zernike,2,tvae,1000,1000,1000,0.191,0.15102127659574469,0.14490916431860312,2.3145529383843866,4.532767066016324,3.1278724222825334,0.0,0.993646875
37,diabetes,0,ctgan,384,384,384,0.33072916666666663,0.6129557291666666,0.19738293354435607,1.2423666223266123,3.2990344661467903,1.5572953426858709,0.0,0.9996626749873503
37,diabetes,0,nflow,384,384,384,0.03125,0.11555989583333334,0.12530074785719272,0.2652250112920292,1.2319272180649343,0.43793293400811095,0.0,0.8888514083319279
37,diabetes,0,rtvae,384,384,384,0.03125,0.35546875,0.12371751200280341,0.2329527284932039,1.05447415680521,0.4465121901202042,0.0,1.0
37,diabetes,0,smote,384,384,384,0.0,0.08658854166666666,0.04775939036335026,0.002856170999912893,0.45232554354184984,0.018973143784476173,0.0,0.691263282172373
37,diabetes,0,tabddpm,384,384,384,0.002604166666666685,0.072265625,0.07540732043385377,0.19710109585478253,0.939507529182084,0.3637281399015029,0.0,0.733492157193456
37,diabetes,0,tabpfgen,384,384,384,0.010416666666666657,,0.16993409397914447,,,,,1.0
37,diabetes,0,tvae,384,384,384,0.09114583333333334,0.22200520833333334,0.10630053845749002,0.248457684730502,1.000230501894365,0.4262931922582476,0.0,0.9705473098330241
37,diabetes,1,ctgan,384,384,384,0.005208333333333343,0.35611979166666663,0.17539719732860062,0.5809636624821704,1.7364822182360389,0.7883824343339327,0.0,0.9794020914150785
37,diabetes,1,nflow,384,384,384,0.03385416666666666,0.14322916666666666,0.10402616588464952,0.3518329776925185,1.3786272092840979,0.5024910659480055,0.0,0.8852462472592343
37,diabetes,1,rtvae,384,384,384,0.036458333333333315,0.3548177083333333,0.13812667289165606,0.4720274722011019,0.9712451536126216,0.5192321995096343,0.0,1.0
37,diabetes,1,smote,384,384,384,0.0,0.08561197916666666,0.038784891581583214,0.00033243496016256404,0.4146594775939558,0.008928221603735385,0.0,0.689555574295834
37,diabetes,1,tabddpm,384,384,384,0.0078125,0.09342447916666666,0.1725358413164291,0.21253920730156942,1.0724701146943354,0.44089393007955596,0.0,0.7005608028335302
37,diabetes,1,tabpfgen,384,384,384,0.0078125,,0.17209361878944926,,,,,1.0
37,diabetes,1,tvae,384,384,384,0.0390625,0.19791666666666666,0.11458739187975789,0.3699940229050229,0.9904125214446082,0.47275688053884407,0.0,0.9770829819531118
37,diabetes,2,ctgan,384,384,384,0.026041666666666657,0.541015625,0.19158464945847223,0.6270441181833555,1.8499767769389472,0.8583103828187547,0.0,0.9872448979591837
37,diabetes,2,nflow,384,384,384,0.09114583333333334,0.1220703125,0.1079558255448374,0.36639626553212656,1.1656873141852464,0.5123823296355614,0.0,0.8719851576994434
37,diabetes,2,rtvae,384,384,384,0.1041666666666667,0.38020833333333337,0.13018541532883068,0.4420241075658756,0.9084247648967927,0.4420241075658757,0.0,1.0
37,diabetes,2,smote,384,384,384,0.0,0.07649739583333334,0.039903371520258565,0.00023145109642703598,0.4564960113839006,0.005071217347360373,0.0,0.6514167650531286
37,diabetes,2,tabddpm,384,384,384,0.05989583333333334,0.07779947916666667,0.1423700126482294,0.27462743297820386,0.9927433480905474,0.4232335300652483,0.0,0.7474911452184179
37,diabetes,2,tabpfgen,384,384,384,0.005208333333333315,,0.18514580536449712,,,,,1.0
37,diabetes,2,tvae,384,384,384,0.1197916666666667,0.2314453125,0.09682828836868576,0.09880321654837948,0.9240832481011065,0.4265243002303928,0.0,0.9802243211334122
40982,steel-plates-fault,0,ctgan,970,971,970,0.05979381443298968,0.27552500954562814,0.1715437776733869,2.1763785216754368,4.296095602767593,2.489885531293348,0.0,0.9999535019662026
40982,steel-plates-fault,0,nflow,970,971,970,0.25773195876288657,0.10862924780450553,0.1879739494286528,1.7050846702026814,3.900049570658087,1.849868075182108,0.0,0.9967119247528962
40982,steel-plates-fault,0,rtvae,970,971,970,0.049484536082474224,0.2972126765941199,0.11607689410008377,0.3502604443033825,2.877309872917178,0.7085656708504765,0.0,1.0
40982,steel-plates-fault,0,smote,970,971,970,0.0,0.08442153493699885,0.06997150083722482,0.004296425600061753,1.1559023742851067,0.03166328337104593,0.0,0.7842258741630355
40982,steel-plates-fault,0,tabddpm,970,971,970,0.04123711340206186,0.507369224894998,0.2539528142010518,5.95461154988536,18.411848466241896,7.015779033543485,0.0,1.0
40982,steel-plates-fault,0,tabpfgen,970,971,970,0.0402061855670103,0.09599083619702176,0.05922147218396131,0.045395523280428125,0.07322046220416419,0.05058248694693631,0.0,1.0
40982,steel-plates-fault,0,tvae,970,971,970,0.13402061855670103,0.18621611302023677,0.12423401756148943,0.30802776919982827,2.6783931917558466,1.189897657505498,0.0,0.9949383568923371
40982,steel-plates-fault,1,ctgan,970,971,970,0.18350515463917522,0.34184803360061095,0.1953980972792837,1.9918833343703146,4.171392661738944,2.5389807047556983,0.0,0.9999800722712296
40982,steel-plates-fault,1,nflow,970,971,970,0.12886597938144329,0.10133638793432607,0.1727563885726639,1.3679265174889697,3.657150561153914,1.9275372532860642,0.0,0.9988375491550643
40982,steel-plates-fault,1,rtvae,970,971,970,0.0670103092783505,0.29221076746849944,0.10993419400676262,0.35187321744254574,2.8497580313406132,0.6970238543160625,0.0,1.0
40982,steel-plates-fault,1,smote,970,971,970,0.0,0.08258877434135165,0.07577940577371645,0.001865101598300945,1.054978387134702,0.020029069756269568,0.0,0.7887395047295143
40982,steel-plates-fault,1,tabddpm,970,971,970,0.02783505154639174,0.5392516227567774,0.20979049317266588,6.101194570075838,24.76679988335956,7.7006521724335615,0.0,1.0
40982,steel-plates-fault,1,tabpfgen,970,971,970,0.023711340206185573,0.0967544864452081,0.016525936771464106,0.044676235799760204,0.07254663698209682,0.049982230846913916,0.0,1.0
40982,steel-plates-fault,1,tvae,970,971,970,0.1556701030927835,0.1844215349369989,0.1194849446042722,0.4755618777782349,2.6700483812484803,1.2256183928302653,0.0,0.9987445530874695
40982,steel-plates-fault,2,ctgan,970,971,970,0.15670103092783505,0.42058037418862154,0.19191593553609193,2.5484809778185546,5.058258798817583,3.26318349540427,0.0,0.9999335742374323
40982,steel-plates-fault,2,nflow,970,971,970,0.1474226804123711,0.10870561282932417,0.20738911881098798,1.4401793227633242,3.77394988022829,1.8714440768246319,0.0,0.9968480975661601
40982,steel-plates-fault,2,rtvae,970,971,970,0.11649484536082474,0.2871706758304696,0.12548276869859587,0.6328383416986982,2.721417968118077,0.9757838189652022,0.0,1.0
40982,steel-plates-fault,2,smote,970,971,970,0.0,0.08671248568155783,0.0385764376034622,0.003329069696396224,1.2152652840073621,0.04029365224313083,0.0,0.7941365979381443
40982,steel-plates-fault,2,tabddpm,970,971,970,0.040206185567010305,0.5675830469644902,0.2402663267327923,5.99835617570575,13.51347330280167,6.667141667849502,0.0,1.0
40982,steel-plates-fault,2,tabpfgen,970,971,970,0.024742268041237112,0.08980526918671249,0.023155047569206718,0.038282945770260444,0.07273743558761511,0.05047243131727927,0.0,1.0
40982,steel-plates-fault,2,tvae,970,971,970,0.13814432989690723,0.17861779305078274,0.1433372603676174,0.4948142452247445,2.686153166453507,1.1132612347404123,0.0,0.9947357583165055
40994,climate-model-simulation-crashes,0,ctgan,270,270,270,0.08518518518518517,0.7012345679012345,0.06505723458516531,2.96401313610035,4.521646937872363,3.475912433781333,0.0,1.0
40994,climate-model-simulation-crashes,0,nflow,270,270,270,0.025925925925925915,0.11213991769547325,0.06675158868446933,2.027613176727095,3.6063270034629307,2.3972511712731213,0.0,0.6614797668038409
40994,climate-model-simulation-crashes,0,rtvae,270,270,270,0.022222222222222185,0.2541152263374485,0.06488251595168243,1.6515681635168515,3.2886403865568896,1.9076111702631557,0.0,1.0
40994,climate-model-simulation-crashes,0,smote,270,270,270,0.0,0.08189300411522633,0.053294460360133265,0.0379758482222809,0.9840180847076432,0.045325706838592404,0.0,0.5925497256515775
40994,climate-model-simulation-crashes,0,tabddpm,270,270,270,0.007407407407407411,0.07160493827160493,0.10219699008511737,1.7217172304309896,3.0217247882228024,1.8786139154139743,0.0,0.6459190672153635
40994,climate-model-simulation-crashes,0,tabpfgen,270,270,270,0.011111111111111092,0.04979423868312757,0.04749794844812005,0.08509176364287202,0.1389646957305415,0.09204704111830142,0.0,0.22655178326474623
40994,climate-model-simulation-crashes,0,tvae,270,270,270,0.05185185185185183,0.15411522633744856,0.06680266589139519,2.085292259098423,3.409191705506693,2.448471321055303,0.0,0.9892403978052126
40994,climate-model-simulation-crashes,1,ctgan,270,270,270,0.0,0.26193415637860085,0.0701904371997237,2.6254735190596694,3.9002971007146394,2.808241114548358,0.0,0.9871399176954733
40994,climate-model-simulation-crashes,1,nflow,270,270,270,0.025925925925925915,0.0962962962962963,0.06848684441953748,2.4024075897319173,3.638161581076676,2.7338684983317787,0.0,0.5586848422496571
40994,climate-model-simulation-crashes,1,rtvae,270,270,270,0.033333333333333326,0.2730452674897119,0.05968353189770327,2.105577512635124,3.258437732143111,2.3404321006038447,0.0,1.0
40994,climate-model-simulation-crashes,1,smote,270,270,270,0.0,0.07798353909465021,0.050448306588807265,0.0009867917796792878,1.0288625790460713,0.023727341601339255,0.0,0.5085305212620027
40994,climate-model-simulation-crashes,1,tabddpm,270,270,270,0.02592592592592597,0.0823045267489712,0.07618780489484209,1.1395362922191374,3.0053009147082124,1.5111805330768826,0.0,0.6018518518518519
40994,climate-model-simulation-crashes,1,tabpfgen,270,270,270,0.014814814814814767,0.05246913580246913,0.046559028031549224,0.1003575693919514,0.16529602000636034,0.10347028883255113,0.0,0.28219307270233196
40994,climate-model-simulation-crashes,1,tvae,270,270,270,0.05185185185185183,0.15946502057613168,0.05461215421481481,1.9625550626356256,3.3722729740966977,2.365564684260715,0.0,0.9774948559670781
40994,climate-model-simulation-crashes,2,ctgan,270,270,270,0.05555555555555551,0.4088477366255144,0.08591115379444905,2.55407698423879,4.330278999901088,3.094902681185151,0.0,0.9994855967078189
40994,climate-model-simulation-crashes,2,nflow,270,270,270,0.01851851851851856,0.11419753086419752,0.06623982467214465,2.668646616785368,3.753597802831575,2.8136571993990525,0.0,0.7365826474622771
40994,climate-model-simulation-crashes,2,rtvae,270,270,270,0.0481481481481481,0.2504115226337449,0.06006019742237482,1.394587729137737,3.289856134149696,1.9912646881110891,0.0,1.0
40994,climate-model-simulation-crashes,2,smote,270,270,270,0.0,0.08477366255144032,0.057036446374662576,0.010616485886913735,0.993481540853918,0.031222736633838108,0.0,0.6234567901234567
40994,climate-model-simulation-crashes,2,tabddpm,270,270,270,0.003703703703703737,0.06831275720164608,0.08712694080181482,1.481457674893233,3.081729848477027,1.8119112345416677,0.0,0.5661008230452677
40994,climate-model-simulation-crashes,2,tabpfgen,270,270,270,0.03703703703703701,0.05452674897119341,0.04488456153426191,0.17536522138815167,0.3797545385243813,0.2624565572704314,0.0,0.26123113854595337
40994,climate-model-simulation-crashes,2,tvae,270,270,270,0.007407407407407411,0.16152263374485598,0.05616717980183198,2.0557525916980564,3.3596542374813394,2.362310843765428,0.0,0.9933127572016461
458,analcatdata_authorship,0,ctgan,420,421,420,0.21666666666666665,0.18091836734693875,0.15518894176533085,7.065769235733943,8.943324956057957,7.560155189475213,0.0,0.9919040532879819
458,analcatdata_authorship,0,nflow,420,421,420,0.06904761904761902,0.1079251700680272,0.12409844601623835,6.792512402031218,9.152711320557126,7.20230231570055,0.0,0.943983843537415
458,analcatdata_authorship,0,rtvae,420,421,420,0.07619047619047617,0.25057823129251705,0.1093298958517082,4.2364016631692465,6.944213813322339,5.432936267142229,0.0,1.0
458,analcatdata_authorship,0,smote,420,421,420,0.0,0.06972789115646257,0.048508013220759955,1.1982152461518525,2.678579694314482,1.3535884159919596,0.0,0.5847505668934241
458,analcatdata_authorship,0,tabddpm,420,421,420,0.026190476190476167,0.48183673469387756,0.15877842810358667,21.56475622712448,26.336211425643434,23.01606317200905,0.0,1.0
458,analcatdata_authorship,0,tabpfgen,420,421,420,0.009523809523809532,0.10401360544217685,0.036313338613764776,0.1074763228185004,0.14477834354534797,0.1197919587475114,0.0,0.999734268707483
458,analcatdata_authorship,0,tvae,420,421,420,0.06904761904761904,0.16340136054421767,0.11077647428291185,5.603256262060866,7.156040031236515,6.049901360752476,0.0,0.9966517857142858
458,analcatdata_authorship,1,ctgan,420,421,420,0.130952380952381,0.40095238095238095,0.15736257172196721,8.769254013626314,11.494804245885124,9.410718461923773,0.0,1.0
458,analcatdata_authorship,1,nflow,420,421,420,0.09047619047619047,0.11241496598639455,0.13327066527417342,6.988298968260812,8.992515494702088,7.1729283919905305,0.0,0.9651537698412699
458,analcatdata_authorship,1,rtvae,420,421,420,0.06666666666666665,0.261156462585034,0.10607887923304953,4.585243664727303,6.966915219917422,5.15889874738675,0.0,1.0
458,analcatdata_authorship,1,smote,420,421,420,0.0,0.07547619047619045,0.04922304804925196,1.2461489005871798,2.4039069373941717,1.3907988608065227,0.0,0.6320153061224488
458,analcatdata_authorship,1,tabddpm,420,421,420,0.023809523809523822,0.48336734693877537,0.16049191357845255,20.192090219677514,25.708786909271446,22.233433252132524,0.0,1.0
458,analcatdata_authorship,1,tabpfgen,420,421,420,0.03809523809523807,0.11088435374149656,0.035339493218938874,0.08813700970064865,0.11723512828988415,0.09535625655013283,0.0,0.9991850907029479
458,analcatdata_authorship,1,tvae,420,421,420,0.06428571428571428,0.15918367346938778,0.1013568771346703,5.6914972380287745,7.089947448070966,5.851298562566918,0.0,0.9963329081632653
458,analcatdata_authorship,2,ctgan,420,421,420,0.18571428571428575,0.3542517006802721,0.1548737684011346,8.621192701031953,12.020018674306847,9.462450440019406,0.0,1.0
458,analcatdata_authorship,2,nflow,420,421,420,0.11428571428571428,0.10108843537414965,0.12884677651851023,6.650406271454911,8.959779513744584,7.229590180559084,0.0,0.9777140022675738
458,analcatdata_authorship,2,rtvae,420,421,420,0.1738095238095238,0.26500000000000007,0.10158116319239269,3.911348734990858,6.924885775616103,4.728209810184652,0.0,1.0
458,analcatdata_authorship,2,smote,420,421,420,0.0,0.0748299319727891,0.051705169384245624,1.2111839847382915,2.5567708981062403,1.3891183498019253,0.0,0.6520514455782314
458,analcatdata_authorship,2,tabddpm,420,421,420,0.026190476190476226,0.49374149659863936,0.1556607263875208,20.550388720391705,25.464428500877403,21.610974611003886,0.0,1.0
458,analcatdata_authorship,2,tabpfgen,420,421,420,0.054761904761904776,0.11105442176870747,0.03961295902882188,0.08831158769274834,0.11849599606965244,0.09507087126310643,0.0,0.9999999999999999
458,analcatdata_authorship,2,tvae,420,421,420,0.15238095238095237,0.16061224489795917,0.11196916330116231,5.534565431817919,7.162104898459869,6.083312167968468,0.0,0.9967935090702947
54,vehicle,0,ctgan,423,423,423,0.11347517730496455,0.2291830837930129,0.23684182210640112,1.4452333747284007,3.393963100226587,2.025056350440913,0.0,0.9983118691263488
54,vehicle,0,nflow,423,423,423,0.08510638297872339,0.11242448121880745,0.16238807779641742,1.2161777608484454,2.459966186284282,1.3775040729210475,0.0,0.9928297946397495
54,vehicle,0,rtvae,423,423,423,0.07328605200945625,0.3267664827948516,0.19992799243856293,1.05744948516277,2.028875380397752,1.0868168730937053,0.0,1.0
54,vehicle,0,smote,423,423,423,0.0,0.04964539007092198,0.03735504389618853,0.13477887118114493,0.60102355944475,0.17985531190902515,0.0,0.4426383571179951
54,vehicle,0,tabddpm,423,423,423,0.11111111111111115,0.24678224323614392,0.18507946542493336,0.6953792619072102,1.7436917142532298,0.7923175190484045,0.0,0.8404629307344239
54,vehicle,0,tabpfgen,423,423,423,0.016548463356974005,0.0625164171263462,0.04579786694067506,0.028895725522395773,0.05983031756553886,0.039345099008108154,0.0,0.8370518621649844
54,vehicle,0,tvae,423,423,423,0.10401891252955085,0.22695035460992907,0.20715482257611656,0.8561620975106397,1.9931845597766882,1.1088270899447743,0.0,0.986094674556213
54,vehicle,1,ctgan,423,423,423,0.03782505910165482,0.2525610717100079,0.27520968332927,1.7719567510317653,3.2960592484216518,1.970912916289457,0.0,0.9995475113122171
54,vehicle,1,nflow,423,423,423,0.10874704491725769,0.09863409508799581,0.21232970947020005,1.1082599231341215,2.6865572238366036,1.3067829026429265,0.0,0.9702053602506091
54,vehicle,1,rtvae,423,423,423,0.03546099290780144,0.2893354347255056,0.19332015612292447,0.9929093267772515,2.1043197620603022,1.155510698070057,0.0,1.0
54,vehicle,1,smote,423,423,423,0.0,0.057000262674021536,0.024781207882563556,0.11488656021304218,0.5052327434235819,0.18358488976677043,0.0,0.42166724678036893
54,vehicle,1,tabddpm,423,423,423,0.06619385342789595,0.28171788810086684,0.19902436116875932,0.5656319101715536,2.826599565761624,0.7717785299894656,0.0,0.8515837104072398
54,vehicle,1,tabpfgen,423,423,423,0.028368794326241148,0.073023377987917,0.032449213440715545,0.03708455773460779,0.059751237019114084,0.039340628065352774,0.0,0.8058127392969022
54,vehicle,1,tvae,423,423,423,0.06382978723404256,0.17756763856054636,0.1916000540503716,0.5622006860297601,1.9518036928113047,0.9812248180313282,0.0,0.9906021580229725
54,vehicle,2,ctgan,423,423,423,0.07092198581560283,0.23075912792224848,0.23490211693862037,1.966540516353901,3.62572033408775,2.229163479875514,0.0,0.9984162895927602
54,vehicle,2,nflow,423,423,423,0.07565011820330969,0.09180457052797479,0.20416440519405563,1.0793077690628332,2.689723987609641,1.5154185788691776,0.0,0.9797250261051167
54,vehicle,2,rtvae,423,423,423,0.10165484633569738,0.3018124507486209,0.19655222963731384,0.890681893234666,2.123423230175111,1.0927591797583054,0.0,1.0
54,vehicle,2,smote,423,423,423,0.0,0.060546361964801676,0.05073659370306695,0.0028891638726670095,0.563684935093624,0.1929440708484807,0.0,0.46084232509571876
54,vehicle,2,tabddpm,423,423,423,0.07328605200945629,0.278434462831626,0.19809787587329017,0.4964524380966038,2.6231933741651567,0.7172543576950737,0.0,0.8492168465019143
54,vehicle,2,tabpfgen,423,423,423,0.016548463356973978,0.06763856054636196,0.024965307771007753,0.028414866756747453,0.05876518226814548,0.03889366831316959,0.0,0.882944657152802
54,vehicle,2,tvae,423,423,423,0.08037825059101654,0.18242710795902284,0.1862791153889156,0.8553622305760995,2.099279164803151,0.9951175658965283,0.0,0.9866341802993386
