mode,downstream_model,generator,paper_auc,reproduced_auc_mean,reproduced_auc_std,n_runs,delta_vs_paper,abs_delta_vs_paper
augmentation,lr,ctgan,0.904,0.89190717976298,0.08602632994253827,54.0,-0.012092820237020074,0.012092820237020074
augmentation,lr,nflow,0.901,0.8936886864189072,0.08566498817413262,54.0,-0.0073113135810928265,0.0073113135810928265
augmentation,lr,original,0.92,,,,,
augmentation,lr,rtvae,0.906,0.903741997516165,0.07791328455649754,54.0,-0.002258002483835009,0.002258002483835009
augmentation,lr,smote,0.914,0.9156800067039604,0.08058425243419835,54.0,0.0016800067039604016,0.0016800067039604016
augmentation,lr,tabddpm,0.885,0.8967625175389806,0.08607924773585295,54.0,0.01176251753898061,0.01176251753898061
augmentation,lr,tabpfgen,0.921,0.9228092157849286,0.0780496777329779,51.0,0.0018092157849285417,0.0018092157849285417
augmentation,lr,tvae,0.909,0.9069445327412493,0.078909522567861,54.0,-0.0020554672587507206,0.0020554672587507206
augmentation,rf,ctgan,0.898,0.8990498612637045,0.09355459018237187,54.0,0.0010498612637044324,0.0010498612637044324
augmentation,rf,nflow,0.894,0.8944113371681914,0.0963178723724534,54.0,0.00041133716819141686,0.00041133716819141686
augmentation,rf,original,0.906,,,,,
augmentation,rf,rtvae,0.907,0.8988647703771782,0.09583908002085116,54.0,-0.008135229622821871,0.008135229622821871
augmentation,rf,smote,0.906,0.9049049814368785,0.09262531639174355,54.0,-0.0010950185631215525,0.0010950185631215525
augmentation,rf,tabddpm,0.911,0.9070575766129463,0.0893738003349273,54.0,-0.003942423387053751,0.003942423387053751
augmentation,rf,tabpfgen,0.912,0.907684167678309,0.08774546644898198,54.0,-0.004315832321691082,0.004315832321691082
augmentation,rf,tvae,0.904,0.8966561012360924,0.09656486098078758,54.0,-0.007343898763907619,0.007343898763907619
augmentation,tabpfn,ctgan,0.93,0.9299643348013347,0.07391683394952933,54.0,-3.566519866537998e-05,3.566519866537998e-05
augmentation,tabpfn,nflow,0.928,0.9256940851870802,0.07694287787435598,54.0,-0.0023059148129198626,0.0023059148129198626
augmentation,tabpfn,original,0.934,,,,,
augmentation,tabpfn,rtvae,0.932,0.9293981720918415,0.07223531102363172,54.0,-0.0026018279081585494,0.0026018279081585494
augmentation,tabpfn,smote,0.927,0.9227928755307048,0.08793850757819767,54.0,-0.004207124469295276,0.004207124469295276
augmentation,tabpfn,tabddpm,0.929,0.930715438029088,0.07510784237111603,54.0,0.0017154380290879123,0.0017154380290879123
augmentation,tabpfn,tabpfgen,0.935,0.9262240867286855,0.08396229221439731,54.0,-0.00877591327131455,0.00877591327131455
augmentation,tabpfn,tvae,0.931,0.9276620461722792,0.07536550184089681,54.0,-0.003337953827720841,0.003337953827720841
augmentation,xgb,ctgan,0.912,0.9050120168332735,0.08629112738543937,54.0,-0.006987983166726552,0.006987983166726552
augmentation,xgb,nflow,0.912,0.8997615873204475,0.09096671267332367,54.0,-0.012238412679552502,0.012238412679552502
augmentation,xgb,original,0.924,,,,,
augmentation,xgb,rtvae,0.917,0.9055396735736002,0.08913993252472163,54.0,-0.011460326426399825,0.011460326426399825
augmentation,xgb,smote,0.926,0.9109674599577063,0.08555078301200081,54.0,-0.015032540042293707,0.015032540042293707
augmentation,xgb,tabddpm,0.927,0.9093492320132045,0.08632574513263865,54.0,-0.017650767986795546,0.017650767986795546
augmentation,xgb,tabpfgen,0.934,0.9119229055026549,0.08764407823160297,54.0,-0.022077094497345184,0.022077094497345184
augmentation,xgb,tvae,0.914,0.9032726250519685,0.09100753739471228,54.0,-0.010727374948031554,0.010727374948031554
replacement,lr,ctgan,0.843,0.6213559360043712,0.17798378628337572,53.0,-0.22164406399562875,0.22164406399562875
replacement,lr,nflow,0.722,0.748331376657585,0.12135364549128366,54.0,0.026331376657585004,0.026331376657585004
replacement,lr,rtvae,0.854,0.7474074222103269,0.19488807438404876,54.0,-0.10659257778967313,0.10659257778967313
replacement,lr,smote,0.893,0.9081246689009814,0.08519991412599552,54.0,0.015124668900981408,0.015124668900981408
replacement,lr,tabddpm,0.876,0.7409834231336132,0.22472581514054873,54.0,-0.1350165768663868,0.1350165768663868
replacement,lr,tabpfgen,0.92,0.9132573171639217,0.08301553439470569,51.0,-0.006742682836078373,0.006742682836078373
replacement,lr,tvae,0.873,0.8385706941747052,0.12483209220650106,54.0,-0.0344293058252948,0.0344293058252948
replacement,rf,ctgan,0.837,0.6001098649609241,0.1348666439028923,53.0,-0.23689013503907586,0.23689013503907586
replacement,rf,nflow,0.676,0.725382654572359,0.13227398387342915,54.0,0.04938265457235891,0.04938265457235891
replacement,rf,rtvae,0.774,0.7563096699523625,0.13277525414308394,54.0,-0.017690330047637537,0.017690330047637537
replacement,rf,smote,0.894,0.8970028724107156,0.09448296295028034,54.0,0.003002872410715618,0.003002872410715618
replacement,rf,tabddpm,0.814,0.7104687259419203,0.18734690869138743,54.0,-0.1035312740580796,0.1035312740580796
replacement,rf,tabpfgen,0.906,0.8760247117429671,0.128511155647053,54.0,-0.029975288257032884,0.029975288257032884
replacement,rf,tvae,0.844,0.7964310937821336,0.14661555348601563,54.0,-0.04756890621786636,0.04756890621786636
replacement,tabpfn,ctgan,0.888,0.6453321397388833,0.18401915298361984,53.0,-0.24266786026111675,0.24266786026111675
replacement,tabpfn,nflow,0.705,0.7600440000860748,0.13297805397275292,54.0,0.055044000086074796,0.055044000086074796
replacement,tabpfn,rtvae,0.862,0.7895709336619672,0.128821760284746,54.0,-0.07242906633803281,0.07242906633803281
replacement,tabpfn,smote,0.92,0.9169579079765096,0.09073305287958464,54.0,-0.0030420920234904836,0.0030420920234904836
replacement,tabpfn,tabddpm,0.894,0.7638686458919158,0.200984075477893,54.0,-0.13013135410808419,0.13013135410808419
replacement,tabpfn,tabpfgen,0.934,0.9236020904730337,0.08006382788369336,51.0,-0.010397909526966398,0.010397909526966398
replacement,tabpfn,tvae,0.887,0.853817395123518,0.11029087658775073,54.0,-0.03318260487648206,0.03318260487648206
replacement,xgb,ctgan,0.842,0.5935599269213252,0.12500088669887044,53.0,-0.24844007307867477,0.24844007307867477
replacement,xgb,nflow,0.7,0.7253412523251365,0.12661209396349893,54.0,0.02534125232513651,0.02534125232513651
replacement,xgb,rtvae,0.795,0.73716888659076,0.13665948283502424,54.0,-0.057831113409240076,0.057831113409240076
replacement,xgb,smote,0.907,0.8987210983410533,0.0900670261368335,54.0,-0.008278901658946736,0.008278901658946736
replacement,xgb,tabddpm,0.812,0.6761834220830251,0.1953806178484247,54.0,-0.135816577916975,0.135816577916975
replacement,xgb,tabpfgen,0.927,0.8775244946282295,0.12694348100573347,54.0,-0.04947550537177059,0.04947550537177059
replacement,xgb,tvae,0.858,0.8048683164961167,0.13564736722262544,54.0,-0.05313168350388331,0.05313168350388331
