dataset_id,seed,generator,mode,downstream_model,auc,n_train_real,n_train_used,n_test,classes,result_path,metrics_path,dataset_name,original_auc,delta_vs_original
458,0,ctgan,replacement,tabpfn,0.26602938749863975,420,420,421,"['Austen', 'London', 'Milton', 'Shakespeare']",/projects/prjs1237/project/tabpfgen/TabPFGen/outputs/table1_downstream/458/seed_0/ctgan/replacement/tabpfn/metrics.json,/projects/prjs1237/project/tabpfgen/TabPFGen/outputs/table1_downstream/458/seed_0/ctgan/replacement/tabpfn/metrics.json,analcatdata_authorship,1.0,-0.7339706125013603
1063,2,rtvae,replacement,lr,0.15593251088534107,261,261,261,"['no', 'yes']",/projects/prjs1237/project/tabpfgen/TabPFGen/outputs/table1_downstream/1063/seed_2/rtvae/replacement/lr/metrics.json,/projects/prjs1237/project/tabpfgen/TabPFGen/outputs/table1_downstream/1063/seed_2/rtvae/replacement/lr/metrics.json,kc2,0.8703737300435413,-0.7144412191582002
1494,0,tabddpm,replacement,tabpfn,0.23972712680577848,527,527,528,"['1', '2']",/projects/prjs1237/project/tabpfgen/TabPFGen/outputs/table1_downstream/1494/seed_0/tabddpm/replacement/tabpfn/metrics.json,/projects/prjs1237/project/tabpfgen/TabPFGen/outputs/table1_downstream/1494/seed_0/tabddpm/replacement/tabpfn/metrics.json,qsar-biodeg,0.9295585874799358,-0.6898314606741573
1494,1,tabddpm,replacement,tabpfn,0.2504975922953451,527,527,528,"['1', '2']",/projects/prjs1237/project/tabpfgen/TabPFGen/outputs/table1_downstream/1494/seed_1/tabddpm/replacement/tabpfn/metrics.json,/projects/prjs1237/project/tabpfgen/TabPFGen/outputs/table1_downstream/1494/seed_1/tabddpm/replacement/tabpfn/metrics.json,qsar-biodeg,0.9290128410914927,-0.6785152487961477
1494,2,tabddpm,replacement,lr,0.25481540930979135,527,527,528,"['1', '2']",/projects/prjs1237/project/tabpfgen/TabPFGen/outputs/table1_downstream/1494/seed_2/tabddpm/replacement/lr/metrics.json,/projects/prjs1237/project/tabpfgen/TabPFGen/outputs/table1_downstream/1494/seed_2/tabddpm/replacement/lr/metrics.json,qsar-biodeg,0.9126163723916533,-0.657800963081862
1063,1,rtvae,replacement,lr,0.17028985507246377,261,261,261,"['no', 'yes']",/projects/prjs1237/project/tabpfgen/TabPFGen/outputs/table1_downstream/1063/seed_1/rtvae/replacement/lr/metrics.json,/projects/prjs1237/project/tabpfgen/TabPFGen/outputs/table1_downstream/1063/seed_1/rtvae/replacement/lr/metrics.json,kc2,0.817453927357309,-0.6471640722848453
1068,1,ctgan,replacement,lr,0.2058238918704035,554,554,555,"['False', 'True']",/projects/prjs1237/project/tabpfgen/TabPFGen/outputs/table1_downstream/1068/seed_1/ctgan/replacement/lr/metrics.json,/projects/prjs1237/project/tabpfgen/TabPFGen/outputs/table1_downstream/1068/seed_1/ctgan/replacement/lr/metrics.json,pc1,0.8370602265951103,-0.6312363347247067
1494,0,tabddpm,replacement,lr,0.29807383627608347,527,527,528,"['1', '2']",/projects/prjs1237/project/tabpfgen/TabPFGen/outputs/table1_downstream/1494/seed_0/tabddpm/replacement/lr/metrics.json,/projects/prjs1237/project/tabpfgen/TabPFGen/outputs/table1_downstream/1494/seed_0/tabddpm/replacement/lr/metrics.json,qsar-biodeg,0.9224398073836275,-0.624365971107544
40982,0,tabddpm,replacement,xgb,0.33666844915963584,970,970,971,"['Bumps', 'Dirtiness', 'K_Scratch', 'Other_Faults', 'Pastry', 'Stains', 'Z_Scratch']",/projects/prjs1237/project/tabpfgen/TabPFGen/outputs/table1_downstream/40982/seed_0/tabddpm/replacement/xgb/metrics.json,/projects/prjs1237/project/tabpfgen/TabPFGen/outputs/table1_downstream/40982/seed_0/tabddpm/replacement/xgb/metrics.json,steel-plates-fault,0.9607779844959176,-0.6241095353362818
1049,0,tabddpm,replacement,xgb,0.3104108146067416,729,729,729,"['False', 'True']",/projects/prjs1237/project/tabpfgen/TabPFGen/outputs/table1_downstream/1049/seed_0/tabddpm/replacement/xgb/metrics.json,/projects/prjs1237/project/tabpfgen/TabPFGen/outputs/table1_downstream/1049/seed_0/tabddpm/replacement/xgb/metrics.json,pc4,0.9344276685393258,-0.6240168539325842
40994,2,ctgan,replacement,tabpfn,0.30663615560640733,270,270,270,"['0', '1']",/projects/prjs1237/project/tabpfgen/TabPFGen/outputs/table1_downstream/40994/seed_2/ctgan/replacement/tabpfn/metrics.json,/projects/prjs1237/project/tabpfgen/TabPFGen/outputs/table1_downstream/40994/seed_2/ctgan/replacement/tabpfn/metrics.json,climate-model-simulation-crashes,0.9304699876782256,-0.6238338320718183
458,2,tabddpm,replacement,tabpfn,0.3779320264450179,420,420,421,"['Austen', 'London', 'Milton', 'Shakespeare']",/projects/prjs1237/project/tabpfgen/TabPFGen/outputs/table1_downstream/458/seed_2/tabddpm/replacement/tabpfn/metrics.json,/projects/prjs1237/project/tabpfgen/TabPFGen/outputs/table1_downstream/458/seed_2/tabddpm/replacement/tabpfn/metrics.json,analcatdata_authorship,1.0,-0.6220679735549821
1494,1,ctgan,replacement,tabpfn,0.3097030497592296,527,527,528,"['1', '2']",/projects/prjs1237/project/tabpfgen/TabPFGen/outputs/table1_downstream/1494/seed_1/ctgan/replacement/tabpfn/metrics.json,/projects/prjs1237/project/tabpfgen/TabPFGen/outputs/table1_downstream/1494/seed_1/ctgan/replacement/tabpfn/metrics.json,qsar-biodeg,0.9290128410914927,-0.6193097913322632
1494,2,tabddpm,replacement,rf,0.3023113964686998,527,527,528,"['1', '2']",/projects/prjs1237/project/tabpfgen/TabPFGen/outputs/table1_downstream/1494/seed_2/tabddpm/replacement/rf/metrics.json,/projects/prjs1237/project/tabpfgen/TabPFGen/outputs/table1_downstream/1494/seed_2/tabddpm/replacement/rf/metrics.json,qsar-biodeg,0.9202166934189406,-0.6179052969502408
1494,2,tabddpm,replacement,tabpfn,0.3110112359550562,527,527,528,"['1', '2']",/projects/prjs1237/project/tabpfgen/TabPFGen/outputs/table1_downstream/1494/seed_2/tabddpm/replacement/tabpfn/metrics.json,/projects/prjs1237/project/tabpfgen/TabPFGen/outputs/table1_downstream/1494/seed_2/tabddpm/replacement/tabpfn/metrics.json,qsar-biodeg,0.9233467094703051,-0.6123354735152489
40982,0,tabddpm,replacement,tabpfn,0.37383667650325975,970,970,971,"['Bumps', 'Dirtiness', 'K_Scratch', 'Other_Faults', 'Pastry', 'Stains', 'Z_Scratch']",/projects/prjs1237/project/tabpfgen/TabPFGen/outputs/table1_downstream/40982/seed_0/tabddpm/replacement/tabpfn/metrics.json,/projects/prjs1237/project/tabpfgen/TabPFGen/outputs/table1_downstream/40982/seed_0/tabddpm/replacement/tabpfn/metrics.json,steel-plates-fault,0.9723768411532994,-0.5985401646500397
458,2,tabddpm,replacement,xgb,0.40540971261123804,420,420,421,"['Austen', 'London', 'Milton', 'Shakespeare']",/projects/prjs1237/project/tabpfgen/TabPFGen/outputs/table1_downstream/458/seed_2/tabddpm/replacement/xgb/metrics.json,/projects/prjs1237/project/tabpfgen/TabPFGen/outputs/table1_downstream/458/seed_2/tabddpm/replacement/xgb/metrics.json,analcatdata_authorship,0.9991705639479456,-0.5937608513367075
40994,2,ctgan,replacement,lr,0.32987150149621547,270,270,270,"['0', '1']",/projects/prjs1237/project/tabpfgen/TabPFGen/outputs/table1_downstream/40994/seed_2/ctgan/replacement/lr/metrics.json,/projects/prjs1237/project/tabpfgen/TabPFGen/outputs/table1_downstream/40994/seed_2/ctgan/replacement/lr/metrics.json,climate-model-simulation-crashes,0.9234289737722232,-0.5935574722760077
458,0,ctgan,replacement,lr,0.40927327276402176,420,420,421,"['Austen', 'London', 'Milton', 'Shakespeare']",/projects/prjs1237/project/tabpfgen/TabPFGen/outputs/table1_downstream/458/seed_0/ctgan/replacement/lr/metrics.json,/projects/prjs1237/project/tabpfgen/TabPFGen/outputs/table1_downstream/458/seed_0/ctgan/replacement/lr/metrics.json,analcatdata_authorship,0.9999486427477813,-0.5906753699837595
1494,0,ctgan,replacement,lr,0.332199036918138,527,527,528,"['1', '2']",/projects/prjs1237/project/tabpfgen/TabPFGen/outputs/table1_downstream/1494/seed_0/ctgan/replacement/lr/metrics.json,/projects/prjs1237/project/tabpfgen/TabPFGen/outputs/table1_downstream/1494/seed_0/ctgan/replacement/lr/metrics.json,qsar-biodeg,0.9224398073836275,-0.5902407704654895
1494,0,tabddpm,replacement,xgb,0.32626805778491175,527,527,528,"['1', '2']",/projects/prjs1237/project/tabpfgen/TabPFGen/outputs/table1_downstream/1494/seed_0/tabddpm/replacement/xgb/metrics.json,/projects/prjs1237/project/tabpfgen/TabPFGen/outputs/table1_downstream/1494/seed_0/tabddpm/replacement/xgb/metrics.json,qsar-biodeg,0.9146789727126805,-0.5884109149277688
1494,2,ctgan,replacement,tabpfn,0.338354735152488,527,527,528,"['1', '2']",/projects/prjs1237/project/tabpfgen/TabPFGen/outputs/table1_downstream/1494/seed_2/ctgan/replacement/tabpfn/metrics.json,/projects/prjs1237/project/tabpfgen/TabPFGen/outputs/table1_downstream/1494/seed_2/ctgan/replacement/tabpfn/metrics.json,qsar-biodeg,0.9233467094703051,-0.5849919743178171
458,0,ctgan,replacement,xgb,0.41604308019151426,420,420,421,"['Austen', 'London', 'Milton', 'Shakespeare']",/projects/prjs1237/project/tabpfgen/TabPFGen/outputs/table1_downstream/458/seed_0/ctgan/replacement/xgb/metrics.json,/projects/prjs1237/project/tabpfgen/TabPFGen/outputs/table1_downstream/458/seed_0/ctgan/replacement/xgb/metrics.json,analcatdata_authorship,0.997583109224276,-0.5815400290327617
1049,2,ctgan,replacement,rf,0.34094101123595505,729,729,729,"['False', 'True']",/projects/prjs1237/project/tabpfgen/TabPFGen/outputs/table1_downstream/1049/seed_2/ctgan/replacement/rf/metrics.json,/projects/prjs1237/project/tabpfgen/TabPFGen/outputs/table1_downstream/1049/seed_2/ctgan/replacement/rf/metrics.json,pc4,0.9160902387640448,-0.5751492275280898
458,2,tabddpm,replacement,lr,0.4404405769810673,420,420,421,"['Austen', 'London', 'Milton', 'Shakespeare']",/projects/prjs1237/project/tabpfgen/TabPFGen/outputs/table1_downstream/458/seed_2/tabddpm/replacement/lr/metrics.json,/projects/prjs1237/project/tabpfgen/TabPFGen/outputs/table1_downstream/458/seed_2/tabddpm/replacement/lr/metrics.json,analcatdata_authorship,0.99991467871887,-0.5594741017378027
1049,2,tabddpm,replacement,lr,0.33323384831460673,729,729,729,"['False', 'True']",/projects/prjs1237/project/tabpfgen/TabPFGen/outputs/table1_downstream/1049/seed_2/tabddpm/replacement/lr/metrics.json,/projects/prjs1237/project/tabpfgen/TabPFGen/outputs/table1_downstream/1049/seed_2/tabddpm/replacement/lr/metrics.json,pc4,0.8891327247191011,-0.5558988764044943
16,0,ctgan,replacement,rf,0.44891388888888895,1000,1000,1000,"['1', '2', '3', '4', '5', '6', '7', '8', '9', '10']",/projects/prjs1237/project/tabpfgen/TabPFGen/outputs/table1_downstream/16/seed_0/ctgan/replacement/rf/metrics.json,/projects/prjs1237/project/tabpfgen/TabPFGen/outputs/table1_downstream/16/seed_0/ctgan/replacement/rf/metrics.json,mfeat-karhunen,0.9963055555555554,-0.5473916666666665
1049,0,tabddpm,replacement,lr,0.3581636235955056,729,729,729,"['False', 'True']",/projects/prjs1237/project/tabpfgen/TabPFGen/outputs/table1_downstream/1049/seed_0/tabddpm/replacement/lr/metrics.json,/projects/prjs1237/project/tabpfgen/TabPFGen/outputs/table1_downstream/1049/seed_0/tabddpm/replacement/lr/metrics.json,pc4,0.9039325842696628,-0.5457689606741573
1494,1,tabddpm,replacement,rf,0.38854735152487957,527,527,528,"['1', '2']",/projects/prjs1237/project/tabpfgen/TabPFGen/outputs/table1_downstream/1494/seed_1/tabddpm/replacement/rf/metrics.json,/projects/prjs1237/project/tabpfgen/TabPFGen/outputs/table1_downstream/1494/seed_1/tabddpm/replacement/rf/metrics.json,qsar-biodeg,0.928322632423756,-0.5397752808988765
37,0,ctgan,replacement,lr,0.3103283582089552,384,384,384,"['tested_negative', 'tested_positive']",/projects/prjs1237/project/tabpfgen/TabPFGen/outputs/table1_downstream/37/seed_0/ctgan/replacement/lr/metrics.json,/projects/prjs1237/project/tabpfgen/TabPFGen/outputs/table1_downstream/37/seed_0/ctgan/replacement/lr/metrics.json,diabetes,0.847820895522388,-0.5374925373134328
1049,1,tabddpm,replacement,xgb,0.40149227528089887,729,729,729,"['False', 'True']",/projects/prjs1237/project/tabpfgen/TabPFGen/outputs/table1_downstream/1049/seed_1/tabddpm/replacement/xgb/metrics.json,/projects/prjs1237/project/tabpfgen/TabPFGen/outputs/table1_downstream/1049/seed_1/tabddpm/replacement/xgb/metrics.json,pc4,0.9341818820224719,-0.532689606741573
1462,0,ctgan,replacement,xgb,0.47032399638569766,686,686,686,"['1', '2']",/projects/prjs1237/project/tabpfgen/TabPFGen/outputs/table1_downstream/1462/seed_0/ctgan/replacement/xgb/metrics.json,/projects/prjs1237/project/tabpfgen/TabPFGen/outputs/table1_downstream/1462/seed_0/ctgan/replacement/xgb/metrics.json,banknote-authentication,0.9999311561464652,-0.5296071597607676
14,2,ctgan,replacement,tabpfn,0.46434,1000,1000,1000,"['1', '2', '3', '4', '5', '6', '7', '8', '9', '10']",/projects/prjs1237/project/tabpfgen/TabPFGen/outputs/table1_downstream/14/seed_2/ctgan/replacement/tabpfn/metrics.json,/projects/prjs1237/project/tabpfgen/TabPFGen/outputs/table1_downstream/14/seed_2/ctgan/replacement/tabpfn/metrics.json,mfeat-fourier,0.9891811111111111,-0.5248411111111111
458,0,ctgan,replacement,rf,0.4752237029094962,420,420,421,"['Austen', 'London', 'Milton', 'Shakespeare']",/projects/prjs1237/project/tabpfgen/TabPFGen/outputs/table1_downstream/458/seed_0/ctgan/replacement/rf/metrics.json,/projects/prjs1237/project/tabpfgen/TabPFGen/outputs/table1_downstream/458/seed_0/ctgan/replacement/rf/metrics.json,analcatdata_authorship,0.9997023299912482,-0.524478627081752
16,0,ctgan,replacement,xgb,0.47362000000000004,1000,1000,1000,"['1', '2', '3', '4', '5', '6', '7', '8', '9', '10']",/projects/prjs1237/project/tabpfgen/TabPFGen/outputs/table1_downstream/16/seed_0/ctgan/replacement/xgb/metrics.json,/projects/prjs1237/project/tabpfgen/TabPFGen/outputs/table1_downstream/16/seed_0/ctgan/replacement/xgb/metrics.json,mfeat-karhunen,0.9962366666666668,-0.5226166666666667
1050,0,rtvae,replacement,lr,0.3125801282051282,781,781,782,"['False', 'True']",/projects/prjs1237/project/tabpfgen/TabPFGen/outputs/table1_downstream/1050/seed_0/rtvae/replacement/lr/metrics.json,/projects/prjs1237/project/tabpfgen/TabPFGen/outputs/table1_downstream/1050/seed_0/rtvae/replacement/lr/metrics.json,pc3,0.830920584045584,-0.5183404558404558
1068,1,ctgan,replacement,tabpfn,0.35427847346452,554,554,555,"['False', 'True']",/projects/prjs1237/project/tabpfgen/TabPFGen/outputs/table1_downstream/1068/seed_1/ctgan/replacement/tabpfn/metrics.json,/projects/prjs1237/project/tabpfgen/TabPFGen/outputs/table1_downstream/1068/seed_1/ctgan/replacement/tabpfn/metrics.json,pc1,0.8696084277479627,-0.5153299542834426
40982,2,tabddpm,replacement,xgb,0.43573616947844535,970,970,971,"['Bumps', 'Dirtiness', 'K_Scratch', 'Other_Faults', 'Pastry', 'Stains', 'Z_Scratch']",/projects/prjs1237/project/tabpfgen/TabPFGen/outputs/table1_downstream/40982/seed_2/tabddpm/replacement/xgb/metrics.json,/projects/prjs1237/project/tabpfgen/TabPFGen/outputs/table1_downstream/40982/seed_2/tabddpm/replacement/xgb/metrics.json,steel-plates-fault,0.9503608776952797,-0.5146247082168343
458,1,tabddpm,replacement,lr,0.48619356030937894,420,420,421,"['Austen', 'London', 'Milton', 'Shakespeare']",/projects/prjs1237/project/tabpfgen/TabPFGen/outputs/table1_downstream/458/seed_1/tabddpm/replacement/lr/metrics.json,/projects/prjs1237/project/tabpfgen/TabPFGen/outputs/table1_downstream/458/seed_1/tabddpm/replacement/lr/metrics.json,analcatdata_authorship,1.0,-0.513806439690621
1494,1,tabddpm,replacement,lr,0.4102568218298555,527,527,528,"['1', '2']",/projects/prjs1237/project/tabpfgen/TabPFGen/outputs/table1_downstream/1494/seed_1/tabddpm/replacement/lr/metrics.json,/projects/prjs1237/project/tabpfgen/TabPFGen/outputs/table1_downstream/1494/seed_1/tabddpm/replacement/lr/metrics.json,qsar-biodeg,0.9213001605136437,-0.5110433386837883
14,2,ctgan,replacement,lr,0.46608555555555553,1000,1000,1000,"['1', '2', '3', '4', '5', '6', '7', '8', '9', '10']",/projects/prjs1237/project/tabpfgen/TabPFGen/outputs/table1_downstream/14/seed_2/ctgan/replacement/lr/metrics.json,/projects/prjs1237/project/tabpfgen/TabPFGen/outputs/table1_downstream/14/seed_2/ctgan/replacement/lr/metrics.json,mfeat-fourier,0.975621111111111,-0.5095355555555555
458,2,ctgan,replacement,xgb,0.4903357043852563,420,420,421,"['Austen', 'London', 'Milton', 'Shakespeare']",/projects/prjs1237/project/tabpfgen/TabPFGen/outputs/table1_downstream/458/seed_2/ctgan/replacement/xgb/metrics.json,/projects/prjs1237/project/tabpfgen/TabPFGen/outputs/table1_downstream/458/seed_2/ctgan/replacement/xgb/metrics.json,analcatdata_authorship,0.9991705639479456,-0.5088348595626893
16,1,nflow,replacement,xgb,0.48609,1000,1000,1000,"['1', '2', '3', '4', '5', '6', '7', '8', '9', '10']",/projects/prjs1237/project/tabpfgen/TabPFGen/outputs/table1_downstream/16/seed_1/nflow/replacement/xgb/metrics.json,/projects/prjs1237/project/tabpfgen/TabPFGen/outputs/table1_downstream/16/seed_1/nflow/replacement/xgb/metrics.json,mfeat-karhunen,0.9945588888888889,-0.5084688888888889
16,1,nflow,replacement,tabpfn,0.4909544444444444,1000,1000,1000,"['1', '2', '3', '4', '5', '6', '7', '8', '9', '10']",/projects/prjs1237/project/tabpfgen/TabPFGen/outputs/table1_downstream/16/seed_1/nflow/replacement/tabpfn/metrics.json,/projects/prjs1237/project/tabpfgen/TabPFGen/outputs/table1_downstream/16/seed_1/nflow/replacement/tabpfn/metrics.json,mfeat-karhunen,0.9994166666666666,-0.5084622222222221
16,2,ctgan,replacement,tabpfn,0.4913416666666667,1000,1000,1000,"['1', '2', '3', '4', '5', '6', '7', '8', '9', '10']",/projects/prjs1237/project/tabpfgen/TabPFGen/outputs/table1_downstream/16/seed_2/ctgan/replacement/tabpfn/metrics.json,/projects/prjs1237/project/tabpfgen/TabPFGen/outputs/table1_downstream/16/seed_2/ctgan/replacement/tabpfn/metrics.json,mfeat-karhunen,0.9990411111111112,-0.5076994444444445
37,2,ctgan,replacement,rf,0.3167462686567164,384,384,384,"['tested_negative', 'tested_positive']",/projects/prjs1237/project/tabpfgen/TabPFGen/outputs/table1_downstream/37/seed_2/ctgan/replacement/rf/metrics.json,/projects/prjs1237/project/tabpfgen/TabPFGen/outputs/table1_downstream/37/seed_2/ctgan/replacement/rf/metrics.json,diabetes,0.8215970149253731,-0.5048507462686567
40994,1,ctgan,replacement,tabpfn,0.48257349058264387,270,270,270,"['0', '1']",/projects/prjs1237/project/tabpfgen/TabPFGen/outputs/table1_downstream/40994/seed_1/ctgan/replacement/tabpfn/metrics.json,/projects/prjs1237/project/tabpfgen/TabPFGen/outputs/table1_downstream/40994/seed_1/ctgan/replacement/tabpfn/metrics.json,climate-model-simulation-crashes,0.9866220735785954,-0.5040485829959516
40982,0,tabddpm,replacement,rf,0.4544772378411182,970,970,971,"['Bumps', 'Dirtiness', 'K_Scratch', 'Other_Faults', 'Pastry', 'Stains', 'Z_Scratch']",/projects/prjs1237/project/tabpfgen/TabPFGen/outputs/table1_downstream/40982/seed_0/tabddpm/replacement/rf/metrics.json,/projects/prjs1237/project/tabpfgen/TabPFGen/outputs/table1_downstream/40982/seed_0/tabddpm/replacement/rf/metrics.json,steel-plates-fault,0.9570761074237873,-0.5025988695826691
16,1,ctgan,replacement,tabpfn,0.4970611111111111,1000,1000,1000,"['1', '2', '3', '4', '5', '6', '7', '8', '9', '10']",/projects/prjs1237/project/tabpfgen/TabPFGen/outputs/table1_downstream/16/seed_1/ctgan/replacement/tabpfn/metrics.json,/projects/prjs1237/project/tabpfgen/TabPFGen/outputs/table1_downstream/16/seed_1/ctgan/replacement/tabpfn/metrics.json,mfeat-karhunen,0.9994166666666666,-0.5023555555555554
16,0,ctgan,replacement,tabpfn,0.4977261111111112,1000,1000,1000,"['1', '2', '3', '4', '5', '6', '7', '8', '9', '10']",/projects/prjs1237/project/tabpfgen/TabPFGen/outputs/table1_downstream/16/seed_0/ctgan/replacement/tabpfn/metrics.json,/projects/prjs1237/project/tabpfgen/TabPFGen/outputs/table1_downstream/16/seed_0/ctgan/replacement/tabpfn/metrics.json,mfeat-karhunen,0.9996166666666666,-0.5018905555555554
