V1,V2,V3,V4,V5,V6,V7,V8,V9,V10,V11,V12,V13,V14,V15,V16,V17,V18,V19,V20,V21,V22,V23,V24,V25,V26,V27,V28,V29,V30,target
6.981,9.71,43.79,143.5,0.05263,0.3454,0.3754,0.1913,0.2906,0.0898,0.1115,3.647,21.98,6.802,0.02075,0.1064,0.3038,0.0409,0.07895,0.02286,7.93,12.02,50.41,185.2,0.08409,0.8681,1.252,0.0,0.1565,0.1486,1
28.11,9.71,188.5,2499.0,0.1398,0.3454,0.3754,0.1913,0.2906,0.0898,2.873,3.647,21.98,525.6,0.02075,0.1064,0.3038,0.0409,0.07895,0.02286,33.13,12.02,229.3,3234.0,0.1909,0.8681,0.0,0.2903,0.5774,0.05504,2
6.981,9.71,43.79,143.5,0.05263,0.3454,0.0,0.0,0.2906,0.0898,2.873,3.647,21.98,525.6,0.02075,0.1064,0.0,0.0,0.07895,0.02286,7.93,12.02,50.41,185.2,0.08409,0.04327,0.0,0.0,0.1565,0.1486,1
6.981,9.71,43.79,143.5,0.05263,0.3454,0.0,0.0,0.2906,0.0898,0.1115,0.3621,0.7714,6.802,0.02075,0.1064,0.0,0.0,0.007882,0.02286,7.93,12.02,50.41,185.2,0.08409,0.8681,0.0,0.0,0.15650019010338806,0.1486,1
6.981,9.71,43.79,143.5,0.05263,0.0265,0.0,0.0,0.1203,0.05096,0.1115,0.3621,0.7714,6.802,0.002667,0.003012,0.0,0.0,0.07895,0.00095,7.93,12.02,50.41,185.2,0.08409,0.04327,0.0,0.0,0.1565,0.05504,1
28.11,9.71,188.5,2499.0,0.1398,0.3454,0.3754,0.1913,0.1203,0.05096,2.873,3.647,21.98,525.6,0.02075,0.1064,0.3038,0.0,0.07895,0.02286,33.13,12.02,229.3,3234.0,0.08409,0.04327,0.0,0.0,0.1565,0.05504,2
6.981,39.28,43.79,143.5,0.05263,0.3454,0.0,0.0,0.2906,0.0898,2.873,3.647,21.98,6.802,0.02075,0.003012,0.0,0.0,0.07895,0.02286,7.93,12.02,50.41,185.2,0.08409,0.04327,0.0,0.0,0.5774,0.1486,1
28.11,9.71,188.5,2499.0,0.1398,0.3454,0.3754,0.1913,0.2906,0.0898,2.873,3.647,21.98,525.6,0.02075,0.1064,0.3038,0.0409,0.07895,0.02286,33.13,12.02,229.3,3234.0,0.08409,0.8681,0.0,0.2903,0.1565,0.05504,2
28.11,9.71,188.5,2499.0,0.1398,0.3454,0.3754,0.1913,0.2906,0.05096,2.873,3.647,21.98,525.6,0.02075,0.1064,0.3038,0.0,0.07895,0.02286,33.13,12.02,229.3,3234.0,0.08409,0.04327,0.0,0.0,0.1565,0.05504,2
6.981,9.71,43.79,143.5,0.05263,0.0265,0.0,0.0,0.1203,0.0898,0.1115,0.3621,0.7714,6.802,0.002667,0.003012,0.0,0.0,0.007882,0.0009506329148125911,7.93,12.02,50.41,185.2,0.1909,0.8681,0.0,0.0,0.5774,0.1486,1
6.981,9.71,43.79,143.5,0.1398,0.3454,0.0,0.0,0.2906,0.0898,2.873,3.647,21.98,22.346740297796348,0.02075,0.1064,0.0,0.0,0.07895,0.02286,7.93,12.02,50.41,185.2,0.1909,0.8680955585600492,0.0,0.0,0.1565,0.1486,1
6.981,39.28,43.79,143.5,0.05263,0.0265,0.0,0.0,0.1203,0.0898,2.873,3.647,21.98,6.802,0.02075,0.003012,0.0,0.0,0.07895,0.02286,7.93,49.54,50.41,185.2,0.08409,0.04327,0.0,0.0,0.1565,0.1486,1
6.981,9.71,43.79,143.5,0.05263,0.0265,0.0,0.0,0.1203,0.0898,0.1115,0.3621,0.7714,6.802,0.02075,0.003012,0.0,0.0,0.07895,0.02286,7.93,12.02,50.41,185.2,0.08409,0.04327,0.0,0.0,0.157503183672409,0.1486,1
6.981,9.71,43.79,143.5,0.1398,0.3454,0.0,0.0,0.2906,0.0898,0.1115,3.647,0.7714,6.802,0.02075,0.1064,0.0,0.0,0.07895,0.02286,7.93,12.02,50.41,185.2,0.1909,0.868098607782426,0.0,0.0,0.5774,0.1486,1
6.981,9.71,43.79,143.5,0.05263,0.3454,0.3754,0.1913,0.2906,0.0898,2.873,3.647,21.98,525.6,0.02075,0.1064,0.3038,0.0409,0.07895,0.02286,7.93,12.02,50.41,185.2,0.08409,0.04327,1.252,0.0,0.5774,0.05504,2
28.11,39.28,188.5,2499.0,0.05263,0.3454,0.3754,0.1913,0.2906,0.0898,2.873,3.647,21.98,525.6,0.02075,0.1064,0.3038,0.0409,0.07895,0.02286,7.93,12.02,229.3,185.2,0.08409,0.04327,1.252,0.0,0.5774,0.05504,2
28.11,39.28,188.5,2499.0,0.1398,0.3454,0.3754,0.1913,0.2906,0.0898,2.873,3.647,21.98,525.6,0.02075,0.1064,0.3038,0.0409,0.07895,0.02286,33.13,12.02,229.3,3234.0,0.1909,0.8681,1.2519561295922554,0.2903,0.5774,0.05504,2
28.11,9.71,188.5,2499.0,0.1398,0.3454,0.3754,0.1913,0.2906,0.0898,2.873,3.647,21.98,525.6,0.02075,0.1064,0.3038,0.0409,0.07895,0.02286,33.13,12.02,229.3,3234.0,0.1909,0.04327,1.252,0.2903,0.5774,0.05504,2
6.981,9.71,43.79,143.5,0.13979511076654036,0.3454,0.0,0.0,0.2906,0.0898,2.873,3.647,21.98,32.80669265182733,0.02075,0.1064,0.0,0.0,0.07895,0.02286,7.93,12.02,50.41,185.2,0.08409,0.04327,0.0,0.0,0.1565,0.1486,1
6.981,39.28,43.79,143.5,0.05263,0.3454,0.0,0.0,0.2906,0.0898,2.873,3.647,21.98,525.6,0.02075,0.1064,0.0,0.0,0.07895,0.02286,7.93,49.252107017166395,50.41,185.2,0.08409,0.04327,0.0,0.0,0.3279333600033208,0.08577611181930192,2
6.981,39.28,43.79,143.5,0.05263,0.3454,0.0,0.0,0.2906,0.0898,2.873,3.647,21.98,525.6,0.02075,0.1064,0.0,0.0,0.07895,0.02286,7.93,12.26194798321009,50.41,185.2,0.08409,0.04327,0.0,0.0,0.24802459220074682,0.1486,1
6.981,9.71,43.79,143.5,0.1398,0.3454,0.0,0.0,0.2906,0.0898,0.1115,3.647,0.7714,6.802,0.02075,0.1064,0.0,0.0,0.07895,0.02286,7.93,12.02,50.41,185.2,0.1909,0.8681,0.0,0.0,0.5774,0.1486,1
6.981,39.28,43.79,143.5,0.05263,0.3454,0.0,0.0,0.2906,0.0898,2.873,3.647,21.98,525.6,0.02075,0.1064,0.0,0.0,0.07895,0.02286,7.93,12.02,50.41,185.2,0.08409,0.04327,0.0,0.0,0.1565,0.1486,1
6.981,9.71,43.79,143.5,0.13916988652409146,0.3454,0.0,0.0,0.2906,0.0898,0.1115,0.3621,0.7714,6.802,0.002667,0.02880676287272918,0.0,0.0,0.007882,0.00095,7.93,12.02,50.41,185.2,0.08409,0.8681,0.0,0.0,0.5774,0.1486,1
6.981,9.71,43.79,143.5,0.05263,0.3454,0.3754,0.1913,0.2906,0.0898,0.48192278241116027,3.647,21.98,525.6,0.002667,0.1064,0.3038,0.0409,0.07895,0.02286,7.93,12.02,50.41,185.2,0.08409,0.04327,1.252,0.0,0.5774,0.05504,1
6.981,9.71,43.79,143.5,0.05263,0.3454,0.3754,0.0,0.1203,0.0898,0.1115,3.647,21.98,6.802,0.02075,0.1064,0.3038,0.0409,0.07895,0.02286,7.93,12.02,50.41,185.2,0.08409,0.8681,1.252,0.0,0.1565,0.1486,1
6.981,9.71,43.79,143.5,0.1398,0.3454,0.0,0.0,0.2906,0.0898,0.1115,0.3621,0.7714,6.802,0.002667,0.1064,0.0,0.0,0.007882,0.02286,7.93,12.02,50.41,185.2,0.1909,0.8681,0.0,0.0,0.5774,0.1486,1
6.981,39.28,43.79,143.5,0.05263,0.3454,0.0,0.0,0.2906,0.0898,2.873,3.647,21.98,6.802,0.02075,0.003012,0.0,0.0,0.07895,0.02286,7.93,23.249794453463583,50.41,185.2,0.08409,0.04327,0.0,0.0,0.5774,0.1486,1
6.981,10.011951022527146,43.79,143.5,0.1398,0.3454,0.0,0.0,0.2906,0.0898,2.873,3.647,21.98,525.6,0.02075,0.1064,0.0,0.0,0.07895,0.02286,7.93,12.02,50.41,185.2,0.08409,0.04327,0.0,0.0,0.1565,0.1486,1
6.981,9.71,43.79,143.5,0.05263,0.0265,0.0,0.0,0.1203,0.0898,0.1115,0.3621,0.7714,6.802,0.002667,0.003012,0.0,0.0,0.07895,0.00095,7.93,12.02,50.41,185.2,0.08409,0.04327,0.0,0.0,0.5774,0.1486,1
6.981,9.71,43.79,143.5,0.05263,0.0265,0.0,0.0,0.1203,0.0898,0.1115,0.3621,0.7714,6.802,0.002667,0.003012,0.0,0.0,0.017292564539589477,0.000950003136369761,7.93,12.02,50.41,185.2,0.08409,0.04327,0.0,0.0,0.2288636487521839,0.1486,1
6.981,9.71,43.79,143.5,0.1398,0.3454,0.0,0.0,0.2906,0.0898,2.873,3.647,21.98,525.6,0.02075,0.1064,0.0,0.0,0.07895,0.02286,7.93,12.02,50.41,185.2,0.1909,0.04327,0.0,0.0,0.1565,0.1486,1
12.338671441673828,18.70945630842151,83.31487582269436,502.15669782089776,0.0871759283288764,0.14621086038655054,0.1884642374567749,0.06082954419336884,0.19841635326157833,0.06637767299204889,0.3840353496427119,0.9779265058240441,2.8532175682472567,29.247254235879698,0.004163247283877039,0.04861081297329832,0.23619251627327564,0.029588619003771584,0.022510928239037897,0.005276062834629316,13.678118885289003,22.067934931157662,91.99861940896352,575.9879407210592,0.1011084243861817,0.3591691124452973,0.7782302997786206,0.14925624691196235,0.29390653966157626,0.09217832590422866,1
28.11,39.28,188.5,2499.0,0.1398,0.3454,0.3754,0.1913,0.2906,0.0898,2.873,3.647,21.98,525.6,0.02075,0.1064,0.3038,0.0409,0.07895,0.02286,33.13,12.02,229.3,3234.0,0.1909,0.8681,1.252,0.2903,0.5774,0.05504,2
6.981,9.71,43.79,143.5,0.05263,0.3454,0.3754,0.1913,0.2906,0.0898,0.2134539991383975,3.647,21.98,525.6,0.002667,0.1064,0.3038,0.0409,0.07895,0.02286,7.93,12.02,50.41,185.2,0.08409,0.04327,1.252,0.0,0.5774,0.05504,1
28.11,9.71,188.5,2499.0,0.05263,0.0265,0.0,0.0,0.1203,0.05096,2.873,0.3621,0.7714,525.6,0.002667,0.003012,0.0,0.0,0.007882,0.00095,7.93,12.02,50.41,185.2,0.08409,0.04327,0.0,0.0,0.1565,0.05504,2
6.981,9.71,43.79,143.5,0.1398,0.3454,0.0,0.0,0.2906,0.0898,2.873,3.647,21.98,6.802,0.02075,0.1064,0.0,0.0,0.07895,0.02286,7.93,12.02,50.41,185.2,0.1909,0.5118034809424196,0.0,0.0,0.1565345232075516,0.1486,1
6.981,9.71,43.79,143.5,0.05263,0.0265,0.0,0.0,0.2906,0.05096,2.873,3.647,21.98,525.2140922803437,0.002667,0.003012,0.0,0.0409,0.07895,0.00095,7.93,12.02,50.41,185.2,0.08409,0.04327,0.0,0.0,0.5774,0.05504,1
6.981,9.71,43.79,143.5,0.05263,0.0265,0.0,0.0,0.1203,0.0898,0.1115,0.3621,0.7714,6.802,0.002667,0.003012,0.0,0.0,0.07895,0.00095,7.93,12.02,50.41,185.2,0.08409,0.04327,0.0,0.0,0.1565,0.1486,1
6.981010345488249,9.71,43.79,143.50457744159178,0.05263,0.026583896189936153,4.726444961277226e-07,0.0,0.12156902711464654,0.08916564844542749,0.1115,0.3621,0.7714,6.802,0.002667004703301292,0.0030384684303234916,1.6005539263106674e-08,0.0,0.008077539594271956,0.0010139542671234651,7.93,12.02,50.41,185.2,0.08731345018415003,0.1666163191841799,0.00011273520033823494,1.718989634288405e-05,0.29089141577558325,0.13816042269863157,1
6.981,39.28,43.79,143.5,0.05263,0.3454,0.0,0.0,0.1203,0.0898,2.873,3.647,21.98,6.802,0.02075,0.003012,0.0,0.0,0.07895,0.02286,7.93,12.02,50.41,185.2,0.08409,0.04327,0.0,0.0,0.1565,0.1486,1
28.11,9.71,188.5,2499.0,0.05263,0.3454,0.3754,0.1913,0.2906,0.0898,2.873,3.647,21.98,525.6,0.02075,0.1064,0.3038,0.0409,0.07895,0.02286,7.93,12.02,229.3,185.2,0.1909,0.04327,1.252,0.2903,0.5774,0.05504,2
6.981,9.71,43.79,143.5,0.05263,0.0265,0.0,0.0,0.2906,0.05096,2.873,3.647,21.98,525.6,0.002667,0.003012,0.0,0.0409,0.07895,0.00095,7.93,12.02,50.41,185.2,0.08409,0.04327,0.0,0.0,0.1565,0.05504,1
6.981,9.71,43.79,143.5,0.05263,0.0265,0.0,0.0,0.1203,0.0898,0.1115,0.3621,0.7714,6.802,0.002667,0.003012,0.0,0.0,0.07895,0.00095,7.93,12.02,50.41,185.2,0.08409,0.8680955061092042,0.0,0.0,0.5774,0.1486,1
6.981,9.71,43.79,143.5,0.05263,0.3454,0.0,0.0,0.1203,0.0898,0.1115,0.3621,0.7714,6.802,0.002667,0.003012,0.0,0.0,0.007882,0.022856869733519095,7.93,12.02,50.41,185.2,0.08409,0.8681,0.0,0.0,0.5774,0.1486,1
6.981,35.056352389004324,43.79,143.5,0.05263,0.3454,0.0,0.0,0.2906,0.0898,2.873,3.647,21.98,6.802,0.02075,0.003012,0.0,0.0,0.07895,0.02286,7.93,12.02,50.41,185.2,0.08409,0.04327,0.0,0.0,0.5774,0.1486,1
6.981,9.71,43.79,143.5,0.1398,0.3454,0.3754,0.0,0.2906,0.0898,0.1115,3.647,0.7714,6.802,0.02075,0.1064,0.3038,0.0409,0.07895,0.02286,7.93,12.02,50.41,185.2,0.1909,0.8681,1.252,0.0,0.5774,0.1486,1
28.11,9.71,43.79,143.5,0.05263,0.0265,0.0,0.0,0.1203,0.05096,0.1115,0.3621,0.7714,6.802,0.002667,0.003012,0.0,0.0,0.07895,0.00095,7.93,12.02,50.41,185.2,0.08409,0.04327,0.0,0.0,0.1565,0.05504,1
6.981,9.71,43.79,143.5,0.1398,0.3454,0.0,0.0,0.2906,0.0898,2.873,3.647,21.98,525.6,0.02075,0.1064,0.0,0.0,0.07895,0.02286,7.93,12.02,50.41,185.2,0.08409,0.04327,0.0,0.0,0.1565,0.1486,1
16.00504090383131,18.791009626803643,106.60169224691435,901.5125892279206,0.10585387006902569,0.12248357994480871,0.1431964972296479,0.0868083778467726,0.189176251853897,0.06290752605584965,0.5593076444385235,1.0962752874294648,4.26929367994879,63.85743189076103,0.00871242469350325,0.024858924480909466,0.03373744829548946,0.014401346283611137,0.016475556342802938,0.004138655216624275,22.61602041246886,24.09052548700591,147.53597545949384,1449.2216539893388,0.17086514480780635,0.3330221785795616,0.3913653240949976,0.19129672415352497,0.2951911098134517,0.08816266891159237,2
6.981,9.71,43.79,143.5,0.05263,0.0265,0.3754,0.0,0.1203,0.0898,0.1115,3.647,0.7714,6.802,0.002667,0.1064,0.3038,0.0409,0.07895,0.02286,7.93,12.02,50.41,185.2,0.08409,0.04327,0.0,0.0,0.1565,0.1486,1
28.11,9.71,188.5,2499.0,0.1398,0.3454,0.3754,0.1913,0.2906,0.05096,2.873,3.647,21.98,525.6,0.02075,0.08845358747960971,0.3038,0.0,0.07895,0.02286,33.13,12.02,229.3,3234.0,0.08409,0.04327,0.0,0.0,0.1565,0.05504,2
10.559085635712025,9.71,43.79,143.5,0.05263,0.0265,0.0,0.0,0.1203,0.05096,0.1115,0.3621,0.7714,6.802,0.002667,0.003012,0.0,0.0,0.07895,0.00095,7.93,12.02,50.41,185.2,0.08409,0.04327,0.0,0.0,0.1565,0.05504,1
28.11,9.71,188.5,2499.0,0.1398,0.3454,0.3754,0.1913,0.2906,0.0898,2.873,0.3621,21.98,525.6,0.02075,0.1064,0.3038,0.0,0.07895,0.02286,33.13,12.02,229.3,3234.0,0.1909,0.8681,1.252,0.2903,0.5774,0.05504,2
6.981,9.71,43.79,143.5,0.05263,0.3454,0.3754,0.1913,0.2906,0.0898,0.1115,3.647,21.98,6.802,0.002667,0.1064,0.3038,0.0409,0.07895,0.02286,7.93,12.02,50.41,185.2,0.08409,0.8681,1.252,0.0,0.5774,0.1486,1
6.981,39.28,43.79,143.5,0.05263,0.0265,0.0,0.0,0.1203,0.0898,2.873,3.647,21.98,525.6,0.02075,0.003012,0.0,0.0,0.07895,0.02286,7.93,49.54,50.41,185.2,0.08409,0.04327,0.0,0.0,0.1565,0.05737948215076079,1
6.981,39.28,43.79,143.5,0.05263,0.0265,0.0,0.0,0.28420716359878884,0.0898,2.873,3.647,21.98,525.6,0.02075,0.003012,0.0,0.0,0.07895,0.02286,7.93,49.54,50.41,185.2,0.08409,0.04327,0.0,0.0,0.1565,0.05504,1
28.11,9.71,188.5,2499.0,0.1398,0.3454,0.3754,0.1913,0.2906,0.0898,2.873,3.647,21.98,525.6,0.02075,0.1064,0.3038,0.0409,0.07895,0.02286,33.13,12.02,229.3,3234.0,0.1909,0.8681,1.252,0.2903,0.5774,0.05504,2
6.981,9.71,43.79,143.5,0.1398,0.3454,0.0,0.0,0.2906,0.0898,0.1115,3.646833587371445,0.7714,6.802,0.0207496977217273,0.1064,0.0,0.0,0.07858840347976559,0.02286,7.93,12.02,50.41,185.2,0.1909,0.8681,0.0,0.0,0.5774,0.1486,1
6.981,9.71,43.79,143.5,0.1398,0.3454,0.3754,0.0,0.2906,0.0898,0.1115,3.647,0.7714,6.802,0.02075,0.1064,0.3038,0.0409,0.008211900345890725,0.02286,7.93,12.02,50.41,185.2,0.1909,0.8681,1.252,0.0,0.5773869929743979,0.1486,1
6.981,39.28,43.79,143.5,0.05263,0.0265,0.0,0.0,0.2906,0.0898,2.873,3.647,21.98,525.6,0.02075,0.1044015912991407,0.0,0.0,0.07895,0.02286,7.93,49.54,50.41,185.2,0.08409,0.04327,0.0,0.0,0.1565,0.1486,1
6.981,9.71,43.79,143.5,0.1398,0.3454,0.0,0.0,0.2906,0.0898,2.873,3.647,21.98,525.6,0.02075,0.1064,0.0,0.0,0.07895,0.02286,7.93,12.02,50.41,185.2,0.08409003318112807,0.04327,0.0,0.0,0.27120923657291157,0.1486,1
6.981,9.71,43.79,143.5,0.05263,0.0265,0.0,0.0,0.1203,0.0898,0.1115,0.3621,0.7714,6.802,0.0026677447606434763,0.003012,0.0,0.0,0.07895,0.02286,7.93,12.02,50.41,185.2,0.08409,0.04327,0.0,0.0,0.5723345128116322,0.1486,1
6.981,9.71,43.79,143.5,0.05263,0.3454,0.3754,0.0,0.2906,0.0898,0.1115,3.647,21.98,6.802,0.002667,0.1064,0.3038,0.0409,0.07895,0.02286,7.93,12.02,50.41,185.2,0.08409,0.04327,1.252,0.0,0.5774,0.1486,1
6.981,9.71,43.79,143.5,0.05263,0.026573306694277325,0.3754,0.0,0.2906,0.0898,0.1115,3.647,0.7714,6.802,0.002667,0.1064,0.3038,0.0409,0.07895,0.02286,7.93,12.02,50.41,185.2,0.08409,0.04327,1.252,0.0,0.5774,0.1486,1
13.349698588165671,9.71,43.79,175.4399894717409,0.05263,0.0265,0.0,0.0,0.1203,0.05096,0.1115,0.3621,0.7715299457742674,6.89396200715816,0.002667,0.003012,0.0,0.0,0.07894995213391659,0.00095,7.93,12.02,50.41,185.2,0.08409,0.04327,0.0,0.0,0.1565,0.05504,2
6.981,9.71,43.79,143.5,0.1398,0.3454,0.0,0.0,0.2906,0.0898,0.1115,0.3621,0.7714,6.802,0.002667,0.1064,0.3038,0.0,0.007882,0.00095,7.93,12.02,50.41,185.2,0.1909,0.8681,1.2499833940772311,0.0,0.5774,0.1486,1
28.11,9.71,188.5,2499.0,0.1398,0.3454,0.3754,0.1913,0.2906,0.05096,2.873,3.647,21.98,525.6,0.02075,0.003012,0.3038,0.0,0.07895,0.02286,33.13,12.02,229.3,3234.0,0.08409,0.04327,0.0,0.0,0.1565,0.05504,2
6.981,9.71,43.79,143.5,0.05263,0.0265,0.0,0.0,0.1203,0.0898,0.1115,0.3621,0.7714,6.802,0.002667,0.003012,0.0,0.0,0.007882,0.00095,7.93,12.02,50.41,185.2,0.08409015696700949,0.8681,0.0,0.0,0.5774,0.1486,1
6.981,9.71,43.79,143.5,0.05263,0.3454,0.3754,0.1913,0.2906,0.0898,0.1115,3.647,21.98,6.802,0.02075,0.1064,0.3038,0.0409,0.07895,0.02286,7.93,12.02,50.41,185.2,0.08409,0.8681,1.252,0.0,0.5774,0.1486,1
6.981,39.28,43.79,143.5,0.05263,0.0265,0.0,0.0,0.1203,0.0898,2.873,3.647,21.98,525.6,0.02075,0.003012,0.0,0.0,0.07895,0.02286,7.93,49.54,50.41,185.2,0.08409,0.04327,0.0,0.0,0.1565,0.05504,1
6.981,39.28,43.79,143.5,0.05263,0.0265,0.0,0.0,0.2906,0.0898,2.873,3.647,21.98,525.6,0.02075,0.10513509438164272,0.0,0.0,0.07895,0.02286,7.93,49.54,50.41,185.2,0.08409,0.04327,0.0,0.0,0.1565,0.1486,1
6.981,39.28,43.79,143.5,0.05263,0.0265,0.3754,0.0,0.1203,0.0898,0.1115,3.647,0.7714,6.802,0.02075,0.1064,0.3038,0.0409,0.07895,0.02286,7.93,49.54,50.41,185.2,0.08409,0.04327,1.252,0.0,0.1565,0.1486,1
28.11,9.71,188.5,2499.0,0.1398,0.3454,0.3754,0.1913,0.2906,0.0898,2.873,3.647,21.98,525.6,0.02075,0.1064,0.3038,0.0409,0.07895,0.02286,33.13,12.02,229.3,3234.0,0.08409,0.04327,1.252,0.2903,0.5774,0.05504,2
6.981,9.71,43.79,143.5,0.05263,0.3454,0.0,0.0,0.2906,0.0898,0.1115,0.3621,0.7714,6.802,0.02075,0.003012,0.0,0.0,0.07895,0.02286,7.93,12.02,50.41,185.2,0.08409,0.04327,0.0,0.0,0.5774,0.1486,1
6.981,39.28,43.79,143.5,0.05263,0.3454,0.0,0.0,0.2906,0.0898,2.873,3.647,21.98,525.6,0.02075,0.1064,0.0,0.0,0.07895,0.02286,7.93,49.54,50.41,185.2,0.08409,0.04327,0.0,0.0,0.1565,0.1486,1
6.981,39.27992376412498,43.79,143.5,0.05263,0.3454,0.0,0.0,0.2906,0.0898,2.873,3.647,21.98,525.6,0.02075,0.1064,0.0,0.0,0.07895,0.02286,7.93,12.02,50.41,185.2,0.08409,0.04327,0.0,0.0,0.1565,0.1486,1
6.981,9.71,43.79,143.5,0.1398,0.3454,0.0,0.0,0.2906,0.0898,0.1115,3.647,0.7714,6.802,0.005739971834513581,0.011391302155439764,0.0,0.0,0.07895,0.00095,7.93,12.02,50.41,185.2,0.1909,0.04954154620330871,0.0,0.0,0.5774,0.1486,1
28.11,9.71,188.5,2499.0,0.05263,0.3454,0.3754,0.1913,0.2906,0.0898,2.873,3.647,21.98,525.6,0.02075,0.1064,0.3038,0.0409,0.07895,0.02286,7.93,12.02,229.3,185.2,0.08409,0.04327,1.252,0.0,0.5774,0.05504,2
6.982039314552294,9.71,43.79,143.5,0.05263,0.0265,0.0,0.0,0.1203,0.05096,0.1115,0.3621,0.7714,6.802,0.002667,0.003012,0.0,0.0,0.07895,0.00095,7.93,12.02,50.41,185.2,0.08409,0.04327,0.0,0.0,0.1565,0.05504,1
6.981,9.71,43.79,143.5,0.1398,0.3454,0.0,0.0,0.1203,0.0898,0.1115,0.3621,0.7714,6.802,0.002667,0.1064,0.3038,0.0,0.007882,0.0012874776160894056,7.93,12.02,50.41,185.2,0.1909,0.8681,1.252,0.0,0.5774,0.1486,2
6.981,9.71,43.79,143.5,0.1398,0.3454,0.0,0.0,0.2776524625709873,0.0898,0.1115,3.647,0.7714,6.802,0.02075,0.1064,0.0,0.0,0.07895,0.02286,7.93,12.02,50.41,185.2,0.1909,0.8645709597789057,0.0,0.0,0.5774,0.1486,1
28.11,9.71,188.5,2499.0,0.1398,0.3454,0.3754,0.1913,0.2906,0.05096,2.873,3.647,21.98,525.6,0.02075,0.1064,0.3038,0.0,0.07895,0.02286,33.13,12.02,229.3,3234.0,0.08409,0.8681,0.0,0.2903,0.1565,0.05504,2
6.981,9.71,43.79,143.5,0.05263,0.3454,0.0,0.0,0.2906,0.0898,2.873,3.647,21.98,6.802,0.02075,0.003012,0.0,0.0,0.07895,0.02286,7.93,12.02,50.41,185.2,0.08409,0.04327,0.0,0.0,0.5774,0.1486,1
6.981,9.71,43.79,143.5,0.05263,0.3454,0.3754,0.1913,0.2906,0.0898,0.1115,3.647,21.98,6.802,0.02075,0.1064,0.3038,0.0409,0.07895,0.02286,7.93,12.02,50.41,185.2,0.08409,0.04327,1.252,0.0,0.5774,0.1486,2
28.11,9.71,188.5,2499.0,0.1398,0.3454,0.3754,0.1913,0.2906,0.0898,2.873,3.647,21.98,525.6,0.02075,0.1064,0.3038,0.0409,0.07895,0.02286,33.13,12.02,229.3,3234.0,0.08409,0.8681,0.0,0.2903,0.5774,0.05504,2
28.11,9.71,188.5,2499.0,0.1398,0.3454,0.3754,0.1913,0.2906,0.05096,2.873,3.647,21.98,525.6,0.02075,0.1064,0.3038,0.0,0.07895,0.02286,33.13,12.02,229.3,3234.0,0.08409,0.04327,0.0,0.2903,0.1565,0.05504,2
6.981,9.71,43.79,143.5,0.05263,0.0265,0.0,0.0,0.1203,0.0898,0.1115,0.3621,0.7714,6.802,0.002667,0.003012,0.0,0.0,0.007882,0.02286,7.93,12.02,50.41,185.2,0.08409,0.8681,0.0,0.0,0.5774,0.1486,1
6.981,39.28,43.79,143.5,0.05263,0.3454,0.0,0.0,0.2906,0.0898,2.873,3.647,21.98,6.802,0.02075,0.003012,0.0,0.0,0.07895,0.02286,7.93,12.02,50.41,185.2,0.08409,0.04327,0.0,0.0,0.3424563436322311,0.1486,1
6.981,39.28,43.79,143.5,0.05263,0.3454,0.0,0.0,0.2906,0.0898,2.873,3.647,21.98,525.6,0.02075,0.1064,0.0,0.0,0.07895,0.02286,7.93,49.54,50.41,185.2,0.08409,0.04327,0.0,0.0,0.5774,0.1486,1
6.981,9.71,43.79,143.5,0.05263,0.3454,0.3754,0.19128932166576257,0.2906,0.0898,2.873,3.647,21.98,525.6,0.02075,0.1064,0.3038,0.0409,0.07895,0.0009501519273604391,7.93,12.02,50.41,185.2,0.08409,0.04327,0.48482830831945434,0.0,0.5774,0.05504,1
28.11,9.71,188.5,2499.0,0.1398,0.3454,0.3754,0.1913,0.2906,0.0898,2.873,0.3621,21.98,525.6,0.02075,0.1064,0.3038,0.0,0.07895,0.0009507448048317025,33.13,12.02,229.3,3234.0,0.1909,0.8681,1.252,0.2903,0.5774,0.05504,2
6.981,9.71,43.79,143.5,0.05263,0.3454,0.3754,0.0,0.2906,0.0898,0.1115,3.647,0.7714,6.802,0.02075,0.1064,0.3038,0.0409,0.07895,0.02286,7.93,12.02,50.41,185.2,0.08409,0.8681,1.252,0.0,0.5774,0.1486,1
6.981,9.71,43.79,143.5,0.05263,0.3454,0.3754,0.0,0.2906,0.0898,0.1115,3.647,21.98,6.802,0.002667,0.1064,0.3038,0.0409,0.07895,0.02286,7.93,12.02,50.41,185.2,0.08409,0.04327,1.252,0.0,0.5774,0.05504,1
6.981,39.28,43.79,143.5,0.05263,0.0265,0.0,0.0,0.21102962307574333,0.0898,2.873,3.647,21.98,525.6,0.02075,0.003012,0.0,0.0,0.07895,0.02286,7.93,49.54,50.41,185.2,0.08409,0.04327,0.0,0.0,0.1565,0.05504,1
6.981,39.28,43.79,143.5,0.05263,0.0265,0.0,0.0,0.2906,0.0898,2.873,3.647,21.98,6.802,0.02075,0.003012,0.0,0.0,0.07895,0.02286,7.93,49.54,50.41,185.2,0.08409,0.04327,0.0,0.0,0.5774,0.05504,1
8.930828955748538,15.560179958608344,51.832151409010876,249.26471054912253,0.09845344981806765,0.05058247130238701,0.018542457285042366,0.017667669913362827,0.18912767660437835,0.06291646991389391,0.2308436097428978,1.112938073103024,1.5797342026776902,14.275574318447692,0.010613660979992213,0.009351703664382607,0.010645049336604482,0.008009786222438184,0.021784149312530535,0.0020832603148504903,10.482791450720487,21.00057055711701,65.47070091394409,345.1890387295675,0.1396948754960559,0.0936453857349224,0.050776458438315034,0.05480637349306839,0.29964941818205326,0.07457295635128605,1
6.981,39.28,43.79,143.5,0.05263,0.0265,0.0,0.0,0.1203,0.05096,2.873,3.647,21.98,6.802,0.02075,0.003012,0.0,0.0,0.07895,0.02286,7.93,49.54,50.41,185.2,0.08409,0.04327,0.0,0.0,0.1565,0.05504,1
6.981,9.71,43.79,143.5,0.05263,0.3454,0.3754,0.1913,0.2906,0.0898,0.1115,3.647,21.98,6.802,0.002667,0.1064,0.3038,0.0409,0.07895,0.02286,7.93,12.02,50.41,185.2,0.08409,0.04327,1.252,0.0,0.5774,0.05504,1
28.11,9.71,188.5,2499.0,0.1398,0.3454,0.3754,0.1913,0.2906,0.0898,2.873,0.3621,21.98,525.6,0.02075,0.1064,0.3038,0.040887803673578735,0.07895,0.02286,33.13,12.02,229.3,3234.0,0.1909,0.8681,1.252,0.2903,0.5774,0.05504,2
6.981,9.71,43.79,143.5,0.05263,0.3454,0.0,0.0,0.2906,0.0898,0.1115,0.3621,0.7714,6.802,0.002667,0.003012,0.0,0.0,0.01215676542146533,0.02286,7.93,12.02,50.41,185.2,0.08409,0.865444662406369,0.0,0.0,0.5774,0.1486,1
6.981,9.71,43.79,143.5,0.05263,0.3454,0.3754,0.1913,0.2906,0.0898,2.873,3.647,21.98,525.6,0.02075,0.1064,0.3038,0.0409,0.07895,0.0020842878716842285,7.93,12.02,50.41,185.2,0.08409,0.04327,1.252,0.0,0.5774,0.05504,2
11.628629591272384,20.782047025663797,70.7668518099536,424.14812570476016,0.08719554977564865,0.07488487538086579,0.08668860045392641,0.02483443919622133,0.15639614443147754,0.0683624960857296,0.31899082500178805,2.1696268397637812,2.302360954711188,20.160817326508223,0.009109127460959088,0.03911241277009604,0.05035942969419476,0.010554908592287372,0.022343642447510425,0.005194579822717928,12.785664218403209,29.948148219784052,78.27036247800262,487.19578445301556,0.1280485939300094,0.2030619441275059,0.2306903907652798,0.0729029758640127,0.26239626189568255,0.09158667145917161,1
6.981,9.71,43.79,143.5,0.1398,0.3454,0.0,0.0,0.2906,0.0898,0.1115,3.647,0.7714,6.802,0.02075,0.1064,0.0,0.0,0.07895,0.02286,7.93,12.02,50.41,185.2,0.1909,0.04327015895172308,0.0,0.0,0.5774,0.1486,1
28.11,39.28,188.5,2499.0,0.1398,0.3454,0.3754,0.1913,0.2906,0.0898,2.873,3.647,21.98,525.6,0.02075,0.1064,0.3038,0.0409,0.07895,0.02286,33.13,12.02,229.3,3234.0,0.1909,0.04327,1.252,0.2903,0.5774,0.05504,2
28.11,9.71,188.5,2499.0,0.1398,0.3454,0.3754,0.1913,0.2906,0.05096,2.873,3.647,21.98,525.6,0.02075,0.1064,0.3038,0.0,0.07895,0.02286,33.13,12.02,229.3,3234.0,0.08409,0.04327,1.1407257924621834e-07,0.2903,0.1565,0.05504,2
28.11,39.27990301857569,188.5,2499.0,0.13979983580470393,0.3454,0.3754,0.1913,0.2906,0.0898,2.8729697669296224,3.647,21.98,525.2321490355976,0.02075,0.10639850518876107,0.3038,0.0409,0.07895,0.01843831025743862,25.76168724200468,31.801852099152107,229.3,3233.389058796034,0.1909,0.583611245393164,1.252,0.29029958051342697,0.5774,0.1483598841395036,2
6.981,9.71,43.79,143.5,0.05263,0.3454,0.0,0.0,0.2906,0.0898,2.873,3.647,21.98,6.802,0.02075,0.1064,0.0,0.0,0.07895,0.02286,7.93,12.02,50.41,185.2,0.1909,0.04327,0.0,0.0,0.1565,0.1486,1
7.71379688294999,39.28,55.32049770405317,183.22433016424026,0.1358599542718539,0.3454,0.3754,0.027264385148370218,0.2906,0.0898,0.1115,3.647,0.7714623120761369,6.802,0.0027614762327806902,0.022055085019038315,0.00023715351343763164,9.254154286978671e-09,0.007882,0.0017062923556202922,7.958231108859822,49.54,69.5524584531644,231.6037950530323,0.1909,0.8681,1.251815699469848,0.2903,0.5774,0.1486,2
28.11,9.71,188.5,2499.0,0.1398,0.3454,0.3754,0.1913,0.2906,0.0898,2.873,3.647,21.98,525.6,0.02075,0.1064,0.3038,0.0409,0.07895,0.02286,33.13,12.02,229.3,3234.0,0.1909,0.04327,0.0,0.2903,0.1565,0.05504,2
6.981,9.71,43.79,143.5,0.05263,0.0265,0.0,0.0,0.2906,0.05096,2.873,3.647,21.98,525.6,0.02075,0.003012,0.0,0.0,0.07895,0.00095,7.93,12.02,50.41,185.2,0.08409,0.04327,0.0,0.0,0.5774,0.05504,1
6.981,19.142257229976966,43.79,143.5,0.1398,0.3454,0.0,0.0,0.2906,0.0898,2.873,3.647,21.98,525.6,0.02075,0.1064,0.0,0.0,0.07895,0.02286,7.93,12.02,50.41,185.2,0.08409,0.04327,0.0,0.0,0.1565,0.1486,1
6.981,9.71,43.79,143.5,0.05263,0.3454,0.3754,0.004315364733419987,0.2906,0.0898,0.1115,3.647,21.98,9.409407703950016,0.002667,0.1064,0.3038,0.0409,0.07895,0.02286,7.93,12.02,50.41,185.2,0.08409,0.0437625522773957,1.252,0.0,0.5774,0.05504,1
6.981,9.71,43.79,143.5,0.1398,0.3454,0.0,0.0,0.2906,0.0898,2.873,3.647,0.7714,6.802,0.02075,0.1064,0.0,0.0,0.07895,0.02286,7.93,12.02,50.41,185.2,0.1909,0.8681,0.0,0.0,0.5774,0.1486,1
6.981,9.71,43.79,143.5,0.1398,0.3454,0.0,0.0,0.2906,0.0898,2.873,3.647,21.98,525.6,0.02075,0.1064,0.0,0.0,0.07895,0.02286,7.93,12.02,50.41,185.2,0.1909,0.04327,0.0,0.0,0.5774,0.1486,2
28.11,9.71,188.5,2499.0,0.1398,0.3454,0.3754,0.1913,0.2906,0.0898,2.873,3.6252885421065764,21.98,525.6,0.02075,0.1064,0.3038,0.0409,0.07895,0.02286,33.13,12.02,229.3,3234.0,0.1909,0.8681,1.252,0.2903,0.5774,0.05505052208163455,2
6.981,39.28,43.79,143.5,0.05263,0.0503847740044472,0.0,0.0,0.2906,0.0898,2.873,3.647,21.98,525.6,0.02075,0.1064,0.0,0.0,0.07895,0.02286,7.93,49.54,50.41,185.2,0.08409,0.04327,0.0,0.0,0.1565,0.06004042465030162,1
6.981,39.28,43.79,143.5,0.05263,0.0265,0.0,0.0,0.1203,0.05096,2.873,3.647,21.98,525.6,0.02075,0.003012,0.0,0.0,0.07895,0.00095,7.93,12.02,50.41,185.2,0.08409,0.04327,0.0,0.0,0.1565,0.05504,1
6.981,9.71,43.79,143.5,0.05263,0.3454,0.3754,0.1913,0.2906,0.0898,2.873,3.647,21.98,525.6,0.02075,0.1064,0.3038,0.0409,0.07895,0.0027938047035017633,7.93,12.02,50.41,185.2,0.08409,0.04327,1.252,0.0,0.5774,0.05504,2
6.981,9.71,43.79,143.5,0.1398,0.3454,0.0,0.0,0.2906,0.0898,0.1115,0.3621,0.7714,6.802,0.002667,0.023031080459124338,0.0,0.0,0.007882,0.02286,7.93,12.02,50.41,185.2,0.1909,0.8681,0.0,0.0,0.5774,0.1486,1
28.11,9.71,188.5,2499.0,0.1398,0.3454,0.3754,0.1913,0.2906,0.05096,2.873,3.647,21.98,525.6,0.02075,0.003012,0.3038,0.0,0.07895,0.02286,33.13,12.02,229.3,3234.0,0.08409,0.04327,1.1139534763682386,2.562856140690427e-06,0.1565,0.05504,2
28.11,9.71,188.5,2499.0,0.1398,0.3454,0.3754,0.1913,0.1203,0.0898,2.873,3.647,21.98,525.6,0.006730785169729938,0.1064,0.0,0.0,0.07895,0.00095,33.13,12.02,229.3,3234.0,0.1909,0.8681,1.252,0.2903,0.5774,0.05504,2
28.11,9.71,188.5,2499.0,0.1398,0.3454,0.3754,0.1913,0.2906,0.0898,2.873,3.647,21.98,525.6,0.02075,0.1064,0.3038,0.0409,0.07895,0.02286,33.13,12.02,229.3,3234.0,0.1909,0.8681,1.252,0.2903,0.5774,0.055040031610205105,2
28.11,9.71,188.5,143.5,0.05263,0.0265,0.0,0.0,0.1203,0.05096,0.1115,0.3621,0.7714,525.6,0.002667,0.003012,0.0,0.0,0.07895,0.00095,7.93,12.02,50.41,185.2,0.08409,0.04327,0.0,0.0,0.1565,0.05504,1
6.981,9.71,43.79,143.5,0.05263,0.0265,0.0,0.0,0.1203,0.0898,0.1115,0.3621,0.7714,6.802,0.002667,0.003012,0.0,0.0,0.007882,0.002719984763181063,7.93,12.02,50.41,185.2,0.08409,0.04327,0.0,0.0,0.1831366075684202,0.1486,1
14.025544222026271,23.251568361583846,87.23299536570013,628.0408521332157,0.1017118632829514,0.04636640644787832,0.033968198765927146,0.03333313108596403,0.14641035773860175,0.05790975482140482,0.6795268247376572,1.7908315702645865,4.4335424142246,70.89549860320983,0.015814709270051394,0.009264439285910166,0.012665714026070633,0.010547794326539668,0.016762171419085217,0.002095219220509767,15.458962497149878,30.796965194667578,101.5181483575349,858.5240087715995,0.15137170377992878,0.06637432832860665,0.055099039664714966,0.0673437150326555,0.23103569040089494,0.06839611620997671,2
28.11,9.71,188.5,2499.0,0.1398,0.3454,0.0,0.0,0.2906,0.0898,2.873,3.647,21.98,525.6,0.02075,0.1064,0.0,0.0,0.07895,0.02286,7.93,12.02,50.41,185.2,0.1909,0.04327,0.0,0.0,0.5774,0.1486,1
6.981,9.71,43.79,143.5,0.05263,0.0265,0.0,0.0,0.1203,0.0898,0.1115,0.3621,0.7714,6.802,0.002667,0.003012,0.0,0.0,0.07895,0.00095,7.93,12.02,50.41,185.2,0.08409,0.07589012643260962,0.0,0.0,0.5774,0.1486,1
6.981,9.71,43.79,143.5,0.05263,0.3454,0.3754,0.08392983207412358,0.2906,0.0898,0.1115,3.647,21.98,6.802,0.002667,0.1064,0.3038,0.0409,0.07895,0.02286,7.93,12.02,50.41,185.2,0.08409,0.04327,1.252,0.0,0.5774,0.05504,1
28.11,9.71,188.5,2499.0,0.1398,0.3454,0.3754,0.1913,0.1203,0.05096,2.873,3.647,21.98,525.6,0.02075,0.1064,0.3038,0.0,0.07895,0.02286,33.13,12.02,229.3,3234.0,0.08409,0.04327,0.0,0.0,0.1565,0.05504,1
6.981,9.71,43.79,143.5,0.05263,0.3454,0.0,0.0,0.2906,0.0898,2.873,3.647,21.98,525.6,0.02075,0.1064,0.0,0.0,0.07895,0.02286,7.93,12.02,50.41,185.2,0.1909,0.04327,0.0,0.0,0.1565,0.1486,1
6.981,9.71,43.79,143.5,0.1398,0.3454,0.008679607863825734,0.0,0.2906,0.0898,0.1115,3.646969275206704,0.7714,6.802,0.0093832387474082,0.10432452733617989,0.3038,0.003076155136373373,0.008329129170908781,0.022859887748038196,7.93,12.02,50.41,185.2,0.1909,0.8556153833922951,1.252,0.0,0.5774,0.1486,1
28.11,9.71,188.5,2499.0,0.1398,0.3454,0.3754,0.1913,0.2906,0.05096,2.873,3.647,21.98,525.6,0.02075,0.003012,0.3038,0.0,0.07895,0.02286,33.13,12.02,229.3,3234.0,0.08409,0.04327,0.4731532757144614,0.0,0.1565,0.05504,2
14.410379071353136,35.952634119742,92.03284094987521,601.9453381766909,0.0891953180731336,0.11109857654550631,0.10451553875862385,0.05518364936178706,0.16045996644468355,0.06001780749701577,0.3612716489103368,1.036587356058634,2.579401478317518,34.06253546840921,0.005844448358376534,0.02973286248348326,0.02741687705672934,0.012093871229397661,0.009825744896237998,0.003862123891751854,18.545432154990557,36.310396321751384,122.41135296071359,864.283957102283,0.1382543585361056,0.3990006450127741,0.389096399547214,0.19385649018898776,0.26002087409175956,0.09064036494710151,2
6.981,9.71,43.79,143.5,0.05263,0.3454,0.0,0.0,0.2906,0.0898,2.873,3.647,21.98,21.749201714401522,0.02075,0.09869805477479976,0.0,0.0,0.07895,0.02286,7.93,12.02,50.41,185.2,0.08409,0.04327,0.0,0.0,0.5774,0.0551305923385705,1
6.981,9.71,43.79,143.5,0.05263,0.3454,0.0,0.0,0.2906,0.0898,2.873,3.647,21.98,6.802,0.02075,0.003012,0.0,0.0,0.07895,0.02286,7.93,12.02,50.41,185.2,0.08409,0.04327,0.0,0.0,0.1565,0.1486,1
6.981,9.71,43.79,143.5,0.1398,0.3454,0.3754,0.0,0.2906,0.0898,0.1115,3.647,0.7714,6.802,0.02075,0.1064,0.3038,0.0409,0.07890113546322855,0.02286,7.93,12.02,50.41,185.2,0.1909,0.8681,1.252,0.0,0.5774,0.1486,1
6.981,9.71,43.79,143.5,0.05263,0.3454,0.3754,0.0,0.2906,0.0898,0.1115,3.647,21.98,6.802,0.02075,0.1064,0.3038,0.0409,0.07895,0.02286,7.93,12.02,50.41,185.2,0.08409,0.8681,1.252,0.0,0.5774,0.1486,1
28.11,39.28,188.5,2499.0,0.1398,0.3454,0.3754,0.1913,0.2906,0.0898,2.873,3.647,21.98,525.6,0.02075,0.1064,0.3038,0.0409,0.07895,0.02286,7.93,12.02,229.3,3234.0,0.1909,0.04327,1.252,0.2903,0.5774,0.05504,2
6.981,9.71,43.79,143.5,0.1398,0.3454,8.165839232105293e-07,0.0,0.2906,0.0898,0.1115,3.647,0.7714,6.802,0.02075,0.1064,0.3038,0.03943329547538471,0.07895,0.02286,7.93,12.02,50.41,185.2,0.1909,0.8681,1.252,0.0,0.5774,0.1486,1
6.981,39.28,43.79,143.5,0.05263,0.3454,0.0,0.0,0.2906,0.0898,2.873,3.647,21.98,525.6,0.02075,0.1064,0.0,0.0,0.07895,0.02286,7.93,49.54,50.41,185.2,0.08409,0.04327,0.0,0.0,0.1565,0.1486,2
6.981,39.28,43.79,143.5,0.1398,0.3454,0.0,0.0,0.2906,0.0898,2.873,3.647,21.98,525.6,0.02075,0.1064,0.0,0.0,0.07895,0.02286,7.93,12.02,50.41,185.2,0.08409,0.04327,0.0,0.0,0.1565,0.1486,1
6.981,9.71,43.79,143.5,0.1398,0.3454,0.0,0.0,0.2906,0.0898,2.873,3.647,21.98,6.802,0.02075,0.1064,0.0,0.0,0.07895,0.02286,7.93,12.02,50.41,185.2,0.1909,0.8681,0.0,0.0,0.1565,0.1486,1
14.283835929666267,39.28,78.1024467786192,266.3031121447704,0.05263,0.3454,0.3754,0.1913,0.1203,0.0898,0.1115,3.647,21.98,6.802,0.002667,0.1064,0.0,0.0409,0.07895,0.02286,7.93,49.54,229.3,185.2,0.08409,0.8681,3.1728290323993107e-07,0.0,0.1565,0.1486,2
6.981,9.71,43.79,143.5,0.05263,0.0265,0.0,0.0,0.1203,0.05096,0.1115,0.3621,0.7714,6.802,0.002667,0.003012,0.0,0.0,0.0778890316277928,0.00095,7.93,12.02,50.41,185.2,0.08409,0.04327,0.0,0.0,0.1565,0.055060140768842886,1
6.981,9.71,43.79,143.5,0.05263,0.0265,0.0,0.0,0.1203,0.0898,0.1115,0.3621,0.7714,6.802,0.002667,0.003012,0.0,0.0,0.007882,0.00095,7.93,12.02,50.41,185.2,0.08409,0.04327,0.0,0.0,0.5774,0.1486,1
6.981,9.71,43.79,143.5,0.05263,0.0265,0.0,0.0,0.1203,0.08979869183112171,0.11625228110583083,3.647,21.98,29.93740351494761,0.02075,0.003012,0.0,0.0,0.07895,0.00095,7.93,12.02,50.41,185.2,0.08409,0.04327,0.0,0.0,0.1565,0.05504,1
9.525236138826088,19.441226367316908,68.24882498841612,316.2636301336785,0.11151744813866862,0.1225668469980046,0.040921556571923104,0.029955613015310276,0.20892259043867742,0.08132485612455263,0.5620357325169867,1.4703941610526372,3.87550486362965,34.753353745699805,0.009811879866001613,0.03872636631944307,0.0378678955310641,0.021483479377633778,0.023180667799247316,0.01534044183763541,12.483084664169182,23.647105694517816,77.59738261657597,434.2065308054074,0.1373020392260169,0.22136564900564498,0.12017040403738162,0.06343229191502311,0.2510428581557958,0.08647816023842422,1
6.981,39.28,43.79,143.5,0.05263,0.19280668034890971,0.0,0.0,0.2906,0.0898,2.873,3.647,21.98,525.6,0.02075,0.1064,0.0,0.0,0.07895,0.02286,7.93,49.53997495693329,50.41,185.2,0.08409,0.04327,0.0,0.0,0.157798094098911,0.14421334589035137,1
6.981,9.71,43.79,143.5,0.05263,0.0265,0.0,0.0,0.1203,0.0898,0.1115,0.3621,0.7714,6.802,0.002667,0.003012,0.0,0.0,0.07894987086692948,0.00095,7.93,12.02,50.41,185.2,0.08409,0.8681,0.0,0.0,0.5774,0.1486,1
6.981,9.71,43.79,143.5,0.05263,0.0265,0.0,0.0,0.2906,0.0898,2.873,3.647,21.98,7.048917691869873,0.02075,0.003012,0.0,0.0,0.07895,0.00095,7.93,12.02,50.41,185.2,0.08409,0.04327,0.0,0.0,0.5774,0.05504,1
6.981,9.71,43.79,143.5,0.05263,0.0265,0.0,0.0,0.1203,0.0898,0.1115,0.3621,0.7714,6.802,0.002667,0.003012,0.0,0.0,0.07895,0.00095,7.93,12.02,50.41,185.2,0.08409,0.04327,0.0,0.0,0.15650021875656753,0.1486,1
6.981,9.71,43.79,143.5,0.1398,0.3454,0.0,0.0,0.2906,0.0898,0.1115,3.647,0.7714,6.802,0.02075,0.1064,0.0,0.0,0.058175061593155095,0.02286,7.93,12.02,50.41,185.2,0.1909,0.8680990169244599,0.0,0.0,0.1565,0.1486,1
6.981,39.28,43.79,143.5,0.1398,0.3454,0.3754,0.0,0.2906,0.0898,0.1115,3.647,0.7714,6.802,0.02075,0.1064,0.3038,0.0409,0.07895,0.02286,7.93,49.54,50.41,185.2,0.1909,0.8681,1.252,0.0,0.5774,0.1486,2
28.11,39.28,188.5,2499.0,0.1398,0.3454,0.3754,0.1913,0.2906,0.0898,2.873,3.647,21.98,525.6,0.02075,0.1064,0.3038,0.0409,0.07895,0.0015031116391085806,33.13,12.02,229.3,3234.0,0.1909,0.04327,1.252,0.2903,0.5774,0.05504,2
6.981,39.28,43.79,143.5,0.05263,0.0265,0.0,0.0,0.1203,0.05096,0.1115,3.647,0.7714,6.802,0.005728126330777323,0.003012,0.0,0.0,0.07895,0.02286,7.93,12.02,50.41,185.2,0.08409,0.04327,0.0,0.0,0.1565,0.05504,1
6.981,9.885478581162754,43.79,143.5,0.05398344754488678,0.02962801571850787,0.0,2.6021274585641458e-08,0.2906,0.08084308112548058,2.5707559018466,3.646997441573589,20.31715716758291,34.101920952870216,0.02072520324432077,0.007972930663593622,0.0,0.0003701832572986102,0.07890441836636186,0.0015517813770192493,7.93,12.07501533488556,50.41,185.2,0.08409,0.04327065030235179,0.0,0.0,0.5770975060145113,0.05505849178016603,1
6.981,20.41284752733403,43.79,143.5,0.05263,0.3454,0.0,0.0,0.2906,0.0898,2.873,3.647,21.98,525.6,0.02075,0.1064,0.0,0.0,0.07895,0.02286,7.93,12.02,50.41,185.2,0.08409,0.04327,0.0,0.0,0.1565,0.1486,1
19.005507250049373,13.332124777684456,119.14088564490635,1029.331759102093,0.09239294939620624,0.062446566091756084,0.0370401165272687,0.05555436161708641,0.12835115209928427,0.053209052178880535,0.33558511922986983,1.1676122987257989,2.4673945702076763,33.528649888621764,0.0035469800252687857,0.009004904662167936,0.009184757077420757,0.011439118631477075,0.011432290874398928,0.0017322994184143514,20.08615519561826,19.94675189400375,144.49534384169988,1548.4248535874262,0.0938624444279406,0.10000258280005989,0.1164406687744634,0.11381807105391853,0.18996755796518888,0.0668084116683723,1
6.981,9.71,43.79,143.5,0.05263,0.0265,0.0,0.0,0.1203,0.05096,2.873,3.647,21.98,525.6,0.02075,0.003012,0.0,0.0,0.07895,0.00095,7.93,12.02,50.41,185.2,0.08409,0.04327,0.0,0.0,0.1565,0.05504,2
11.498918717397506,14.375521969525952,70.2551136235902,381.8374992523388,0.09642086027095592,0.05902310439784941,0.019241904282151393,0.020973861510416646,0.1708538086272973,0.06215567214124977,0.18803502281804765,1.107151988899451,1.1246220719004645,11.366290507798025,0.005901064550104003,0.009331730891218387,0.01058578894569143,0.006123333421548996,0.016420916001475733,0.00263401371728083,12.215506261680783,21.830804113259187,80.36666063948996,474.5452942063097,0.13659964263403618,0.12344010049479641,0.06779831376238461,0.06305628460295776,0.2847414955872587,0.08104963583972374,1
28.11,39.28,188.5,2499.0,0.1398,0.3454,0.3754,0.1913,0.2906,0.0898,2.873,3.647,21.98,525.6,0.02075,0.1064,0.3038,0.0409,0.07895,0.02286,33.13,12.02,229.3,3234.0,0.1909,0.8681,0.0,0.2903,0.5774,0.05504,2
6.981,9.71,43.79,143.5,0.05263,0.3454,0.0,0.0,0.2906,0.0898,2.873,3.647,21.98,6.802,0.02075,0.1064,0.0,0.0,0.07895,0.02286,7.93,12.02,50.41,185.2,0.19089210122045921,0.04327,0.0,0.0,0.1565,0.1486,1
6.981,9.71,43.79,143.5,0.05263,0.3454,0.3754,0.1913,0.2906,0.0898,0.1115,3.647,21.98,523.2496193716634,0.002667,0.1064,0.3038,0.0409,0.07895,0.02286,7.93,12.02,50.41,185.2,0.08409,0.04327,1.252,0.0,0.5774,0.1486,2
6.981,9.71,43.79,143.5,0.05263,0.3454,0.0,0.0,0.2906,0.0898,2.873,3.647,21.98,6.802,0.02075,0.1064,0.0,0.0,0.07895,0.02286,7.93,12.02,50.41,185.2,0.08409,0.04327,0.0,0.0,0.1565,0.1486,2
6.981,9.71,43.79,143.5,0.05263,0.3454,0.3754,9.155716959567121e-05,0.2906,0.0898,0.1115,3.647,21.98,6.802,0.002667,0.1064,0.3038,0.0409,0.07895,0.02286,7.93,12.02,50.41,185.2,0.08409,0.865998954523566,1.252,0.0,0.5774,0.1486,1
28.11,9.71,188.5,2499.0,0.1398,0.3454,0.3754,0.1913,0.2906,0.0898,2.873,3.626291729412534,21.98,525.6,0.02075,0.1064,0.3038,0.0,0.07895,0.02286,33.13,12.02,229.3,3234.0,0.1909,0.8681,1.252,0.2903,0.5774,0.05504,2
6.981,9.71,43.79,143.5,0.05263,0.0265,0.0,0.0,0.1207913953560541,0.0898,0.1115,0.3621,0.7714,6.802,0.002667,0.003012,0.0,0.0,0.00879021034407741,0.00095,7.93,12.02,50.41,185.2,0.08409,0.04328281916543718,0.0,0.0,0.5774,0.1486,2
6.981,9.71,43.79,143.5,0.1398,0.3454,0.0,0.0,0.2906,0.0898,2.873,3.647,21.98,525.6,0.02075,0.1064,0.0,0.0,0.07895,0.02286,7.93,12.02,50.41,185.2,0.1909,0.8514400375433191,0.0,0.0,0.1565,0.1486,1
6.981,9.71,43.79,143.5,0.1398,0.3454,0.0,0.0,0.2906,0.0898,0.1115,3.647,0.7714,6.802,0.02075,0.1064,0.0,0.0,0.025110966908663872,0.02286,7.93,12.02,50.41,185.2,0.1909,0.8678632626220133,0.0,0.0,0.1565,0.1486,1
28.11,39.28,188.5,2499.0,0.1398,0.3454,0.3754,0.1913,0.1203,0.0898,2.873,3.647,21.98,525.6,0.02075,0.1064,0.3038,0.0409,0.07895,0.02286,7.93,12.02,229.3,3234.0,0.08409,0.04327,0.0,0.0,0.1565,0.05504,1
6.981,9.71,43.79,143.5,0.1398,0.3454,0.0,0.0,0.15167034158766535,0.0898,0.1115,0.3621,0.7714,6.802,0.002667,0.003012,0.0,0.0,0.007882,0.02286,7.93,12.02,50.41,185.2,0.1909,0.8681,0.0,0.0,0.5774,0.1486,1
6.981,39.28,43.79,143.5,0.05263,0.0265,0.0,0.0,0.1203,0.05096,2.873,3.647,21.98,525.6,0.02075,0.003012,0.0,0.0,0.07895,0.02286,7.93,12.02,50.41,185.2,0.08409,0.04327,0.0,0.0,0.1565,0.05504,1
6.981,9.71,43.79,143.5,0.05263,0.3454,0.0,0.0,0.2906,0.0898,0.1115,0.3621,0.7714,6.802,0.002667,0.003012,0.0,0.0,0.07895,0.02286,7.93,12.02,50.41,185.2,0.1909,0.8681,0.0,0.0,0.5774,0.1486,1
6.981,9.71,43.79,143.5,0.05263,0.3454,0.3754,0.0,0.2906,0.0898,0.1115,3.647,0.7714,6.802,0.02075,0.1064,0.3038,0.0409,0.07895,0.02286,7.93,12.02,50.41,185.2,0.08409,0.04327,1.252,0.0,0.5774,0.1486,1
6.981,9.71,43.79,143.5,0.1398,0.3454,0.0,0.0,0.2906,0.0898,2.873,3.647,21.98,6.802,0.02075,0.1064,0.0,0.0,0.07895,0.02286,7.93,12.02,50.41,185.2,0.1909,0.8681,0.0,0.0,0.15650068442772255,0.1486,1
6.981,9.71,43.79,143.5,0.05263,0.0265,0.0,0.0,0.2906,0.055798553138244715,2.8729890554033535,3.647,21.98,33.366168689240745,0.02075,0.003012,0.0,0.0,0.07895,0.00095,7.93,12.02,50.41,185.2,0.08409,0.04327,0.0,0.0,0.5774,0.05504,1
28.11,9.71,188.5,2499.0,0.1398,0.3454,0.3754,0.1913,0.2906,0.0898,2.873,0.3622990958314418,21.98,525.6,0.02075,0.1064,0.0,0.0,0.07895,0.00095,33.13,12.02,229.3,3234.0,0.1909,0.8681,1.252,0.2903,0.5774,0.05504,2
6.981,39.28,43.79,143.5,0.05263,0.0265,0.0,0.0,0.2906,0.0898,2.873,3.647,21.98,525.6,0.02075,0.003012,0.0,0.0,0.07895,0.02286,7.93,49.54,50.41,185.2,0.08409,0.04327,0.0,0.0,0.5774,0.1486,1
6.981,39.28,43.79,143.5,0.05263,0.3454,0.0,0.0,0.2906,0.0898,2.873,3.647,21.98,525.6,0.02075,0.1064,0.0,0.0,0.07895,0.02286,7.93,49.53997789327361,50.41,185.2,0.08409,0.04327,0.0,0.0,0.1565,0.1486,1
6.981,18.639482167058514,43.79,143.5,0.05263,0.04494816860129965,0.0,0.0,0.2906,0.08979988042956558,2.873,3.647,21.98,7.270818855774705,0.02075,0.003012,0.0,0.0,0.07895,0.02285996492689265,7.93,14.130456437765437,50.41,185.2,0.08409,0.04327,0.0,0.0,0.5774,0.05504001749551864,1
28.11,9.71,188.5,2499.0,0.1398,0.3454,0.3754,0.1913,0.2906,0.0898,2.873,3.647,21.98,525.6,0.02075,0.1064,0.3038,0.0409,0.07895,0.02286,33.13,12.02,229.3,3234.0,0.08409,0.8681,0.0,0.2903,0.5774,0.1486,2
28.11,9.71,188.5,2499.0,0.1398,0.3454,0.3754,0.1913,0.1203,0.0898,2.873,3.647,21.98,525.6,0.002667,0.1064,0.0,0.0,0.07895,0.00095,33.13,12.02,229.3,3234.0,0.1909,0.8681,1.252,0.2903,0.5774,0.05504,2
6.981,9.71,43.79,143.5,0.05263,0.3454,0.0,0.0,0.2906,0.0898,2.873,3.647,21.98,6.802,0.02075,0.1064,0.0,0.0,0.07895,0.02286,7.93,12.02,50.41,185.2,0.08409,0.04327,0.0,0.0,0.5248245818633619,0.1486,1
28.11,39.28,188.5,2499.0,0.1398,0.3454,0.3754,0.1913,0.2906,0.0898,2.873,3.647,21.98,525.6,0.02075,0.1064,0.3038,0.0409,0.07895,0.02286,7.93,12.02,229.3,3234.0,0.1909,0.8681,1.252,0.2903,0.5774,0.1486,2
6.981,9.71,43.79,143.5,0.05263,0.0265,0.0,0.0,0.1203,0.0898,0.1115,0.3621,0.7714,6.802,0.002667,0.003012,0.0,0.0,0.007882,0.00095,7.93,12.02,50.41,185.2,0.08409,0.04327,0.0,0.0,0.1565,0.1486,1
6.981,39.28,43.79,143.5,0.05263,0.3454,0.0,0.0,0.15640483965837867,0.0898,2.873,3.647,21.98,6.802,0.02075,0.003012,0.0,0.0,0.07895,0.02286,7.93,49.54,50.41,185.2,0.08409,0.04327,0.0,0.0,0.1565,0.1486,1
6.981,9.71,43.79,143.5,0.05263,0.027514423611296947,0.0,0.0,0.1203,0.0898,0.11150754268255882,0.3621,0.7714,6.802,0.019893324559247923,0.003012,0.0,0.0,0.014944249673276051,0.00946735370647518,7.93,12.02,50.41,185.2,0.08409,0.04331022382870816,0.0,0.0,0.1565,0.1486,1
6.981,39.28,43.79,143.50037556398297,0.05263,0.0265,0.0,0.0,0.1203,0.05096,2.873,3.647,21.98,525.5987071865585,0.02075,0.003012,0.0,0.0,0.07895,0.005974682087817222,7.93,42.315528321963036,50.41,185.2,0.08409,0.04327,0.0,0.0,0.1565,0.05504,1
28.11,39.28,188.5,2499.0,0.1398,0.3454,0.3754,0.1913,0.2906,0.0898,2.873,3.647,21.98,525.6,0.02075,0.1064,0.3038,0.0409,0.07895,0.02286,19.12183283099348,12.02,229.3,3234.0,0.1909,0.04327,1.252,0.2903,0.5774,0.05504,2
6.981,39.28,43.79,143.5,0.05263,0.3454,0.0,0.0,0.2906,0.0898,2.873,3.647,21.98,525.6,0.02075,0.1064,0.0,0.0,0.07895,0.02286,7.93,49.54,50.41,185.2,0.08409,0.04327,0.0,0.0,0.1565022938098165,0.1486,1
6.981,9.71,43.79,143.5,0.1398,0.3454,0.0,0.0,0.2906,0.0898,0.1115,3.647,0.7714,6.802,0.002667,0.03850755223689557,0.0,0.0,0.007882,0.02286,7.93,12.02,50.41,185.2,0.1909,0.8681,0.0,0.0,0.5774,0.1486,1
28.11,39.28,188.5,2499.0,0.1398,0.3454,0.3754,0.1913,0.2906,0.0898,2.873,3.647,21.98,525.6,0.02075,0.1064,0.3038,0.0409,0.07895,0.02286,7.93,12.02,229.3,185.2,0.1909,0.04327,1.252,0.2903,0.5774,0.05504,2
28.11,9.71,188.5,2499.0,0.1398,0.3454,0.3754,0.1913,0.2906,0.0898,2.873,3.647,21.98,525.6,0.02075,0.1064,0.3038,0.0409,0.07895,0.02286,33.13,12.02,229.3,3234.0,0.1312915707887557,0.8681,1.252,0.2903,0.5774,0.1486,2
6.981,9.71,43.79,143.5,0.05263,0.3454,0.3754,0.1913,0.2906,0.0898,2.873,3.647,21.98,524.6832278680588,0.02075,0.1064,0.3038,0.0409,0.07895,0.02286,7.93,12.02,50.41,185.2,0.08409,0.04327,1.252,0.0,0.5774,0.05504016424878357,2
6.981,39.28,43.79,143.5,0.05263,0.0265,0.0,0.0,0.1203,0.05096,2.873,3.647,21.98,525.5875177490051,0.02075,0.003012,0.0,0.0,0.07895,0.02286,7.93,49.54,50.41,185.2,0.08409,0.04327,0.0,0.0,0.1565,0.05504,1
18.019365133175913,24.42109196254089,115.85303940368264,1065.1471175283305,0.10563583963557731,0.13739475971326354,0.15569793245289576,0.08943383554805216,0.1946238613133695,0.06072003231546798,0.42433673138759204,1.0455404982019794,2.9200888544606483,52.31320423685823,0.004972429944259832,0.021626686012242723,0.030211090879880033,0.013049504510786906,0.015714998828296987,0.0031434611692926742,21.807348207917467,33.93768518804061,147.2003461298781,1525.0454342233377,0.1551217929498394,0.3827126592640842,0.5499406128754987,0.20357804752386438,0.43134240525582135,0.09259395482140467,2
28.11,9.71,188.5,2499.0,0.1398,0.3454,0.3754,0.1913,0.2906,0.0898,2.873,3.647,21.98,525.6,0.02075,0.1064,0.3038,0.005690477505039473,0.07895,0.02286,33.13,12.02,229.3,3234.0,0.08409,0.04327,0.0,0.2903,0.1565,0.05504,2
28.11,9.71,188.5,2499.0,0.1398,0.3454,0.3754,0.1913,0.2906,0.05096,2.873,3.647,21.98,525.6,0.02075,0.003012,0.3038,0.0,0.07895,0.02286,33.13,12.02,229.3,3234.0,0.08409,0.04327,0.0,0.2903,0.1565,0.05504,2
6.981,9.71,43.79,143.5,0.05263,0.3454,0.0,0.0,0.2906,0.0898,2.873,3.647,21.98,6.802,0.02075,0.10639993186651076,0.0,0.0,0.07895,0.02286,7.93,12.02,50.41,185.2,0.08409,0.04327,0.0,0.0,0.1565,0.1486,1
6.981,39.28,43.79,143.5,0.05263,0.0265,0.0,0.0,0.2906,0.0898,2.873,3.647,21.98,525.6,0.02075,0.1064,0.0,0.0,0.07895,0.02286,7.93,49.54,50.41,185.2,0.08409,0.04327,0.0,0.0,0.1565,0.1486,1
6.981,9.71,43.79,143.5,0.05263,0.3454,0.0,0.0,0.2906,0.0898,2.873,3.647,21.98,6.802,0.02075,0.013550654019592505,0.0,0.0,0.07895,0.02286,7.93,12.02,50.41,185.2,0.08409,0.04327,0.0,0.0,0.5774,0.1486,1
14.957632173383685,22.741244706384595,101.22400321033416,743.7288338195051,0.10500721622915168,0.12991596894899973,0.14117808485962058,0.06742326753463238,0.20987135644901642,0.0636781588828085,0.2524386069113085,1.1593167343259627,1.917588191910103,24.10896298719877,0.004857419805614088,0.02982812334314289,0.031861904325406074,0.011183522918796509,0.014192988498862025,0.0033160268080563923,16.764006086996464,34.99968859116513,121.09237951714076,775.9065669277061,0.16305905204870913,0.6145174829917391,0.49968335333696384,0.1726644855051433,0.3438327501669465,0.10288779312509219,2
6.981,39.28,43.79,143.5,0.05263,0.3454,0.0,0.0,0.2906,0.0898,2.873,3.647,21.98,525.6,0.02075,0.1064,0.0,0.0,0.07895,0.02286,7.93,12.02,50.41,185.2,0.08409,0.04327,0.0,0.0,0.1565,0.1486,1
6.981,9.71,43.79,143.5,0.1398,0.3454,0.0,0.0,0.1250628491544224,0.0898,0.1115,0.3621,0.7714,6.802,0.020746820265074642,0.1064,0.3038,0.0,0.007882,0.02286,7.93,12.02,50.41,185.2,0.1909,0.8681,1.252,0.0,0.5774,0.1486,1
6.981,9.71,43.79,143.5,0.05263,0.3454,0.3754,0.0,0.2906,0.0898,0.1115,3.647,21.98,6.802,0.002667,0.1064,0.3038,0.0409,0.07895,0.02286,7.93,12.02,50.41,185.2,0.08409,0.04327,1.252,0.0,0.5774,0.1486,1
28.11,9.71,188.5,2499.0,0.1398,0.3454,0.3754,0.1913,0.2906,0.0898,2.873,3.647,21.98,525.6,0.02075,0.1064,0.3038,0.0409,0.07895,0.02286,33.13,12.02,229.3,3234.0,0.1909,0.8681,1.252,0.2903,0.5774,0.05504,2
6.981,9.71,43.79,143.5,0.1398,0.3454,0.0,0.0,0.2906,0.0898,2.873,3.647,21.98,525.6,0.02075,0.1064,0.0,0.0,0.07895,0.02286,7.93,12.02,50.41,185.2,0.1909,0.8626307106215967,0.0,0.0,0.5774,0.1486,1
28.11,9.71,43.79,2499.0,0.05263,0.3454,0.3754,0.1913,0.2906,0.0898,2.873,3.647,21.98,525.6,0.02075,0.1064,0.3038,0.0409,0.07895,0.02286,7.93,12.02,50.41,185.2,0.08409,0.04327,1.252,0.0,0.5774,0.05504,2
6.981,9.71,43.79,143.5,0.05263,0.3454,0.3754,0.1913,0.2906,0.0898,2.873,3.647,21.98,525.6,0.02075,0.1064,0.3038,0.0409,0.07895,0.02286,7.93,12.02,50.41,185.2,0.08409,0.04327,1.252,0.0,0.5774,0.05504,2
6.981,22.795759825709904,43.79,143.5,0.05263,0.0265,0.0,0.0,0.1203,0.0898,2.873,3.647,21.98,6.802,0.02075,0.003012,0.0,0.0,0.07895,0.02286,7.93,12.02,50.41,185.2,0.08409,0.04327,0.0,0.0,0.5774,0.1486,1
6.981,11.484952450914873,43.79,143.5,0.05263,0.0265,0.0,0.0,0.1203,0.05096,0.11170793745984779,0.3621,0.8422359581594366,7.183093361042264,0.002667,0.003012,0.0,0.0,0.07895,0.00095,7.93,12.02,50.41,185.2,0.08409,0.04327,0.0,0.0,0.1565,0.05504,2
6.981,9.71,43.79,143.5,0.1398,0.3454,0.0,0.0,0.2906,0.0898,0.1115,1.749802850857506,0.7714,6.802,0.02075,0.1064,0.0,0.0,0.007965109964483685,0.02286,7.93,12.02,50.41,185.2,0.1909,0.8681,0.0,0.0,0.1565,0.1486,1
6.981,9.71,43.79,143.5,0.05263,0.0265,0.0,0.0,0.1203,0.05096,0.1115,0.3621,0.7714,6.802,0.002667,0.003012,0.0,0.0,0.07895,0.00095,7.93,12.02,50.41,185.2,0.08409,0.04327,0.0,0.0,0.1565,0.05504,1
28.11,9.71,188.5,2499.0,0.1398,0.3454,0.3754,0.1913,0.1203,0.05096,2.873,3.647,21.98,525.6,0.02075,0.1064,0.3038,0.0,0.07895,0.02286,33.13,12.02,229.3,3234.0,0.08409,0.04327,0.0,0.2903,0.1565,0.05504,2
6.981,9.71,43.79,143.5,0.1398,0.3454,0.0,0.0,0.1203,0.0898,0.1115,0.3621,0.7714,6.802,0.002667,0.00301299541949876,0.0,0.0,0.007882,0.02286,7.93,12.02,50.41,185.2,0.1909,0.8681,0.0,0.0,0.5774,0.1486,1
6.981,39.28,43.79,143.5,0.05263,0.0265,0.0,0.0,0.1203,0.05096,0.1115,3.647,0.7714,6.802,0.002667,0.003012,0.0,0.0,0.07895,0.00095,7.93,12.02,50.41,185.2,0.08409,0.04327,0.0,0.0,0.1565,0.05504,1
11.533738679073034,14.638311580549296,74.33356156507845,385.9501409582009,0.09509626097087576,0.04555257005832951,0.022292643663803548,0.025441468427414557,0.1538341883767738,0.059289106207470535,0.27472619940211235,0.7200826010169401,2.063386650921626,21.708496071583724,0.009043409627636743,0.007392535279581626,0.010083114960080764,0.011970809132077076,0.022358001278433074,0.0019517406535531395,13.036658870837172,18.213794441626273,82.81041936681295,530.8528335944092,0.13889025163989388,0.0795159221359287,0.04158990394166686,0.104887264239994,0.28158767613699937,0.06985580497886915,1
28.11,9.71,188.5,2499.0,0.1398,0.3454,0.3754,0.1913,0.2906,0.0898,2.873,2.778627748560379,21.98,525.6,0.02075,0.1064,0.3038,0.0409,0.07895,0.02286,33.13,12.02,229.3,3234.0,0.1909,0.8681,1.252,0.2903,0.5774,0.05504,2
22.071578372038996,24.37513451735557,147.0730754324273,1127.7348007611354,0.1287978983778419,0.24447974116049104,0.2716131391947935,0.15061107059278708,0.20732207807108083,0.06817500083098516,0.3985497261118789,1.3290265600610607,3.327489274933083,55.02797279485687,0.004462395584447323,0.03414387536606261,0.04881914220795096,0.016003792937410742,0.023942352586500903,0.004487698788564822,27.782449368672456,33.08533073646866,150.16267022864548,1973.7721887203893,0.1427457707569115,0.4367070831559852,0.5656535021386281,0.2552378979515265,0.3448954725685592,0.10182338090229641,2
6.981,9.71,43.79,143.5,0.05263,0.0265,0.0,0.0,0.2906,0.05096,0.1115,3.647,21.98,6.802,0.002667,0.003012,0.0,0.0,0.07895,0.00095,7.93,12.02,50.41,185.2,0.08409,0.04327,0.0,0.0,0.5774,0.05504,2
28.11,9.71,43.79,2499.0,0.05263,0.3454,0.3754,0.1913,0.2906,0.0898,2.873,3.647,21.98,525.6,0.002667,0.1064,0.3038,0.0409,0.07895,0.02286,7.93,12.02,229.3,185.2,0.08409,0.04327,1.252,0.0,0.5774,0.1486,2
28.11,39.28,188.5,2499.0,0.1398,0.3454,0.3754,0.1913,0.2906,0.0898,2.873,3.647,21.98,525.6,0.008795915181133252,0.1064,0.3029534709188211,0.0409,0.07895,0.02286,33.13,12.02,229.3,3234.0,0.18884362629810827,0.8681,1.252,0.2903,0.4337671324201084,0.1486,2
6.981,9.71,43.79,143.5,0.13625363229401743,0.3454,0.0,0.0,0.2906,0.0898,2.8652564451768976,3.647,21.933832838550057,6.802,0.02075,0.06974900538719199,0.0,0.0,0.07895,0.022859958048599846,7.93,12.02,50.41,185.2,0.1909,0.3775244796100409,0.0,0.0,0.5773996213654271,0.1486,1
28.11,9.71,188.5,2499.0,0.1398,0.0265,0.3754,0.1913,0.1203,0.05096,2.873,3.647,21.98,525.6,0.02075,0.003012,0.3038,0.0,0.07895,0.02286,33.13,12.02,229.3,3234.0,0.08409,0.04327,0.0,0.0,0.1565,0.05504,2
6.981,9.71,43.79,143.5,0.05263,0.3454,0.3754,0.1913,0.2906,0.0898,2.873,3.647,21.98,525.6,0.002667,0.1064,0.3038,0.0409,0.07895,0.02286,7.93,12.02,50.41,185.2,0.08409,0.04327,1.252,0.0,0.5774,0.05504,1
28.10981152148436,9.71,188.5,2498.722657119232,0.1398,0.34087694089801734,0.3754,0.1913,0.1464716709755709,0.08728455882609652,2.8693794632305663,0.8522002314636303,21.93789410376236,465.5221753844927,0.006935018629843334,0.1064,0.050373521186305045,0.0009703278411880143,0.07895,0.0022638116482768334,33.13,12.02,229.3,3234.0,0.1906538270240489,0.8587975631379248,1.2152641473945236,0.2903,0.5764932247118993,0.07587606561578365,2
6.981,9.71,43.79,143.5,0.05263,0.3454,0.0,0.0,0.2906,0.0898,2.8728816449380243,3.4551569699935714,21.67511755313861,6.802,0.02075,0.04267128419742874,0.0,0.0,0.07895,0.02286,7.93,12.02,50.41,185.2,0.08409,0.04327,0.0,0.0,0.19846416746081083,0.1486,1
28.11,9.71,188.5,2499.0,0.1398,0.3454,0.3754,0.1913,0.2906,0.0898,2.873,3.647,21.98,525.6,0.02075,0.1064,0.3038,0.0409,0.07895,0.02286,33.13,12.02,229.3,3234.0,0.19074068229686267,0.8681,0.0,0.2903,0.1565,0.05504,2
6.981,39.28,43.79,143.5,0.1398,0.3454,0.0,0.0,0.2906,0.0898,2.873,3.647,21.98,525.6,0.02075,0.1064,0.0,0.0,0.07895,0.02286,7.93,12.02,50.41,185.2,0.08409,0.04327,0.0,0.0,0.1565,0.1486,1
6.981,39.28,43.79,143.5,0.05263,0.3454,0.0,0.0,0.2906,0.0898,2.873,3.647,21.98,525.6,0.02075,0.1064,0.0,0.0,0.07895,0.02286,7.93,49.54,50.41,185.2,0.08409,0.04327,0.0,0.0,0.1565,0.1486,1
6.981,9.71,43.79,143.5,0.05263,0.3454,0.0,0.0,0.2906,0.0898,2.873,3.647,21.98,525.6,0.02075,0.1064,0.0,0.0,0.07895,0.02286,7.93,12.02,50.41,185.2,0.08409,0.04327,0.0,0.0,0.1565,0.1486,1
28.11,39.28,188.5,2499.0,0.1398,0.3454,0.3754,0.1913,0.2906,0.0898,2.873,3.647,21.98,525.6,0.02075,0.1064,0.3038,0.0409,0.07895,0.02286,33.13,12.02,229.3,3234.0,0.1909,0.04327,1.252,0.2903,0.5774,0.05504,2
6.981,9.71,43.79,143.5,0.05263,0.3454,0.3754,0.003575709370950675,0.2906,0.0898,0.1115,3.647,21.98,6.802,0.002667,0.1064,0.3038,0.0409,0.07895,0.02286,7.93,12.02,50.41,185.2,0.08409,0.8625336541741235,1.252,0.0,0.5774,0.1486,1
6.981,9.71,43.79,143.5,0.1398,0.3454,0.0,0.0,0.2906,0.0898,2.873,3.647,21.98,6.802,0.02075,0.1064,0.0,0.0,0.07895,0.02286,7.93,12.02,50.41,185.2,0.1909,0.8681,0.0,0.0,0.1565,0.1486,1
6.981,39.28,43.79,143.5,0.05263,0.0265,0.0,0.0,0.1203,0.05096,0.1115,0.3621,0.7838121284076348,6.802,0.02075,0.003012,0.0,0.0,0.07895,0.00095,7.93,12.02,50.41,185.2,0.08409,0.04327,0.0,0.0,0.1565,0.05504,1
6.981,9.71,43.79,143.5,0.05263,0.0265,0.0,0.0,0.1203,0.0898,0.1115,0.3621,0.7714,6.802,0.002667,0.003012,0.0,0.0,0.007882,0.00095,7.93,12.02,50.41,185.2,0.08409,0.04327,0.0,0.0,0.1565,0.1486,1
6.981,9.71,43.79,143.5,0.1398,0.3454,0.0,0.0,0.2906,0.0898,0.11159755183046345,0.3621,0.7714,6.802,0.02075,0.1064,0.0,0.0,0.023385719092721302,0.02286,7.93,12.02,50.41,185.2,0.1909,0.8681,0.0,0.0,0.15650844902412156,0.1486,1
28.11,9.71,188.5,2499.0,0.1398,0.3454,0.3754,0.1913,0.1203,0.05096,2.873,3.647,21.98,525.6,0.02075,0.1064,0.3038,0.0,0.07895,0.02286,33.13,12.02,229.3,3234.0,0.08409,0.04327,0.0,0.0,0.1565,0.05504,2
28.11,9.71,188.5,2499.0,0.1398,0.3454,0.3754,0.1913,0.2906,0.0898,2.873,3.647,21.98,525.6,0.02075,0.1064,0.3038,0.0409,0.07895,0.02286,33.13,12.02,229.3,3234.0,0.11108125215499923,0.8681,1.252,0.2903,0.1565,0.05504,2
6.981,39.28,43.79,143.5,0.05263,0.0265,0.0,0.0,0.1203,0.055399972430106185,0.1115,3.647,21.9653798630226,6.802,0.02075,0.003012,0.0,0.0,0.07895,0.00095,7.93,12.02,50.41,185.2,0.08409,0.04327,0.0,0.0,0.1565,0.05504,1
6.981,9.71,43.79,143.5,0.05263,0.3454,0.0,0.0,0.28223876362310657,0.0898,2.7006093438350396,0.3621,0.7714,6.802,0.02075,0.003012,0.0,0.0,0.07719582406215769,0.02286,7.93,12.02,50.41,185.2,0.08409,0.04327,0.0,0.0,0.48262360742999716,0.1486,1
28.11,9.71,188.5,2499.0,0.1398,0.3454,0.3754,0.1913,0.2906,0.0898,2.873,3.647,21.98,525.6,0.02075,0.1064,0.3038,0.0409,0.07895,0.02286,33.13,12.02,229.3,3234.0,0.08409,0.8681,0.0,0.2903,0.5774,0.05504,2
6.981,9.71,43.79,143.5,0.1398,0.3454,0.0,0.0,0.2906,0.0898,2.873,3.647,21.98,525.6,0.02075,0.1064,0.0,0.0,0.07895,0.02286,7.93,12.02,50.41,185.2,0.1909,0.04327,0.0,0.0,0.1565,0.1486,1
6.981,9.71,43.79,143.5,0.05263,0.3454,0.0,0.0,0.2906,0.0898,2.873,3.647,21.98,6.802,0.02075,0.003012,0.0,0.0,0.07895,0.02286,7.93,12.02,50.41,185.2,0.08409,0.04327,0.0,0.0,0.5774,0.1486,1
6.981,9.71,43.79,143.5,0.05263,0.3454,0.3754,0.0,0.2906,0.0898,0.1115,3.647,0.7714,6.802,0.020749877870143325,0.1064,0.3038,0.0409,0.07895,0.0010205113850911482,7.93,12.02,50.41,185.2,0.08409,0.04327,1.252,0.0,0.5774,0.05504,1
7.057876483987083,15.177973386389986,44.714763514414145,148.3255243452991,0.13515966492215745,0.07671623617213687,0.0010486191171511165,0.0016615275116143844,0.2862246680152103,0.07255399737130663,0.6839927862442678,3.579976175001624,4.297310622674159,40.08493596148425,0.020722003317412935,0.017695564011281844,0.00019360458047911258,0.005451049915882601,0.0775177602703179,0.007459409304652689,8.029742892382266,21.091120301560412,51.20541094830587,191.86547761410495,0.18007429906128428,0.08297746607937027,0.0007594139237212307,0.002957200967379155,0.5172966713358119,0.07882098579465205,1
10.323708495101917,11.193222724767722,68.47243865840291,330.6149654476366,0.09058170715821598,0.061035413709565264,0.00029044947581609434,0.0008742293669498958,0.1942384818250375,0.06232560971270985,0.190018120861257,0.9596445024313147,1.2410394410188708,13.163017262207223,0.005583416306615568,0.006948984011413213,0.00010930313368086096,9.400528788101756e-05,0.01911735894128265,0.0019547682980202204,11.556206888933726,17.547519117187864,77.08354314377763,420.2736159111445,0.14074842079398503,0.1389786527089125,0.002340361876102294,0.005568506374499379,0.34510780681524866,0.08089666338496873,1
6.981,9.71,43.79,143.5,0.1398,0.3454,0.0,0.0,0.2906,0.0898,2.873,3.647,21.98,525.6,0.02075,0.1064,0.0,0.0,0.07895,0.02286,7.93,12.02,50.41,185.2,0.19087101813170243,0.04327,0.0,0.0,0.1565,0.1486,1
28.11,39.28,188.5,2499.0,0.1398,0.3454,0.3754,0.1913,0.2906,0.0898,2.873,3.647,21.98,525.6,0.02075,0.1064,0.07123144808137931,0.0409,0.07895,0.02286,33.13,12.02,229.3,3234.0,0.1909,0.8681,0.0,0.2903,0.5774,0.05504,2
6.981,39.28,43.79,143.5,0.05263,0.3454,0.0,0.0,0.2906,0.0898,2.873,3.647,21.98,525.6,0.02075,0.1064,0.0,0.0,0.07895,0.02286,7.93,49.54,50.41,185.2,0.08409,0.04327,0.0,0.0,0.5774,0.05504,1
6.981,9.71,43.79,143.5,0.1398,0.3454,0.0,0.0,0.2906,0.0898,2.873,3.647,21.98,525.6,0.02075,0.1064,0.0,0.0,0.07895,0.02286,7.93,12.02,50.41,185.2,0.08409,0.04327,0.0,0.0,0.1565,0.1486,1
6.981,9.71,43.79,143.5,0.1398,0.3454,0.0,0.0,0.2906,0.0898,2.873,3.647,21.98,16.024070409363766,0.02075,0.1064,0.0,0.0,0.07895,0.02286,7.93,12.02,50.41,185.2,0.1909,0.8681,0.0,0.0,0.1565,0.1486,1
6.981,9.71,43.79,143.5,0.05263,0.0265,0.0,0.0,0.1203,0.0898,0.1115,0.3621,0.7714,6.802,0.002667,0.003012,0.0,0.0,0.07895,0.00095,7.93,12.02,50.41,185.2,0.08409,0.04327,0.0,0.0,0.5774,0.1486,1
6.981,9.71,43.79,143.5,0.05263,0.0265,0.0,0.0,0.1203,0.0898,0.1115,0.3621,0.7714,6.802,0.002667,0.003012,0.0,0.0,0.007882,0.00095,7.93,12.02,50.41,185.2,0.08409,0.868097627332799,0.0,0.0,0.5774,0.1486,1
6.981,9.71,43.79,143.5,0.05263,0.3454,0.3754,0.0,0.2906,0.0898,0.1115,3.647,0.7714,6.802,0.02075,0.1064,0.3038,0.0409,0.07895,0.02286,7.93,12.02,50.41,185.2,0.08409,0.8681,1.252,0.0,0.5774,0.1486,1
28.11,39.28,188.5,2499.0,0.05263,0.3454,0.3754,0.1913,0.2906,0.0898,2.873,3.647,21.98,525.6,0.02075,0.1064,0.3038,0.0409,0.07895,0.02286,7.93,12.02,229.3,3234.0,0.08409,0.04327,1.252,0.29007229897585046,0.5774,0.05504,2
6.9981952325209305,9.71,43.79,143.5,0.05263,0.0265,0.0,0.0,0.1203,0.0898,0.1115,3.647,21.98,6.802,0.002667,0.003012,0.0,0.0409,0.07895,0.00095,7.93,12.02,50.41,185.2,0.08409,0.04327,0.0,0.0,0.1565,0.05504,1
6.981,9.71,43.79,143.5,0.05263,0.3454,0.0,0.0,0.2906,0.0898,2.873,3.647,21.98,6.802,0.02075,0.1064,0.0,0.0,0.07895,0.02286,7.93,12.02,50.41,185.2,0.08409,0.04327,0.0,0.0,0.5774,0.1486,1
6.981,9.71,43.79,143.5,0.05263,0.3454,0.3754,0.1913,0.2906,0.0898,0.1115,3.647,21.98,6.802,0.02075,0.1064,0.3038,0.0409,0.07895,0.02286,7.93,12.02,50.41,185.2,0.08409,0.8681,1.252,0.0,0.5774,0.1486,2
28.11,9.71,188.5,2499.0,0.1398,0.3454,0.3754,0.1913,0.2906,0.060465801764027896,2.873,3.647,21.98,525.6,0.02075,0.1064,0.3038,0.0,0.07895,0.02286,33.13,12.02,229.3,3234.0,0.08409,0.04327,0.0,0.2903,0.1565,0.05504,2
6.981,39.28,43.79,143.5,0.05263,0.3454,0.0,0.0,0.2906,0.0898,2.873,3.647,21.98,6.802,0.02075,0.003012,0.0,0.0,0.07895,0.02286,7.93,48.914484624164665,50.41,185.2,0.08409,0.04327,0.0,0.0,0.5774,0.1486,1
28.11,9.71,188.5,2499.0,0.1398,0.3454,0.3754,0.1913,0.2906,0.0898,2.873,3.647,21.98,525.6,0.02075,0.1064,0.3038,0.0409,0.07895,0.02286,33.13,12.02,229.3,3234.0,0.1909,0.8681,0.0,0.2903,0.5774,0.05504,2
6.981,16.144645142368812,43.79,143.5,0.1398,0.345391934588006,0.0,0.0,0.2906,0.0898,2.873,3.647,21.98,525.3803482778856,0.02075,0.1064,0.0,0.0,0.07895,0.02286,7.93,12.02040191504376,50.41,185.2,0.19072505762104155,0.08253097238789017,0.0,0.0,0.3838994938158758,0.14685107363115824,1
9.822013963882997,11.606798052049164,67.32750337620463,333.4592071802169,0.07096682679018768,0.045682866407404474,0.0003057636772702686,7.162050853306404e-05,0.16086002252714893,0.06302123950346554,0.19589000360319492,0.8522116222025682,1.3585497346221562,16.04218457865079,0.005954316338357608,0.008433592475416751,0.00028156070635260486,7.611897676218331e-05,0.02075996147073525,0.001965927091020236,11.750537369392191,15.26740331141354,74.09200619031463,431.65212639578624,0.10260951474163102,0.09979901465006709,0.0013874164193625747,0.00031425876166394945,0.24954734915118332,0.0738292650645479,1
6.981,9.71,43.79,143.5,0.1398,0.3454,0.0,0.0,0.2906,0.0898,0.1115,3.647,0.7714,6.802,0.02075,0.1064,0.0,0.0,0.07895,0.02286,7.93,12.02,50.41,185.2,0.1909,0.8681,0.0,0.0,0.5774,0.1486,1
28.11,9.72529353614917,43.79,149.975038789351,0.05263,0.0265,0.0,0.0,0.1203,0.05096,0.1115,3.647,21.98,525.6,0.002667,0.003012,0.0,0.0,0.07895,0.00095,7.93,12.02,50.41,185.2,0.08409,0.04327,0.0,0.0,0.1565,0.05504,1
6.981,9.71,43.79,143.5,0.05263,0.3454,0.0,0.0,0.2906,0.0898,2.873,3.647,21.98,6.802,0.02075,0.1064,0.0,0.0,0.07895,0.02286,7.93,12.02,50.41,185.2,0.1909,0.04350065165595995,0.0,0.0,0.5774,0.1486,1
6.981,9.71,43.79,143.5,0.05263,0.0265,0.0,0.0,0.1203,0.0898,0.1115,0.3621,0.7714,6.802,0.002667,0.003012,0.0,0.0,0.07895,0.01055830661354413,7.93,12.02,50.41,185.2,0.08409,0.04327,0.0,0.0,0.5774,0.1486,1
6.981,9.71,43.79,143.5,0.1398,0.3454,0.0,0.0,0.19495042846799437,0.0898,0.1115,0.3621,0.7714,6.802,0.002667,0.06048431295004024,0.0,0.0,0.007882,0.00095,7.93,12.02,50.41,185.2,0.1909,0.8681,0.0,0.0,0.5774,0.1486,1
6.981,9.71,43.79,143.5,0.05263,0.3454,0.0,0.0,0.2906,0.0898,2.873,3.647,21.98,6.802,0.02075,0.1064,0.0,0.0,0.07895,0.02286,7.93,12.02,50.41,185.2,0.08409,0.04327,0.0,0.0,0.1565,0.1486,1
28.11,9.71,188.5,2499.0,0.1398,0.3454,0.3754,0.1913,0.2906,0.0898,2.873,0.5352348919299269,21.98,525.6,0.02075,0.1064,0.3038,0.0,0.07895,0.02286,33.13,12.02,229.3,3234.0,0.1909,0.8681,1.252,0.2903,0.5774,0.05504,2
6.981,9.71,43.79,143.5,0.05263,0.0265,0.0,0.0,0.15129433315682217,0.0898,0.1115,3.647,0.7714,6.802,0.02075,0.003012,0.0,0.0,0.07895,0.00095,7.93,12.02,50.41,185.2,0.08409,0.04327,0.0,0.0,0.1663460076425527,0.0805789298185214,1
6.981,21.46562200284777,43.79,143.5,0.05263,0.0265,0.0,0.0,0.2570424078601412,0.06393889805416093,0.42056320707558464,3.647,19.58535984460632,10.445242025659448,0.020741698127643933,0.003012,0.0,0.0,0.07895,0.0009500021478001598,7.93,16.2032023262516,50.41,185.2,0.08409,0.04327,0.0,0.0,0.5589549703710326,0.05504008763655214,1
6.981,39.0559992306415,43.79,143.5,0.05263,0.34531292941936254,0.0,0.0,0.2906,0.0898,2.873,3.647,21.98,6.802,0.02075,0.003012,0.0,0.0,0.07895,0.02286,7.93,12.02,50.41,185.2,0.08409,0.04327,0.0,0.0,0.47488464071175496,0.1486,1
6.981,9.71,43.79,143.5,0.05263,0.3454,0.0,0.0,0.2906,0.0898,2.873,3.647,21.98,69.83608204051356,0.02075,0.1064,0.0,0.0,0.07895,0.02286,7.93,12.02,50.41,185.2,0.08409,0.04327,0.0,0.0,0.1565,0.1486,1
6.981,9.71,43.79,143.5,0.05263,0.3454,0.0,0.0,0.1203,0.0898,2.873,3.647,0.7714,6.802,0.02075,0.003012,0.0,0.0,0.07895,0.02286,7.93,12.02,50.41,185.2,0.08409,0.04327,0.0,0.0,0.5774,0.1486,1
6.981,9.71,43.79,143.5,0.05263,0.0265,0.0,0.0,0.2906,0.0898,2.8065524671408983,3.647,21.98,6.802,0.02075,0.003012,0.0,0.0,0.07895,0.022844534874081765,7.93,12.02,50.41,185.2,0.08409,0.04327,0.0,0.0,0.5774,0.05504001145820676,1
18.795447693305796,35.43344523601387,126.09480019625002,1022.672117694414,0.10110535489895127,0.11993471163185607,0.17835968904917487,0.09521563711164921,0.18972353912720524,0.058926623058534945,0.4875670560953483,1.1995385550834103,3.646094278025567,57.49397761619399,0.008228465943133732,0.02605233884193313,0.03804889748180259,0.012406526495581672,0.015581846819881513,0.0035026805843511393,22.909140249337987,42.02410128303865,146.09515813986107,1512.0864342284938,0.15985357788637572,0.29493692643969804,0.40065267490786577,0.16479737347301662,0.28984492299713377,0.0800852183610907,2
6.981,9.71,43.79,143.5,0.05263,0.3453943437065175,0.0,0.0,0.2906,0.0898,2.873,3.647,21.98,6.802,0.02075,0.003012,0.0,0.0,0.07895,0.02286,7.93,12.02,50.41,185.2,0.08409,0.04327,0.0,0.0,0.5774,0.1486,1
6.981,39.28,43.79,143.5,0.05263,0.0265,0.0,0.0,0.2906,0.05096,2.873,3.647,21.98,21.65149394155269,0.02075,0.003012,0.0,0.0,0.07895,0.02286,7.93,12.02,50.41,185.2,0.08409,0.04327,0.0,0.0,0.5774,0.05504,1
6.981,9.71,43.79,143.5,0.05263,0.3454,0.3754,0.1913,0.2906,0.0898,0.1115,3.647,21.98,6.802,0.002667,0.1064,0.3038,0.0409,0.07895,0.02286,7.93,12.02,50.41,185.2,0.08409,0.04327,1.252,0.0,0.5774,0.1486,1
6.981,39.28,43.79,143.5,0.05263,0.0265,0.0,0.0,0.28895077319058726,0.05096,2.873,3.647,21.98,6.802,0.02075,0.003012,0.0,0.0,0.07895,0.00095,7.93,12.02,50.41,185.2,0.08409,0.04327,0.0,0.0,0.1565,0.05504,1
13.097876637184603,17.48189754081096,86.28242668042151,505.1610269694981,0.08060023503453537,0.05024831096046841,0.005518504725324131,0.0018140320153504136,0.15174256881324452,0.06194148559385612,0.11955608532709855,0.3870003536415295,0.8168509141623631,8.340969960230709,0.005118280139715607,0.01972695317607176,0.013209923094650907,0.002337616549745905,0.015634085080745964,0.0036071218096179114,13.560962039961872,18.589215159807186,85.2933769479599,559.2471706434641,0.08966618621147915,0.14352316589087544,0.05500305831777258,0.01565136763317457,0.23377530365091861,0.08217717606564418,1
