dataset_id,dataset_name,seed,generator,n_train,n_test,n_synthetic,dcr_membership_auc,member_nn_distance_median,nonmember_nn_distance_median,member_nn_distance_p01,nonmember_nn_distance_p01,member_exact_fraction,nonmember_exact_fraction,rf_membership_auc,rf_membership_accuracy,attribute_inference_accuracy_mean,attribute_inference_mae_mean,attribute_inference_n_features
1049,pc4,0,ctgan,729,729,729,0.49133582090956474,3.435522451253835,3.3572345102150525,1.6485092053505077,1.7752295580935253,0.0,0.0,0.4553973541002064,0.4503424657534247,,3879.0506228380377,10
1049,pc4,0,nflow,729,729,729,0.487668433560828,2.652586687177895,2.5829676732125026,1.097643116669594,1.1565144368541753,0.0,0.0,0.467876243197598,0.4674657534246575,,3777.0605289382884,10
1049,pc4,0,rtvae,729,729,729,0.5053731270263303,1.8441660336128871,1.8730071224465794,0.5707781310562795,0.5306487743244377,0.0,0.0,0.4803492681553762,0.4845890410958904,0.006721536351165981,,10
1049,pc4,0,smote,729,729,729,0.6109342335273342,1.0202674353046919,1.4125695447979778,0.0,0.0,0.04938271604938271,0.04663923182441701,0.6002181459936198,0.5667808219178082,,251.62829824171226,10
1049,pc4,0,tabddpm,729,729,729,0.51613067113753,30.63224928054123,30.663395390226015,26.837263085393026,27.275074109152357,0.0,0.0,0.47994464252204916,0.4828767123287671,0.044993141289437585,,10
1049,pc4,0,tabpfgen,729,729,729,0.78753615170828,0.09116611817075798,1.3125284006704452,0.06411481853039236,0.06411481853039236,0.0,0.0,0.7912014449240008,0.7397260273972602,,233.37331681513007,10
1049,pc4,0,tvae,729,729,729,0.5039261178569211,2.0455033729055327,1.9925890388845922,0.47318541734568564,0.5577681524878265,0.0,0.0,0.4542714392944267,0.4623287671232877,,1101.3330737368092,10
1049,pc4,1,ctgan,729,729,729,0.48892445257328665,3.141821406555155,3.074865533394298,1.4762894046108712,1.463496660046006,0.0,0.0,0.463530915744042,0.4743150684931507,,2030.48924692572,10
1049,pc4,1,nflow,729,729,729,0.49262759177406334,2.6513126445702513,2.604273418336878,1.29926617360039,1.2940188498576441,0.0,0.0,0.4638944924000751,0.4726027397260274,,1755.7409830756635,10
1049,pc4,1,rtvae,729,729,729,0.503445349530804,1.8327351295099026,1.835329764356012,0.5702317403406598,0.5708445672247681,0.0,0.0,0.49217137361606306,0.5085616438356164,0.009327846364883402,,10
1049,pc4,1,smote,729,729,729,0.6218338442084821,0.9541566369004052,1.4029297366494267,0.0,0.0,0.03155006858710562,0.01783264746227709,0.5804794520547945,0.5616438356164384,,143.48408868047673,10
1049,pc4,1,tabddpm,729,729,729,0.4924036722797074,22.21667618008388,22.172841146683716,19.447784642759636,19.84324971542327,0.0,0.0,0.45940256145618313,0.4726027397260274,0.056104252400548706,,10
1049,pc4,1,tabpfgen,729,729,729,0.7655816920410732,0.09904694523344862,1.3178968199848242,0.06782338209396267,0.06907816028135454,0.0,0.0,0.7713923813098142,0.738013698630137,,102.02619386260287,10
1049,pc4,1,tvae,729,729,729,0.5033437390039533,1.8465403807326604,1.8445230185232184,0.5721852427265058,0.6528168983104876,0.0,0.0,0.48073043723024955,0.4897260273972603,,1096.6787273900413,10
1049,pc4,2,ctgan,729,729,729,0.48515639553591083,3.359583612358965,3.157948565692888,1.7453607754873985,1.718654676343596,0.0,0.0,0.5369088947269657,0.5222602739726028,,12085.702233618793,10
1049,pc4,2,nflow,729,729,729,0.4993028388852196,2.577541964011978,2.568324373399802,1.0183611730425484,0.977345617776295,0.0,0.0,0.541043113154438,0.5376712328767124,,2034.7462845698035,10
1049,pc4,2,rtvae,729,729,729,0.4986461338135372,1.8746219902135268,1.8450442447711999,0.5507511603951052,0.6173389270136385,0.0,0.0,0.5307574122724714,0.5256849315068494,0.004252400548696845,,10
1049,pc4,2,smote,729,729,729,0.6124499238861887,1.004186655624603,1.3417997842060672,0.0,0.0,0.02194787379972565,0.01783264746227709,0.6152831206605367,0.5856164383561644,,234.03620660293896,10
1049,pc4,2,tabddpm,729,729,729,0.5140231935435918,40.17715403270741,40.187550826278795,35.02810646194821,34.73481426860185,0.0,0.0,0.5354721805216738,0.5308219178082192,0.04458161865569273,,10
1049,pc4,2,tabpfgen,729,729,729,0.7656880067589817,0.09208006088875774,1.3195908682633142,0.06421770439632032,0.06421770439632032,0.0,0.0,0.7815138862826047,0.75,,314.9088731572473,10
1049,pc4,2,tvae,729,729,729,0.5010396262237953,1.8477809561340444,1.8335972819187287,0.5848265316260228,0.5900663769497746,0.0,0.0,0.5299598892850441,0.5102739726027398,,1147.6127193759582,10
1050,pc3,0,ctgan,781,782,781,0.5122989740348625,3.1518921387100822,3.2325122682382235,1.5679773646549366,1.7227016373347799,0.0,0.0,0.5038451298435325,0.4928,,118318.20440672617,10
1050,pc3,0,nflow,781,782,781,0.5092944320187576,2.2974413905062936,2.333445811999329,1.0051076359338456,1.119211378049789,0.0,0.0,0.4756799377406406,0.472,,4442.207135709317,10
1050,pc3,0,rtvae,781,782,781,0.5192806455098881,2.03656650318091,2.0940595167622646,0.5187688869054279,0.5473133934286595,0.0,0.0,0.49126013762595233,0.4832,0.0,30801.486333606077,10
1050,pc3,0,smote,781,782,781,0.6436686849766351,0.8912504962554229,1.3085682888310102,0.0,0.0,0.03841229193341869,0.034526854219948847,0.603536905054477,0.5648,,934.9956757179667,10
1050,pc3,0,tabddpm,781,782,781,0.506779458429255,28.45144651598172,28.448784483551485,26.75613034005966,26.61066203227524,0.0,0.0,0.4941375849922176,0.488,0.012419974391805377,,10
1050,pc3,0,tabpfgen,781,782,781,0.788936244764565,0.07917209044241902,1.2182127695036864,0.0554423979340492,0.06381704828632544,0.0,0.0,0.7711712541984106,0.752,,426.0715579257724,10
1050,pc3,0,tvae,781,782,781,0.5187124841586137,1.566894645861527,1.6552622276474058,0.4673489777191319,0.5612011618207633,0.0,0.0,0.4759256983697878,0.4784,,3421.1308247010993,10
1050,pc3,1,ctgan,781,782,781,0.4929847627967292,3.6812172956277953,3.628220816891494,2.169275113498848,2.180323277986378,0.0,0.0,0.5523982141394281,0.5664,,5184.822277620891,10
1050,pc3,1,nflow,781,782,781,0.49958820582177094,2.359017120052607,2.3126263879205866,0.8482749270609247,0.8494792601120272,0.0,0.0,0.5313088801507332,0.5248,,1682.0421083616889,10
1050,pc3,1,rtvae,781,782,781,0.5041858919150803,2.5225561227651734,2.5208067752892713,0.9525127409644426,0.9244783725504283,0.0,0.0,0.5513486114524453,0.5328,,5704.803047502212,10
1050,pc3,1,smote,781,782,781,0.6144157434726939,0.9328181372875262,1.2328292515492505,0.0,0.0,0.03329065300896287,0.0370843989769821,0.6348048251003522,0.5904,,111.63104015338729,10
1050,pc3,1,tabddpm,781,782,781,0.49161429867276196,17.026670835514363,16.9696936745649,13.923233689932612,14.132622677426518,0.0,0.0,0.5221696567543213,0.5056,0.01907810499359795,,10
1050,pc3,1,tabpfgen,781,782,781,0.7758750830956442,0.07441113427753458,1.184978369751096,0.05241891664052757,0.054852733137557404,0.0,0.0,0.8331438928483657,0.7856,,191.20971277698396,10
1050,pc3,1,tvae,781,782,781,0.5073296089019587,1.720433340986447,1.7116160747367277,0.495604168082038,0.5245140489274954,0.0,0.0,0.5433255509134104,0.536,,1583.1304752203157,10
1050,pc3,2,ctgan,781,782,781,0.5108564663966126,3.1890713629977427,3.2373090334051438,0.8188759916685748,0.7707660924156404,0.0,0.0,0.4778764233636438,0.4704,,62890.316709036924,10
1050,pc3,2,nflow,781,782,781,0.5192593599261227,2.388379864739712,2.515678016981009,1.1419036277460801,1.1624781627117782,0.0,0.0,0.472116408618006,0.4864,,2550.850537009882,10
1050,pc3,2,rtvae,781,782,781,0.5294158580873757,1.673386221253597,1.8973990233719213,0.6650987157472297,0.6359467948295512,0.0,0.0,0.4736370525108545,0.4864,0.0,172101.64083029976,10
1050,pc3,2,smote,781,782,781,0.6396457096449892,0.9479385624645235,1.2960731164965522,0.0,0.0,0.046094750320102434,0.030690537084398978,0.5749467518636848,0.576,,1026.9702254489055,10
1050,pc3,2,tabddpm,781,782,781,0.4790820018927796,31.92194340823828,31.88994410343728,29.031432632810443,29.267376599383827,0.0,0.0,0.4712408863766692,0.488,0.02151088348271447,,10
1050,pc3,2,tabpfgen,781,782,781,0.794906032334439,0.08188234006416201,1.26153133376799,0.05815906032705057,0.06353761270150272,0.0,0.0,0.7415826984517081,0.7328,,586.8168614610165,10
1050,pc3,2,tvae,781,782,781,0.5279946360328911,1.5520027314945597,1.716258526256877,0.44146438589693116,0.4867234829142827,0.0,0.0,0.47502969607602197,0.4736,,2151.766235805894,10
1063,kc2,0,ctgan,261,261,261,0.47892720306513414,0.939317074432258,0.8750205552135202,0.5020105443313645,0.5020105443313652,0.0,0.0,0.46350732600732597,0.4449760765550239,,797.9716513145615,10
1063,kc2,0,nflow,261,261,261,0.477084893057941,0.7096603051470576,0.6654778191010957,0.056982108150424385,0.056982108150424385,0.0,0.0,0.4749084249084249,0.45933014354066987,,1068.422815159785,10
1063,kc2,0,rtvae,261,261,261,0.49439967117335326,0.629373439879981,0.6280975338414766,0.23012735843208845,0.23012735843208845,0.0,0.0,0.461996336996337,0.45454545454545453,,832.7232530649595,10
1063,kc2,0,smote,261,261,261,0.5663305001394577,0.16646076209502203,0.29631064793431616,0.0,0.0,0.20689655172413793,0.19540229885057472,0.5472527472527472,0.5263157894736842,,237.81265733112392,10
1063,kc2,0,tabddpm,261,261,261,0.5316936040281264,8.634907954447538,8.635696209501955,5.696090253987892,7.626449020725848,0.0,0.0,0.4797161172161172,0.47368421052631576,0.03984674329501915,,10
1063,kc2,0,tabpfgen,261,261,261,0.6650078536721422,0.043421753672824526,0.32096998887284156,0.02141328113109873,0.02141328113109873,0.0,0.0,0.6779304029304029,0.6028708133971292,,255.3336146049491,10
1063,kc2,0,tvae,261,261,261,0.4865753585531627,0.5590487395834548,0.5379865245648063,0.07893211579472008,0.07893211579472008,0.0,0.0,0.4570512820512821,0.44976076555023925,,719.9720987822587,10
1063,kc2,1,ctgan,261,261,261,0.5044186080650607,2.0141494835406046,2.0141494835406046,0.6869753150439112,0.9003878740311968,0.0,0.0,0.5172619047619047,0.5215311004784688,,11967.13481065143,10
1063,kc2,1,nflow,261,261,261,0.5147164604160244,0.6604109612731596,0.7497370383989237,0.31706848691502126,0.34383207777405284,0.0,0.0,0.49546703296703304,0.507177033492823,,919.899793379843,10
1063,kc2,1,rtvae,261,261,261,0.49576488894760795,1.2883228244435032,1.3003299016837182,0.6855226726019122,0.6806349159940566,0.0,0.0,0.4911630036630037,0.5119617224880383,0.025542784163473817,68.67599864186113,10
1063,kc2,1,smote,261,261,261,0.5858399025263868,0.17965302637963793,0.37157153307422697,0.0,0.0,0.23754789272030652,0.21455938697318008,0.5788003663003662,0.5454545454545454,,477.0734439291333,10
1063,kc2,1,tabddpm,261,261,261,0.5005431511574991,11.372270619313284,11.34826738076385,11.117289566644528,11.110055413176102,0.0,0.0,0.5071886446886447,0.5119617224880383,0.02260536398467433,,10
1063,kc2,1,tabpfgen,261,261,261,0.6909396515024735,0.050473728493673736,0.32815592009180256,0.03412743037338045,0.041431066973955294,0.0,0.0,0.6844780219780221,0.6363636363636364,,308.3490701466256,10
1063,kc2,1,tvae,261,261,261,0.5280530232967807,0.5682092489084288,0.6084451840473221,0.12768777501495088,0.13653028387479085,0.0,0.0,0.5195512820512821,0.49760765550239233,,1316.878697787865,10
1063,kc2,2,ctgan,261,261,261,0.5038827967880684,1.090333876808915,1.1980175803054007,0.37860006010016356,0.37860006010016356,0.0,0.0,0.5302655677655678,0.5167464114832536,,8452.417804474018,10
1063,kc2,2,nflow,261,261,261,0.5012697993276669,0.7247219795134392,0.7178376766621773,0.19239386705322742,0.19239386705322742,0.0,0.0,0.5248168498168498,0.507177033492823,,1491.1024046486998,10
1063,kc2,2,rtvae,261,261,261,0.4889681595983617,1.6723355756394211,1.6723355756394211,1.104012581439907,1.0789807135300302,0.0,0.0,0.5142399267399267,0.5023923444976076,0.13409961685823754,88807.48375943542,10
1063,kc2,2,smote,261,261,261,0.5801514951336593,0.1564579010190174,0.3039851909106628,0.0,0.0,0.20306513409961685,0.17624521072796934,0.5962912087912088,0.5502392344497608,,756.5704413669733,10
1063,kc2,2,tabddpm,261,261,261,0.4936069640786248,18.666297261839013,18.63578746061286,17.39860091821779,17.339368084303203,0.0,0.0,0.49464285714285716,0.49282296650717705,0.03793103448275862,,10
1063,kc2,2,tabpfgen,261,261,261,0.671613746128213,0.07180320305609726,0.31187096993693386,0.051594547406780926,0.0558652298373766,0.0,0.0,0.7443223443223443,0.69377990430622,,326.6927380585365,10
1063,kc2,2,tvae,261,261,261,0.4947519854376771,0.556395772562289,0.5265682279983174,0.08582533858704205,0.08582533858704205,0.0,0.0,0.5547619047619048,0.5598086124401914,,2097.186545052859,10
1068,pc1,0,ctgan,554,555,554,0.4998178684099262,1.9400843185467482,1.9426779303284223,1.2486875135186382,1.265299462554426,0.0,0.0,0.5205847739631524,0.5225225225225225,,108806.30111471373,10
1068,pc1,0,nflow,554,555,554,0.514316843919732,0.8185582340643219,0.8170513778131496,0.3658020781893047,0.36101435490129996,0.0,0.0,0.5164454995536076,0.5045045045045045,,6106.005679646784,10
1068,pc1,0,rtvae,554,555,554,0.4987234526945718,0.8900662420721525,0.8910699324194161,0.32476861752947755,0.3098330255484303,0.0,0.0,0.5117076535995455,0.509009009009009,0.0,19082.636026542903,10
1068,pc1,0,smote,554,555,554,0.6322096464695742,0.275823160992164,0.4402557302671366,0.0,0.0,0.0812274368231047,0.043243243243243246,0.6403193734274816,0.6306306306306306,,952.9958950139156,10
1068,pc1,0,tabddpm,554,555,554,0.5127264448564087,0.5175725816382701,0.5041735326463441,5.960464477539063e-08,0.07783831121586175,0.0,0.0,0.512600438276114,0.5202702702702703,,1693.179863782174,10
1068,pc1,0,tabpfgen,554,555,554,0.7515042117930204,0.06853778055777765,0.4528306675431136,0.04332228382516454,0.0433843028143486,0.0,0.0,0.743496875253632,0.7117117117117117,,1036.794588728465,10
1068,pc1,0,tvae,554,555,554,0.5052931993365206,0.7519517966363114,0.7216825654730286,0.2101699881301658,0.18808957879439178,0.0,0.0,0.5090292995698401,0.5022522522522522,,2201.153308381282,10
1068,pc1,1,ctgan,554,555,554,0.4925927732786939,1.3396247445185727,1.3152320543856613,0.8552514310814837,0.8078556363022447,0.0,0.0,0.47296282769255743,0.46396396396396394,,10373.622520772386,10
1068,pc1,1,nflow,554,555,554,0.5196848473021758,0.7848619654909297,0.8235567328593233,0.10754548160719582,0.14111788198856112,0.0,0.0,0.4450937423910397,0.44819819819819817,,4491.787228135149,10
1068,pc1,1,rtvae,554,555,554,0.5089033076397698,0.8644290193778856,0.866887669348611,0.34678776301483744,0.3376999351207806,0.0,0.0,0.45462016070124184,0.47297297297297297,0.0,13840.983728330062,10
1068,pc1,1,smote,554,555,554,0.6419471818388786,0.2504719393728609,0.4137688030089249,0.0,2.275929819588278e-08,0.04693140794223827,0.010810810810810811,0.5766475935394855,0.5518018018018018,,788.8227494929412,10
1068,pc1,1,tabddpm,554,555,554,0.5233632549517027,0.49605950396107334,0.509819658917479,0.012966735005063311,0.02446548488845332,0.0,0.0,0.4445661878094311,0.45045045045045046,,3841.3635334336477,10
1068,pc1,1,tabpfgen,554,555,554,0.782425927732787,0.07110058441205344,0.4274376112521436,0.04572462609386761,0.05517472751877472,0.0,0.0,0.7268687606525444,0.713963963963964,,1370.0551756630898,10
1068,pc1,1,tvae,554,555,554,0.5036686506000585,0.7197785528732106,0.7199064945581598,0.18414516828393465,0.2082311833261694,0.0,0.0,0.457349241133025,0.4594594594594595,,2299.8317429612175,10
1068,pc1,2,ctgan,554,555,554,0.5226038312680912,1.1155513992646027,1.148042428733322,0.41244735599563287,0.4138346581842234,0.0,0.0,0.49384181478776074,0.4774774774774775,,6493.288317610142,10
1068,pc1,2,nflow,554,555,554,0.520678440173025,0.8442300975642678,0.9114982820203881,0.31109955831341446,0.2995817352477684,0.0,0.0,0.523323999675351,0.527027027027027,,1145.7773328786054,10
1068,pc1,2,rtvae,554,555,554,0.5261228737763034,0.8588956713423861,0.9006329025719364,0.31206334010212783,0.31376129110384776,0.0,0.0,0.5172977031085139,0.5045045045045045,0.0,6349.454615008769,10
1068,pc1,2,smote,554,555,554,0.6594383191856116,0.26403552357911375,0.4558013852038034,0.0,5.960464477539063e-08,0.030685920577617327,0.005405405405405406,0.631614722830939,0.5765765765765766,,384.18219210031015,10
1068,pc1,2,tabddpm,554,555,554,0.5280385078219013,0.5166304482477349,0.5417806643973468,0.022142333608735312,0.022142333608735312,0.0,0.0,0.525129859589319,0.5180180180180181,,460.7916080744811,10
1068,pc1,2,tabpfgen,554,555,554,0.7854327251439164,0.06008268687418292,0.4428542712494246,0.03945784243477035,0.04383706787128763,0.0,0.0,0.7813692070448828,0.7477477477477478,,348.50490939083795,10
1068,pc1,2,tvae,554,555,554,0.5337626435099359,0.7064802170607609,0.7250555433645456,0.17563235770673974,0.1918437497830072,0.0,0.0,0.5075075075075075,0.5225225225225225,,1143.3705870444926,10
11,balance-scale,0,ctgan,312,313,312,0.506246415990825,0.7071067811865475,0.7071067811865475,0.0,0.0,0.41025641025641024,0.40894568690095845,0.5080640000000001,0.508,0.19871794871794873,,4
11,balance-scale,0,nflow,312,313,312,0.5326503235848284,0.7071067811865475,0.7071067811865475,0.0,0.0,0.4230769230769231,0.3706070287539936,0.5648,0.544,0.19951923076923075,,4
11,balance-scale,0,rtvae,312,313,312,0.5683214549029246,0.7071067811865475,0.7071067811865475,0.0,0.0,0.47435897435897434,0.3546325878594249,0.5086400000000001,0.496,0.23237179487179488,,4
11,balance-scale,0,smote,312,313,312,0.8527996231670353,0.30902493250619467,0.7075003554571903,0.00806055781742391,0.3414189698270959,0.0,0.0,0.850144,0.788,,1.1759651710296277,4
11,balance-scale,0,tabddpm,312,313,312,0.6936696157942164,0.0,0.7071067811865475,0.0,0.0,0.6025641025641025,0.2268370607028754,0.697152,0.64,0.29246794871794873,,4
11,balance-scale,0,tabpfgen,312,313,312,0.7694458097812731,0.3219496771618191,0.6870547988646138,0.049825773003134885,0.12285292720307843,0.0,0.0,0.779808,0.736,,1.23953788386228,4
11,balance-scale,0,tvae,312,313,312,0.5224614975014337,0.7071067811865475,0.7071067811865475,0.0,0.0,0.4391025641025641,0.3961661341853035,0.5157120000000001,0.52,0.21153846153846154,,4
11,balance-scale,1,ctgan,312,313,312,0.5278323912509216,0.7071067811865475,0.7071067811865475,0.0,0.0,0.4423076923076923,0.3865814696485623,0.482816,0.492,0.2139423076923077,,4
11,balance-scale,1,nflow,312,313,312,0.5344064880806095,0.7071067811865475,0.7071067811865475,0.0,0.0,0.4166666666666667,0.3514376996805112,0.47267200000000004,0.5,0.21233974358974356,,4
11,balance-scale,1,rtvae,312,313,312,0.5494081264848039,0.7071067811865475,0.7071067811865475,0.0,0.0,0.44871794871794873,0.34185303514376997,0.5082879999999999,0.496,0.22355769230769232,,4
11,balance-scale,1,smote,312,313,312,0.8211989022691897,0.3016840491181309,0.7075837907331433,0.009069995200529063,0.5000565277083424,0.0,0.0,0.831584,0.78,,1.2101540755776636,4
11,balance-scale,1,tabddpm,312,313,312,0.6836446301302532,0.0,0.7071067811865475,0.0,0.0,0.5961538461538461,0.23322683706070288,0.649504,0.628,0.2932692307692308,,4
11,balance-scale,1,tabpfgen,312,313,312,0.6820574260670107,0.44469866386763657,0.6398610638067765,0.07767259868741146,0.10203120943526335,0.0,0.0,0.689408,0.66,,1.3055354566282282,4
11,balance-scale,1,tvae,312,313,312,0.5579278282952403,0.7071067811865475,0.7071067811865475,0.0,0.0,0.4807692307692308,0.3610223642172524,0.462496,0.472,0.22916666666666666,,4
11,balance-scale,2,ctgan,312,313,312,0.4958067092651758,0.7071067811865475,0.7071067811865475,0.0,0.0,0.38782051282051283,0.40894568690095845,0.516,0.504,0.20032051282051283,,4
11,balance-scale,2,nflow,312,313,312,0.5455015564839846,0.7071067811865475,0.7071067811865475,0.0,0.0,0.4391025641025641,0.34824281150159747,0.454784,0.472,0.21314102564102563,,4
11,balance-scale,2,rtvae,312,313,312,0.541344105840911,0.7071067811865475,0.7071067811865475,0.0,0.0,0.4391025641025641,0.3610223642172524,0.471904,0.448,0.22516025641025642,,4
11,balance-scale,2,smote,312,313,312,0.8447151224707135,0.2775449203206399,0.707283629530525,0.0011705046961634322,0.3386613526519143,0.0,0.0,0.864064,0.82,,1.1870246883925237,4
11,balance-scale,2,tabddpm,312,313,312,0.6561808798230524,0.0,0.7071067811865475,0.0,0.0,0.5865384615384616,0.2747603833865815,0.60112,0.58,0.26041666666666663,,4
11,balance-scale,2,tabpfgen,312,313,312,0.6468931760465306,0.5383729846653158,0.6763577796272554,0.0935678547525643,0.1598537769837532,0.0,0.0,0.5963200000000001,0.564,,1.3136679047362831,4
11,balance-scale,2,tvae,312,313,312,0.5462234783321046,0.7071067811865475,0.7071067811865475,0.0,0.0,0.44871794871794873,0.35782747603833864,0.515232,0.524,0.20512820512820512,,4
14,mfeat-fourier,0,ctgan,1000,1000,1000,0.500804,11.231603702404282,11.182956190198066,9.50142000142432,9.389748360492016,0.0,0.0,0.457309375,0.46875,,0.12803448309794754,10
14,mfeat-fourier,0,nflow,1000,1000,1000,0.506718,9.141750492699398,9.166569604558344,7.4698639029964955,7.564788507584747,0.0,0.0,0.474596875,0.475,,0.10592905068429945,10
14,mfeat-fourier,0,rtvae,1000,1000,1000,0.51044,11.418226658399156,11.426937243102612,9.201965092851683,9.406216447250834,0.0,0.0,0.495659375,0.485,,0.13060013546373822,10
14,mfeat-fourier,0,smote,1000,1000,1000,0.808395,2.760090405559013,5.9644039497015005,0.00895403951062944,2.8596185751920733,0.002,0.0,0.8010468749999999,0.785,,0.035986262267787464,10
14,mfeat-fourier,0,tabddpm,1000,1000,1000,0.505969,19.485043404363218,19.538589993051417,14.860962812414808,14.75260102901689,0.0,0.0,0.47919687499999997,0.4825,,0.12985782323230702,10
14,mfeat-fourier,0,tabpfgen,1000,1000,1000,0.8245709999999999,0.12630049555730882,6.374760549360108,0.09879903004935635,3.1375036125129996,0.0,0.0,0.8212,0.81625,,0.025749754544444052,10
14,mfeat-fourier,0,tvae,1000,1000,1000,0.516448,7.72829285455132,7.795218116049779,5.789340610253401,5.8112714329990105,0.0,0.0,0.47398749999999995,0.4875,,0.09566008571396291,10
14,mfeat-fourier,1,ctgan,1000,1000,1000,0.5048125,10.439356215742935,10.483198741986419,8.746710733367395,8.83648293095831,0.0,0.0,0.50124375,0.52375,,0.12458470573177957,10
14,mfeat-fourier,1,nflow,1000,1000,1000,0.5114455,8.94719388809743,8.97779890038209,7.575574678383163,7.465928305339841,0.0,0.0,0.5162875,0.52125,,0.10541249731749017,10
14,mfeat-fourier,1,rtvae,1000,1000,1000,0.5040365,11.393536961088333,11.45151528662123,9.038420472645049,9.29120305290906,0.0,0.0,0.49780625,0.50625,,0.1390600743817393,10
14,mfeat-fourier,1,smote,1000,1000,1000,0.8312914999999998,2.4306540452352676,6.005793189823599,0.019419499966140456,3.0493054384218867,0.002,0.0,0.8303218750000001,0.80375,,0.03415346293615581,10
14,mfeat-fourier,1,tabddpm,1000,1000,1000,0.5009595,19.26953891900866,19.07272267991395,12.77773159431049,12.797875973092584,0.0,0.0,0.50794375,0.5075,,0.15332450982364673,10
14,mfeat-fourier,1,tabpfgen,1000,1000,1000,0.8197534999999999,0.12792579178809066,6.429690051951683,0.09902618032192072,3.157396142350656,0.0,0.0,0.8022875,0.79875,,0.026590219068774835,10
14,mfeat-fourier,1,tvae,1000,1000,1000,0.5172395,7.7205877381632195,7.754572394657556,5.367719686690905,5.386410637661997,0.0,0.0,0.510059375,0.50125,,0.09694283911210981,10
14,mfeat-fourier,2,ctgan,1000,1000,1000,0.512035,12.371718550156313,12.384437103414768,10.476405402682573,10.595835621960493,0.0,0.0,0.477996875,0.47,,0.13285600494250865,10
14,mfeat-fourier,2,nflow,1000,1000,1000,0.5227689999999999,8.837279797681367,8.937099110148303,7.377676628106215,7.29527316134917,0.0,0.0,0.508284375,0.47875,,0.10020916814275901,10
14,mfeat-fourier,2,rtvae,1000,1000,1000,0.523088,11.71584398568141,11.858167824153814,9.41709809916762,9.362120706238375,0.0,0.0,0.500484375,0.4975,,0.14499229288503085,10
14,mfeat-fourier,2,smote,1000,1000,1000,0.832849,2.3961478945948107,5.978058995426004,0.02223264945567812,2.768775895335408,0.0,0.0,0.8436875000000001,0.80625,,0.036083292980027847,10
14,mfeat-fourier,2,tabddpm,1000,1000,1000,0.526812,20.100465761549643,20.275784634779015,14.913611535230714,15.636567653716178,0.0,0.0,0.4972125,0.49625,,0.12553311823369284,10
14,mfeat-fourier,2,tabpfgen,1000,1000,1000,0.8264050000000001,0.12653561598255791,6.353274510120268,0.0981513700494484,3.128198947375612,0.0,0.0,0.80858125,0.805,,0.02643242570124225,10
14,mfeat-fourier,2,tvae,1000,1000,1000,0.531888,7.6135296781514965,7.7810158427639875,5.654034256997977,5.796674671969985,0.0,0.0,0.4981093750000001,0.4875,,0.09504040910586901,10
1462,banknote-authentication,0,ctgan,686,686,686,0.5303721238599562,0.7594010095192678,0.8280037250888836,0.15417778581960764,0.1439557856074718,0.0,0.0,0.4821831453218315,0.5045537340619308,,3.7190626981844797,4
1462,banknote-authentication,0,nflow,686,686,686,0.5191246844427067,0.346015791194606,0.34887627412335315,0.11391658465997391,0.12087941337462056,0.0,0.0,0.4699668214996683,0.48269581056466304,,2.2367297248471596,4
1462,banknote-authentication,0,rtvae,686,686,686,0.5310818621492746,0.5731742578416055,0.5886776493829406,0.19063709802903056,0.200942875957372,0.0,0.0,0.4848241539482415,0.5027322404371585,0.0,,4
1462,banknote-authentication,0,smote,686,686,686,0.7526838307167931,0.07627076723930848,0.170616285290414,0.0,0.021274470603426736,0.011661807580174927,0.004373177842565598,0.723178500331785,0.6903460837887068,,0.640416659518503,4
1462,banknote-authentication,0,tabddpm,686,686,686,0.5215896437708778,0.21501528333556927,0.2209628151267733,0.06572801622770741,0.06646969994272824,0.0,0.0,0.4676841406768414,0.4772313296903461,,1.0690911651720465,4
1462,banknote-authentication,0,tabpfgen,686,686,686,0.6352986425723975,0.13966243439381898,0.19284680874706184,0.04155163979943642,0.040629041501412506,0.0,0.0,0.5694094226940942,0.5391621129326047,,0.8393287617090923,4
1462,banknote-authentication,0,tvae,686,686,686,0.5368362672015912,0.40171630836276245,0.42672892806993357,0.0837678146802753,0.1131105127006162,0.0,0.0,0.4814996682149967,0.48269581056466304,,2.4847199507461526,4
1462,banknote-authentication,1,ctgan,686,686,686,0.4924446871626619,0.881786994718665,0.8700893899318433,0.20278636326204597,0.21364930673905427,0.0,0.0,0.5168082282680823,0.5264116575591985,,3.6856058712588653,4
1462,banknote-authentication,1,nflow,686,686,686,0.5307068058377037,0.312858280914743,0.33006977153468725,0.10639215578785063,0.10628899752709879,0.0,0.0,0.5153815527538155,0.5063752276867031,,1.9071866136808486,4
1462,banknote-authentication,1,rtvae,686,686,686,0.5266544977007879,0.6589477554659269,0.6850129658103516,0.20923668980986032,0.24844426283498613,0.0,0.0,0.5187723954877239,0.5027322404371585,0.0,,4
1462,banknote-authentication,1,smote,686,686,686,0.7614918103851286,0.06820016607837881,0.1733680287069943,0.0,0.03315915597910557,0.014577259475218658,0.0029154518950437317,0.7370006635700068,0.6666666666666666,,0.6428839996461693,4
1462,banknote-authentication,1,tabddpm,686,686,686,0.536238089571522,0.20405296584029564,0.21716199976116896,0.06481452365512697,0.07299556819439673,0.0,0.0,0.4998871930988719,0.5136612021857924,,1.0546762263968037,4
1462,banknote-authentication,1,tabpfgen,686,686,686,0.7509360470552237,0.08436758058348101,0.16626026514449418,0.021853716591619467,0.04904993101009167,0.0,0.0,0.7078035832780358,0.6429872495446266,,0.6527569664357533,4
1462,banknote-authentication,1,tvae,686,686,686,0.525683388724086,0.3750825086874563,0.3933740319113981,0.08185710720807882,0.10035863460712297,0.0,0.0,0.5040278699402787,0.5100182149362478,,2.205595070894226,4
1462,banknote-authentication,2,ctgan,686,686,686,0.5060200256695765,0.49026927876329385,0.4893590560374602,0.13077695172904102,0.1510528516808971,0.0,0.0,0.4964432647644326,0.5136612021857924,,3.26833401377313,4
1462,banknote-authentication,2,nflow,686,686,686,0.4916552626881656,0.3588070806165449,0.35394981970466877,0.11356116288346584,0.10274557447490486,0.0,0.0,0.4728798938287989,0.4681238615664845,,2.1456934616816725,4
1462,banknote-authentication,2,rtvae,686,686,686,0.5105419510578075,0.6635443817542188,0.6974030741357056,0.2126548991279515,0.1936471905605384,0.0,0.0,0.49458526874585274,0.48269581056466304,0.0,,4
1462,banknote-authentication,2,smote,686,686,686,0.7631747826160868,0.07633748240392821,0.17246479452233116,0.0,0.0025819007740969136,0.011661807580174927,0.004373177842565598,0.6972196416721963,0.6411657559198543,,0.5957799399619788,4
1462,banknote-authentication,2,tabddpm,686,686,686,0.5443522681875749,0.20343738796165928,0.22237353946111488,0.06078764463579818,0.06437244659728839,0.0,0.0,0.5291041804910418,0.517304189435337,,1.0102015483344147,4
1462,banknote-authentication,2,tabpfgen,686,686,686,0.6048861443786178,0.17822312472467894,0.2210445087248058,0.045247047289098744,0.05593788375538091,0.0,0.0,0.5130922362309224,0.5245901639344263,,0.957179218824044,4
1462,banknote-authentication,2,tvae,686,686,686,0.5171463420853556,0.377770138943913,0.3905364608884613,0.11664768209389964,0.09832332168479031,0.0,0.0,0.505149303251493,0.4990892531876138,,2.164116042271944,4
1464,blood-transfusion-service-center,0,ctgan,374,374,374,0.48090809002259144,0.35168964113551104,0.320082561523324,0.10679305059776957,0.09176681928143182,0.0,0.0,0.5246000000000001,0.5066666666666667,,222.09259614928962,4
1464,blood-transfusion-service-center,0,nflow,374,374,374,0.4908633360976865,0.21651736969867294,0.20092670352269745,0.0,0.0,0.045454545454545456,0.045454545454545456,0.5676666666666667,0.5666666666666667,,213.90497693946338,4
1464,blood-transfusion-service-center,0,rtvae,374,374,374,0.4893977522948898,0.539669258890257,0.5365023006367527,0.08112058087171195,0.13898484645812423,0.0,0.0,0.4980444444444444,0.5,0.10695187165775401,,4
1464,blood-transfusion-service-center,0,smote,374,374,374,0.6043173954073608,0.08210040984607203,0.20552678119107354,0.0,0.0,0.3663101604278075,0.2700534759358289,0.6211333333333333,0.5966666666666667,,15.807052423724578,4
1464,blood-transfusion-service-center,0,tabddpm,374,374,374,0.4850045754811404,0.17914760254572193,0.17393613559674437,0.0,0.0,0.13368983957219252,0.15508021390374332,0.5446222222222222,0.5366666666666666,,30.075417793639392,4
1464,blood-transfusion-service-center,0,tabpfgen,374,374,374,0.6257256427121165,0.1291032464901226,0.1790618384851328,0.03593962662553143,0.0376770734899872,0.0,0.0,0.6314,0.5933333333333334,,20.094942424097944,4
1464,blood-transfusion-service-center,0,tvae,374,374,374,0.4937158626211787,0.2882992036034507,0.2882992036034507,0.005639536834945526,0.02208484030150292,0.0,0.0,0.5471111111111111,0.54,,127.83523722421148,4
1464,blood-transfusion-service-center,1,ctgan,374,374,374,0.4793567159484115,0.4926403945465871,0.4857941409478555,0.16116066716081215,0.16116066716081215,0.0,0.0,0.5040444444444445,0.48333333333333334,,215.20984480149824,4
1464,blood-transfusion-service-center,1,nflow,374,374,374,0.5186307872687237,0.21602314732892045,0.23120749980136363,0.0,0.0,0.053475935828877004,0.034759358288770054,0.48928888888888883,0.49,,192.25502793511234,4
1464,blood-transfusion-service-center,1,rtvae,374,374,374,0.4969723183391004,0.4747815892950641,0.4747815892950641,0.17354464990952742,0.16146512635941615,0.0,0.0,0.4658888888888889,0.48333333333333334,0.08422459893048129,,4
1464,blood-transfusion-service-center,1,smote,374,374,374,0.6131251966027054,0.08210040984607203,0.17448616712278564,0.0,0.0,0.3770053475935829,0.2700534759358289,0.5617111111111113,0.56,,12.406048285388053,4
1464,blood-transfusion-service-center,1,tabddpm,374,374,374,0.5190061197060254,0.18505203868078074,0.193784778265366,0.0,0.0,0.1443850267379679,0.14171122994652408,0.5057999999999999,0.49,,30.02923242132515,4
1464,blood-transfusion-service-center,1,tabpfgen,374,374,374,0.6870192170207899,0.02236088608604599,0.17800354126951648,0.007936096347334037,0.008554504731277932,0.0,0.0,0.7476444444444444,0.6933333333333334,,7.752976703573326,4
1464,blood-transfusion-service-center,1,tvae,374,374,374,0.5058873573736737,0.2519051360644868,0.2519251479745121,0.02894184279761436,0.02894184279761436,0.0,0.0,0.4692666666666667,0.49333333333333335,,141.08309230613114,4
1464,blood-transfusion-service-center,2,ctgan,374,374,374,0.5339800966570392,0.4183078680962331,0.4280881992240251,0.2145742560054639,0.22345023452834495,0.0,0.0,0.4822222222222222,0.49333333333333335,,322.0205532579086,4
1464,blood-transfusion-service-center,2,nflow,374,374,374,0.5256763133060711,0.22543866909395455,0.24194382419083796,0.0,0.0,0.09358288770053476,0.0855614973262032,0.46962222222222216,0.4766666666666667,,103.829324209986,4
1464,blood-transfusion-service-center,2,rtvae,374,374,374,0.531327747433441,0.4869285118011185,0.5054245363812448,0.1513603756374154,0.1513603756374154,0.0,0.0,0.45328888888888896,0.4666666666666667,0.10962566844919786,,4
1464,blood-transfusion-service-center,2,smote,374,374,374,0.6265084789384884,0.08210040984607203,0.20525102461518008,0.0,0.0,0.39037433155080214,0.2807486631016043,0.5805777777777777,0.5733333333333334,,10.332991201494144,4
1464,blood-transfusion-service-center,2,tabddpm,374,374,374,0.5323143355543482,0.18172712358878448,0.20182916584475347,0.0,0.0,0.16310160427807488,0.1711229946524064,0.46373333333333333,0.47333333333333333,,26.635293023872016,4
1464,blood-transfusion-service-center,2,tabpfgen,374,374,374,0.5123502244845435,0.24850108813779778,0.25376571635276285,0.02490513787320472,0.018796973686780058,0.0,0.0,0.4496444444444444,0.45,,67.90025915353219,4
1464,blood-transfusion-service-center,2,tvae,374,374,374,0.5161178472361234,0.25166795737795206,0.2539466482519951,0.028503894586400694,0.00617345736969821,0.0,0.0,0.4693333333333333,0.48,,109.26210126420878,4
1494,qsar-biodeg,0,ctgan,527,528,527,0.5049846184808233,7.206367463397755,7.107056735516885,5.717930399595944,5.739281919031468,0.0,0.0,0.46408436468183556,0.47393364928909953,0.4671726755218216,10.6854141901654,10
1494,qsar-biodeg,0,nflow,527,528,527,0.5044958599275486,3.8934260545653685,3.919899555433979,2.428527651352365,2.323051170822717,0.0,0.0,0.4706206060061544,0.48104265402843605,0.683111954459203,3.1851829116480745,10
1494,qsar-biodeg,0,rtvae,527,528,527,0.49139641193720884,7.879055417989261,7.795811046862209,6.4381745060981395,6.4027558499445885,0.0,0.0,0.45469553693762493,0.476303317535545,0.5302249932230957,6.797901651704276,10
1494,qsar-biodeg,0,smote,527,528,527,0.6517199988499799,1.3709617995355987,2.1315406767593643,0.04778742481124386,0.3244174499564607,0.0,0.0,0.6065901484692617,0.5781990521327014,0.8406072106261859,0.8342377649130304,10
1494,qsar-biodeg,0,tabddpm,527,528,527,0.5081579552642171,17.582791925911376,17.64687399770783,15.645884481227087,15.60961404207743,0.0,0.0,0.44932728375373415,0.47393364928909953,0.18956356736242883,,10
1494,qsar-biodeg,0,tabpfgen,527,528,527,0.6443454947961589,2.572064178362924,2.9139568090799717,1.13145332663263,1.3636932530751853,0.0,0.0,0.547314750342535,0.5402843601895735,,1.2006363987300273,10
1494,qsar-biodeg,0,tvae,527,528,527,0.5136385199240987,2.884111376657484,2.8900825024576307,1.3972532892728267,1.4212204425551946,0.0,0.0,0.47858314054041906,0.495260663507109,0.6283545676335051,3.8627080862514624,10
1494,qsar-biodeg,1,ctgan,527,528,527,0.5062855787476281,5.908856811467731,5.962943104508026,4.060771923063493,4.1781783876572804,0.0,0.0,0.4919139282585746,0.4834123222748815,0.5838077166350412,6.092019215992679,10
1494,qsar-biodeg,1,nflow,527,528,527,0.5051822781898683,3.7841768358064534,3.8960798140290693,2.0509976863149815,2.0046054310126897,0.0,0.0,0.5018642887626064,0.5,0.40417457305502846,2.592292032715872,10
1494,qsar-biodeg,1,rtvae,527,528,527,0.5150796388936807,3.260849719248122,3.3089062064330816,1.522280946141596,1.57813148008325,0.0,0.0,0.4968891085105905,0.495260663507109,0.4663714948344929,7.590193443895616,10
1494,qsar-biodeg,1,smote,527,528,527,0.6579696394686907,1.3001093467013711,1.9558461901770814,0.035342757786478995,0.2874486385526306,0.0,0.0,0.626906403719593,0.6018957345971564,0.7998102466793169,0.8005749991849997,10
1494,qsar-biodeg,1,tabddpm,527,528,527,0.47039776321085625,19.643128583338044,19.597771278937877,17.854544859622685,17.9465552162534,0.0,0.0,0.5003481503110891,0.495260663507109,0.10208728652751424,,10
1494,qsar-biodeg,1,tabpfgen,527,528,527,0.6697321890633087,2.2036797581504954,2.7501936016555035,1.0769855386488834,1.0760881442137473,0.0,0.0,0.6291413041036814,0.5995260663507109,,1.1945826042542511,10
1494,qsar-biodeg,1,tvae,527,528,527,0.5106448737852912,3.041693982558385,3.1185123288899708,1.2624392533968705,1.0994563292663795,0.0,0.0,0.49940477527458954,0.5071090047393365,0.6325110689437065,3.8197577917257752,10
1494,qsar-biodeg,2,ctgan,527,528,527,0.5040915559772297,4.906084221307628,4.870486682792228,3.0558726420393314,3.0800861604355028,0.0,0.0,0.504896565665641,0.5023696682464455,0.48007590132827327,5.330161851901201,10
1494,qsar-biodeg,2,nflow,527,528,527,0.49700096314185493,3.8575294720833235,3.8676571803857835,2.2184197563051717,2.165937511729248,0.0,0.0,0.4917679297410211,0.48104265402843605,0.47058823529411764,2.626493049182672,10
1494,qsar-biodeg,2,rtvae,527,528,527,0.47880908228394,6.33306318196869,6.29276529917513,4.4888160330127205,4.533451895964085,0.0,0.0,0.5017295209002494,0.4976303317535545,0.5543959519291587,8.204458040617675,10
1494,qsar-biodeg,2,smote,527,528,527,0.6524944655281467,1.3780810420735214,2.0618136385282635,0.02508265546227255,0.3005276482781314,0.0,0.0,0.6157880550751331,0.5853080568720379,,0.7310679968804177,10
1494,qsar-biodeg,2,tabddpm,527,528,527,0.493098082341441,18.31107522942842,18.293082702585604,16.046847297119687,16.375397907421007,0.0,0.0,0.5082433009141752,0.5071090047393365,0.17836812144212524,,10
1494,qsar-biodeg,2,tabpfgen,527,528,527,0.632243329883273,2.7669670269574067,3.1403545856757473,1.1737379780755028,1.3342632541478483,0.0,0.0,0.5783675119606478,0.5497630331753555,,1.3554692696010417,10
1494,qsar-biodeg,2,tvae,527,528,527,0.5146645535046863,3.0134525939839163,3.0804856151547417,1.3234884235751314,1.293592932471595,0.0,0.0,0.5023584375912491,0.4928909952606635,0.5812776723592663,3.580549112999161,10
1510,wdbc,0,ctgan,284,285,284,0.5107487027427724,5.122185427251624,5.151916070056353,3.344659795575091,3.167975230545047,0.0,0.0,0.4533702677746999,0.4473684210526316,,70.50063223754898,10
1510,wdbc,0,nflow,284,285,284,0.48783049172226345,3.295411644946702,3.30353367414511,2.2825862659523626,2.2974907720231523,0.0,0.0,0.4932286857494613,0.5,,34.18762253854476,10
1510,wdbc,0,rtvae,284,285,284,0.5100074128984433,3.050746864044717,3.0650349306648534,1.4974239671122342,1.2783945664627574,0.0,0.0,0.4965758694983071,0.4956140350877193,0.0,,10
1510,wdbc,0,smote,284,285,284,0.7503335804299481,1.32753209525598,2.2108801646594407,0.042873531981573246,1.1814141013438868,0.0,0.0,0.7151046475838719,0.6798245614035088,,4.643099411543616,10
1510,wdbc,0,tabddpm,284,285,284,0.539362490733877,3.3800093748431315,3.499584508318271,1.5761971406275124,1.5354252902425056,0.0,0.0,0.46183441058787317,0.4517543859649123,,18.04670053426376,10
1510,wdbc,0,tabpfgen,284,285,284,0.8118977020014826,0.10250800331088294,2.2973971429315556,0.06736859858951269,1.2782630741103214,0.0,0.0,0.7705447830101569,0.7675438596491229,,3.5550060935517855,10
1510,wdbc,0,tvae,284,285,284,0.5170743760810477,2.787728542643388,2.816635626115303,1.275077549344264,1.3207842817239623,0.0,0.0,0.4909972299168975,0.49122807017543857,,38.80147449391471,10
1510,wdbc,1,ctgan,284,285,284,0.4904744255003706,5.482330380680182,5.452493439863265,3.9982647549794175,4.188549672525816,0.0,0.0,0.5317790089258233,0.5263157894736842,,90.40116934167027,10
1510,wdbc,1,nflow,284,285,284,0.47866320731405976,3.338954972768918,3.263776396375856,1.8453477810002974,1.8959562840175668,0.0,0.0,0.5242767005232379,0.5526315789473685,,24.71104393189988,10
1510,wdbc,1,rtvae,284,285,284,0.5007289350135903,3.065933880442163,3.060260897052398,1.3322177951225096,1.514258234162792,0.0,0.0,0.5300092336103417,0.543859649122807,0.0,1.7617386790564364,10
1510,wdbc,1,smote,284,285,284,0.7539659006671608,1.402877315937849,2.2331289919306787,0.023281936645057767,1.207232890803653,0.0,0.0,0.7519621421975993,0.6885964912280702,,4.965998967407875,10
1510,wdbc,1,tabddpm,284,285,284,0.48169014084507034,3.378803492563004,3.4128172035455973,1.4808935634665705,1.4638484846210802,0.0,0.0,0.5335872576177285,0.5394736842105263,,18.609051117922316,10
1510,wdbc,1,tabpfgen,284,285,284,0.7967259698542131,0.08325871627043821,2.3228318444059965,0.05427362647156813,1.2442017976033555,0.0,0.0,0.8534933825792551,0.7894736842105263,,4.987107770998188,10
1510,wdbc,1,tvae,284,285,284,0.5004447739065975,2.835478626666762,2.822100188849606,1.2885694359887343,1.323174419356072,0.0,0.0,0.5517851646660511,0.5394736842105263,,49.09755403978744,10
1510,wdbc,2,ctgan,284,285,284,0.47768717568569313,5.710302441786822,5.582424848656188,3.907975990271406,3.8207759461604525,0.0,0.0,0.5091951369652201,0.5131578947368421,,148.83979799707748,10
1510,wdbc,2,nflow,284,285,284,0.4863726216950828,3.4485224341021574,3.3451205583694104,1.9943532738003864,2.071733086559362,0.0,0.0,0.4808402585410895,0.4868421052631579,,28.19388706350326,10
1510,wdbc,2,rtvae,284,285,284,0.47326414628119595,3.0762575580043245,3.013923317470288,1.4222357827610452,1.273016308285331,0.0,0.0,0.49095875654047394,0.4956140350877193,0.0,,10
1510,wdbc,2,smote,284,285,284,0.7665184086978009,1.3401829353052288,2.245930783120547,0.013734127671204528,1.2151741234414424,0.0,0.0,0.7573484148968912,0.7149122807017544,,4.736254718063792,10
1510,wdbc,2,tabddpm,284,285,284,0.48594020261922416,4.44157644770535,4.166572253345891,1.9400692547259393,2.2775330705520793,0.0,0.0,0.46949061249615265,0.4692982456140351,,26.938232841385506,10
1510,wdbc,2,tabpfgen,284,285,284,0.8165678280207561,0.08657241410478438,2.2963358471803192,0.05656053654457942,1.3143675719529613,0.0,0.0,0.8123268698060941,0.7587719298245614,,4.028650377429288,10
1510,wdbc,2,tvae,284,285,284,0.4900667160859896,2.8053723598648794,2.7789261160276655,1.1150065090614036,1.2570012472416012,0.0,0.0,0.5071560480147738,0.5087719298245614,,41.68466694757595,10
16,mfeat-karhunen,0,ctgan,1000,1000,1000,0.5180530000000001,9.520708405138178,9.56351337604395,7.969286372043827,7.698732796214982,0.0,0.0,0.46873437500000004,0.45125,,4.21227241371008,10
16,mfeat-karhunen,0,nflow,1000,1000,1000,0.5167839999999999,8.171374614980156,8.210992566850912,6.855391029116116,6.874493018958701,0.0,0.0,0.47554062500000005,0.48625,,3.700007298032687,10
16,mfeat-karhunen,0,rtvae,1000,1000,1000,0.506961,11.786591435539236,11.804271115679818,10.12913900666447,10.104050063310835,0.0,0.0,0.481121875,0.49,,4.355373402274131,10
16,mfeat-karhunen,0,smote,1000,1000,1000,0.8265389999999999,2.5754944846676704,5.836902983795943,0.008370225434512884,3.341001018261029,0.002,0.0,0.843034375,0.81875,,1.6094133841373632,10
16,mfeat-karhunen,0,tabddpm,1000,1000,1000,0.5373209999999999,21.287601164497723,21.423368685505707,18.426437906289948,18.73891308512933,0.0,0.0,0.503675,0.49,,3.9887041889666555,10
16,mfeat-karhunen,0,tabpfgen,1000,1000,1000,0.816598,0.27623968182186787,6.22395227148308,0.21436127055483345,3.673835892618131,0.0,0.0,0.8257718749999999,0.82,,1.2719574903415165,10
16,mfeat-karhunen,0,tvae,1000,1000,1000,0.543134,7.009070628462176,7.164478645553336,5.491786685691808,5.539073560919234,0.0,0.0,0.497590625,0.505,,3.4787699722894674,10
16,mfeat-karhunen,1,ctgan,1000,1000,1000,0.5116835,9.002611226459056,9.040286624707873,7.646537060882111,7.7851888761774335,0.0,0.0,0.517834375,0.505,,4.258919102650555,10
16,mfeat-karhunen,1,nflow,1000,1000,1000,0.49506049999999996,8.257894078797621,8.254039247616713,6.930365746084131,7.032494288297389,0.0,0.0,0.529640625,0.52625,,3.7542089180985014,10
16,mfeat-karhunen,1,rtvae,1000,1000,1000,0.4993135000000001,13.22097958026793,13.156494237790792,11.318246302598462,11.385503344634312,0.0,0.0,0.51935,0.52125,,4.7992164758686195,10
16,mfeat-karhunen,1,smote,1000,1000,1000,0.8462844999999999,2.1713591654695255,5.909691736447579,0.0169484795293404,3.241360029289412,0.002,0.0,0.8501593749999999,0.80625,,1.5515132074821398,10
16,mfeat-karhunen,1,tabddpm,1000,1000,1000,0.5846385000000001,21.183296939998314,21.42289755334743,19.073699381806644,19.48639530344865,0.0,0.0,0.5621999999999999,0.5375,,4.130829995657187,10
16,mfeat-karhunen,1,tabpfgen,1000,1000,1000,0.8144005000000001,0.11751107687808554,6.266620838032345,0.09007986107611583,3.63921778735572,0.0,0.0,0.817203125,0.79875,,1.221842933296879,10
16,mfeat-karhunen,1,tvae,1000,1000,1000,0.5228254999999999,7.092718802061992,7.123363040204108,5.655101750435653,5.835378678205182,0.0,0.0,0.506803125,0.49875,,3.531772664151056,10
16,mfeat-karhunen,2,ctgan,1000,1000,1000,0.504104,8.733413622258121,8.7540286102276,7.397774452372816,7.400778299442821,0.0,0.0,0.49494374999999996,0.5025,,3.958577388580737,10
16,mfeat-karhunen,2,nflow,1000,1000,1000,0.518111,8.265044076977574,8.297083298141242,6.857048904400434,7.0254495263498455,0.0,0.0,0.495015625,0.48625,,3.626591673510711,10
16,mfeat-karhunen,2,rtvae,1000,1000,1000,0.521029,12.381241709893532,12.47026318887702,10.476297552942262,10.771373770035927,0.0,0.0,0.48387499999999994,0.49375,,4.939672010571795,10
16,mfeat-karhunen,2,smote,1000,1000,1000,0.8314260000000001,2.554557639717447,5.784746511549931,0.02768834495059855,3.3129309783269183,0.0,0.0,0.8752812499999999,0.83875,,1.6060583912726851,10
16,mfeat-karhunen,2,tabddpm,1000,1000,1000,0.54518,21.454183832801334,21.589185009525842,19.435766070070038,19.53298082836119,0.0,0.0,0.5014562499999999,0.52375,,4.780724208183953,10
16,mfeat-karhunen,2,tabpfgen,1000,1000,1000,0.812598,0.1161073542771353,6.200457287932831,0.08953364010751975,3.770365947935362,0.0,0.0,0.8046125,0.8075,,1.2028326659971211,10
16,mfeat-karhunen,2,tvae,1000,1000,1000,0.533513,7.005615572361455,7.085649586675863,5.422849801826047,5.424238901541323,0.0,0.0,0.49704999999999994,0.50125,,3.4128653289622397,10
18,mfeat-morphological,0,ctgan,1000,1000,1000,0.517017,0.37443768799608107,0.3927624754825386,0.08052511006441397,0.08354957362251372,0.0,0.0,0.4983875,0.4825,0.8126666666666665,707.4348315712938,6
18,mfeat-morphological,0,nflow,1000,1000,1000,0.5116419999999999,0.14285862809351285,0.14902859346384567,0.022316391989890594,0.022314710598551966,0.0,0.0,0.500109375,0.49625,0.949,325.6928457660874,6
18,mfeat-morphological,0,rtvae,1000,1000,1000,0.5168440000000001,0.46241347429282603,0.4747708079334192,0.11738174440750693,0.12686972699258595,0.0,0.0,0.49045625,0.49,0.46749999999999997,,6
18,mfeat-morphological,0,smote,1000,1000,1000,0.623618,0.0646330457414375,0.09767976611227633,0.00044775667575763556,0.013479894704535929,0.003,0.001,0.6025437499999999,0.575,,62.60758757019294,6
18,mfeat-morphological,0,tabddpm,1000,1000,1000,0.5080899999999999,0.109635838555509,0.11602682381306606,0.019657404322743818,0.016444670810268347,0.0,0.0,0.48027187499999996,0.4675,0.9943333333333334,177.8651423660332,6
18,mfeat-morphological,0,tabpfgen,1000,1000,1000,0.800317,0.035566465277041576,0.1001571886988136,0.013702894527389993,0.01941278238833305,0.0,0.0,0.778875,0.74375,,55.64361756083198,6
18,mfeat-morphological,0,tvae,1000,1000,1000,0.522903,0.18672045944681886,0.19526896578102793,0.02990951877428579,0.031100495169842236,0.0,0.0,0.49720312499999997,0.515,0.8969999999999999,357.25142941646965,6
18,mfeat-morphological,1,ctgan,1000,1000,1000,0.4915695,0.45198765946066055,0.4309666880443417,0.06808921455144037,0.06485009179879378,0.0,0.0,0.516909375,0.5125,0.751,776.6760384903691,6
18,mfeat-morphological,1,nflow,1000,1000,1000,0.5079665,0.1692567871287272,0.17582498305315453,0.03507117120192185,0.02912839981230932,0.0,0.0,0.516296875,0.50375,0.9049999999999999,321.19057777629376,6
18,mfeat-morphological,1,rtvae,1000,1000,1000,0.5032375,0.8318743871495093,0.7697801784561713,0.11201373199612798,0.11040031394566394,0.0,0.0,0.523478125,0.51,0.7823333333333333,1477.8942658891847,6
18,mfeat-morphological,1,smote,1000,1000,1000,0.6533605,0.055603128461765225,0.10294046092143175,0.0006174023448575027,0.009100419205791717,0.004,0.0,0.632,0.6,,59.230287325025465,6
18,mfeat-morphological,1,tabddpm,1000,1000,1000,0.4998265,0.11631106431236181,0.11396625538259655,0.01964869015477319,0.016819712232314644,0.0,0.0,0.49667812499999997,0.4975,0.9883333333333333,193.54322276542294,6
18,mfeat-morphological,1,tabpfgen,1000,1000,1000,0.7749814999999999,0.03508926309967811,0.09479237230826316,0.012570426800316177,0.018999793842393434,0.0,0.0,0.7700875,0.725,,58.24691370211639,6
18,mfeat-morphological,1,tvae,1000,1000,1000,0.4940915,0.19852503944144573,0.19814614318049664,0.028741490805708786,0.02906485062288458,0.0,0.0,0.511675,0.51125,0.9133333333333332,387.5802772964809,6
18,mfeat-morphological,2,ctgan,1000,1000,1000,0.49667799999999995,0.4233870438694063,0.4206939787974946,0.0833640984258693,0.08806338818256876,0.0,0.0,0.48684374999999996,0.4975,0.7543333333333333,701.5336666141005,6
18,mfeat-morphological,2,nflow,1000,1000,1000,0.49604899999999996,0.19527895594970107,0.18825063558375305,0.03380542777357007,0.03166123267611215,0.0,0.0,0.48606875000000005,0.48875,0.8646666666666668,238.95184038093745,6
18,mfeat-morphological,2,rtvae,1000,1000,1000,0.49608399999999997,0.40380016392022605,0.3957175156856412,0.10639746714569949,0.08359302097080026,0.0,0.0,0.46584375,0.47375,0.48383333333333334,,6
18,mfeat-morphological,2,smote,1000,1000,1000,0.633452,0.06174913555323694,0.10300143219619523,0.0007557316768416571,0.008220499060344546,0.0,0.0,0.59093125,0.57125,0.997,73.1438175476925,6
18,mfeat-morphological,2,tabddpm,1000,1000,1000,0.501281,0.127788719629364,0.12997035413419925,0.01522292737356047,0.016048207460390113,0.0,0.0,0.47709687500000003,0.47375,0.9906666666666667,199.50873814652041,6
18,mfeat-morphological,2,tabpfgen,1000,1000,1000,0.6516430000000001,0.08522935743482105,0.1326938575870386,0.019374362285577693,0.028573291001144144,0.0,0.0,0.63313125,0.59625,,56.06029637339142,6
18,mfeat-morphological,2,tvae,1000,1000,1000,0.496714,0.17568116210580642,0.17820459925853155,0.02851923918967158,0.024423459170241017,0.0,0.0,0.4655,0.46125,0.9249999999999999,346.41463970808246,6
22,mfeat-zernike,0,ctgan,1000,1000,1000,0.507007,7.0394099885417765,7.099158313594388,5.642779858126389,5.677550482925508,0.0,0.0,0.482396875,0.48125,,103.21846990899246,10
22,mfeat-zernike,0,nflow,1000,1000,1000,0.507867,5.8029089929879465,5.828067811036702,4.422377088098788,4.344100067177615,0.0,0.0,0.48341875,0.475,,61.80977221706341,10
22,mfeat-zernike,0,rtvae,1000,1000,1000,0.5131429999999999,7.859851276752991,7.879168074132737,6.575931002556097,6.524630052893266,0.0,0.0,0.494803125,0.48875,,99.36431558808599,10
22,mfeat-zernike,0,smote,1000,1000,1000,0.7947649999999999,1.4784487199507594,3.145127022494127,0.005310263626204645,0.35385588628503184,0.002,0.0,0.755046875,0.73375,,18.49032035043114,10
22,mfeat-zernike,0,tabddpm,1000,1000,1000,0.505985,7.468933233967178,7.566810352372884,3.8373858385984096,3.9849878950604727,0.0,0.0,0.49386250000000004,0.48,,68.60390468010237,10
22,mfeat-zernike,0,tabpfgen,1000,1000,1000,0.7058730000000001,2.573030824416855,3.2636510388173705,1.2270116836580094,1.5034880849222403,0.0,0.0,0.66826875,0.63,,34.12878810723551,10
22,mfeat-zernike,0,tvae,1000,1000,1000,0.524429,4.447788527137071,4.512811820458881,2.8333770626867123,2.892599044569594,0.0,0.0,0.492825,0.48625,,59.41111079041243,10
22,mfeat-zernike,1,ctgan,1000,1000,1000,0.48468449999999996,6.78453346783181,6.752677826774159,5.407904756844762,5.415545630836169,0.0,0.0,0.5063468750000001,0.49875,,84.15484474914162,10
22,mfeat-zernike,1,nflow,1000,1000,1000,0.4798045,5.825136967408832,5.782678716988974,4.431625764596459,4.37149825528525,0.0,0.0,0.504825,0.5025,,66.87961401421384,10
22,mfeat-zernike,1,rtvae,1000,1000,1000,0.4746015,7.152415567125911,7.048975885996321,5.389390231830339,5.371619748687873,0.0,0.0,0.49804999999999994,0.4875,,75.16173792305833,10
22,mfeat-zernike,1,smote,1000,1000,1000,0.8027365,1.3208054084694703,3.2156902773102622,0.010213540368196331,0.22509998409904713,0.002,0.0,0.78610625,0.74375,,17.901914415174335,10
22,mfeat-zernike,1,tabddpm,1000,1000,1000,0.4930435000000001,6.32511062785928,6.225214089090255,3.0941243246723156,3.014017151480468,0.0,0.0,0.507609375,0.49625,,61.72743761591327,10
22,mfeat-zernike,1,tabpfgen,1000,1000,1000,0.6895855,2.6703609004950337,3.345314029922511,1.3512580522459552,1.725415685551352,0.0,0.0,0.6748843750000002,0.65125,,32.66688577317741,10
22,mfeat-zernike,1,tvae,1000,1000,1000,0.5012855,4.4151930849392595,4.45742416042582,2.7426972770988707,2.8960966571782727,0.0,0.0,0.5132843749999999,0.51375,,56.96248120170357,10
22,mfeat-zernike,2,ctgan,1000,1000,1000,0.5224929999999999,7.15930176521697,7.262576858199581,5.157607241176918,5.157667874003022,0.0,0.0,0.49131250000000004,0.50125,,80.0781942519453,10
22,mfeat-zernike,2,nflow,1000,1000,1000,0.5102009999999999,5.752314101098547,5.734597671176319,4.333569676212071,4.415406957324058,0.0,0.0,0.47453125,0.48375,,64.60090947172039,10
22,mfeat-zernike,2,rtvae,1000,1000,1000,0.5174989999999999,7.918028997082434,8.004237139813192,6.433652958805938,6.531127577076748,0.0,0.0,0.48185,0.495,,105.07456012372037,10
22,mfeat-zernike,2,smote,1000,1000,1000,0.797082,1.436741103866436,3.110399365782982,0.013913862838501196,0.37127473842721237,0.0,0.0,0.775121875,0.74,,18.322204265449365,10
22,mfeat-zernike,2,tabddpm,1000,1000,1000,0.517535,7.199314737185757,7.346730410591085,4.1754178177844565,4.22270094841359,0.0,0.0,0.500378125,0.4925,,69.69355531395283,10
22,mfeat-zernike,2,tabpfgen,1000,1000,1000,0.709816,2.569889601819737,3.2186165368999964,1.2924275654434003,1.5822105309887389,0.0,0.0,0.6692,0.6475,,32.57227005039964,10
22,mfeat-zernike,2,tvae,1000,1000,1000,0.527652,4.438650077529284,4.523079030776932,3.038862500754383,3.0353661307322795,0.0,0.0,0.5022125,0.49375,,58.455452725956704,10
37,diabetes,0,ctgan,384,384,384,0.5151231553819444,2.6560375693186504,2.7415797157269806,1.505979352960145,1.4397825701441866,0.0,0.0,0.5213358070500927,0.5064935064935064,,48.72713841162173,8
37,diabetes,0,nflow,384,384,384,0.5346340603298612,1.1374609610710376,1.186469229607774,0.4204962062347826,0.5122748739224996,0.0,0.0,0.5472887502108281,0.5194805194805194,,17.796198420005126,8
37,diabetes,0,rtvae,384,384,384,0.5378689236111112,1.2092492489355837,1.2716368905454694,0.4814292239311397,0.5922665082627951,0.0,0.0,0.5422077922077921,0.5292207792207793,0.0,,8
37,diabetes,0,smote,384,384,384,0.7569647894965277,0.6230573244952371,1.1173197808392286,0.019203917036924253,0.505789762183142,0.0,0.0,0.7740133243379996,0.7045454545454546,,11.443621061848441,8
37,diabetes,0,tabddpm,384,384,384,0.6036716037326388,0.9799526364681068,1.1098800812363179,0.36303213620294855,0.5366861320506463,0.0,0.0,0.5805785123966942,0.5584415584415584,,13.707798580247989,8
37,diabetes,0,tabpfgen,384,384,384,0.5054185655381944,2.4581751326506502,2.4916572267143753,1.0914686021977256,1.168240413611775,0.0,0.0,0.549481362793051,0.5292207792207793,0.09472656250000001,,8
37,diabetes,0,tvae,384,384,384,0.5413140190972222,1.112252120921702,1.1883177618725984,0.42375618439631435,0.4785444897692836,0.0,0.0,0.5096348456738068,0.4837662337662338,,17.312657677712515,8
37,diabetes,1,ctgan,384,384,384,0.5133124457465277,1.5617056604420354,1.5531054690261306,0.7205545517458238,0.6203173696722758,0.0,0.0,0.44935908247596557,0.4772727272727273,,19.429684639110572,8
37,diabetes,1,nflow,384,384,384,0.5234917534722222,1.1812440677178029,1.197404117678493,0.4943443080649476,0.5544348564661685,0.0,0.0,0.47139062236464835,0.4772727272727273,,17.421517276506894,8
37,diabetes,1,rtvae,384,384,384,0.5195380316840277,1.2329667982227273,1.260482841217767,0.5441217846971035,0.482596844440261,0.0,0.0,0.4337156350143363,0.4577922077922078,0.0,,8
37,diabetes,1,smote,384,384,384,0.7845594618055556,0.6252802201206309,1.1189813710245824,0.008621782361025133,0.4550917152124365,0.0,0.0,0.7644838927306459,0.7142857142857143,,10.631572501077976,8
37,diabetes,1,tabddpm,384,384,384,0.5703938802083333,1.03517133314566,1.1040704347958692,0.42397177763087746,0.5020551556311545,0.0,0.0,0.4770618991398212,0.4448051948051948,,12.663344664385896,8
37,diabetes,1,tabpfgen,384,384,384,0.5238783094618056,2.411818872297582,2.4343353269112553,1.0418039470763525,1.0850355461765762,0.0,0.0,0.46489711587114185,0.4935064935064935,0.03548177083333333,,8
37,diabetes,1,tvae,384,384,384,0.52227783203125,1.114829380432223,1.137822736783884,0.45375249624425995,0.41828681859105443,0.0,0.0,0.4380376117389104,0.4512987012987013,,17.086628698392637,8
37,diabetes,2,ctgan,384,384,384,0.5174967447916666,2.326691113717372,2.3417193156035543,0.957800327684899,1.0396652265046102,0.0,0.0,0.5319193793219766,0.512987012987013,,28.46865198688407,8
37,diabetes,2,nflow,384,384,384,0.4889933268229167,1.167494758420807,1.1626353920854609,0.5289413683846911,0.48712794773513834,0.0,0.0,0.539277281160398,0.564935064935065,,17.01731279093482,8
37,diabetes,2,rtvae,384,384,384,0.4947035047743055,1.274380089415561,1.2388807952769882,0.5184160926194437,0.564212235503511,0.0,0.0,0.5194383538539383,0.538961038961039,0.0,43.088747994437,8
37,diabetes,2,smote,384,384,384,0.7376912434895834,0.6285014265563513,1.0749619312753342,0.005215417367024646,0.4201295070547223,0.0,0.0,0.7271673132062741,0.7077922077922078,,11.354387273084578,8
37,diabetes,2,tabddpm,384,384,384,0.5504489474826388,1.02561624687245,1.102597982706999,0.43355562447281043,0.42006188409077533,0.0,0.0,0.5655464665204925,0.5811688311688312,,14.05744862576243,8
37,diabetes,2,tabpfgen,384,384,384,0.4792344835069444,2.495821161906892,2.3704107744316403,1.0503875761363846,1.0894602746280295,0.0,0.0,0.5233808399392815,0.551948051948052,0.029296875,,8
37,diabetes,2,tvae,384,384,384,0.5014716254340278,1.1280343980108427,1.1385607091976289,0.44513959518811763,0.45509995383417057,0.0,0.0,0.5004216562658121,0.5194805194805194,,17.087779040839003,8
40982,steel-plates-fault,0,ctgan,970,971,970,0.5056568316221984,3.5441154502671965,3.581471993782331,2.486472986732044,2.4904447862039945,0.0,0.0,0.508841268997768,0.5103092783505154,,404579.7503987764,10
40982,steel-plates-fault,0,nflow,970,971,970,0.5150190578317602,3.084837880706577,3.152777941840841,1.8463928647279302,1.9841892702695827,0.0,0.0,0.5186623179934104,0.5322164948453608,,227957.60063386796,10
40982,steel-plates-fault,0,rtvae,970,971,970,0.5212385998067673,2.237559473605928,2.3177329429312956,0.47789483449354486,0.5442181373257393,0.0,0.0,0.5208344404293761,0.5128865979381443,0.0,,10
40982,steel-plates-fault,0,smote,970,971,970,0.6580462271863421,1.214723297379284,1.7463651115767276,0.032402894551001135,0.22511123885040252,0.0,0.0,0.6695251886491657,0.6108247422680413,,6079.5824795175695,10
40982,steel-plates-fault,0,tabddpm,970,971,970,0.5040886746578614,10.367054726925875,10.452131881943181,7.931901004086574,7.598223162941217,0.0,0.0,0.5205753799553618,0.5193298969072165,0.032783505154639174,,10
40982,steel-plates-fault,0,tabpfgen,970,971,970,0.812340344208861,0.08174202690702406,1.5642495406471386,0.05282791012465264,0.2481155591638075,0.0,0.0,0.8168940641938569,0.7951030927835051,,6637.549431988862,10
40982,steel-plates-fault,0,tvae,970,971,970,0.5153025364434582,2.289578897860381,2.3287159337764725,0.49995247674099685,0.6180460897998089,0.0,0.0,0.5094689924540334,0.5193298969072165,,226141.30086974986,10
40982,steel-plates-fault,1,ctgan,970,971,970,0.4919139584019026,3.966153195217794,3.9700254314569325,2.5130198587152917,2.469067218900256,0.0,0.0,0.507160697204804,0.5128865979381443,,361615.40057216934,10
40982,steel-plates-fault,1,nflow,970,971,970,0.4948920764012019,3.0195732842773113,3.0362592810558735,1.8980190726572521,1.9248687456689981,0.0,0.0,0.4823307471569773,0.47680412371134023,,257931.03854167322,10
40982,steel-plates-fault,1,rtvae,970,971,970,0.521890494441908,2.2296820394654437,2.343152068616106,0.5674850798916834,0.5798528963523789,0.0,0.0,0.5143844988840471,0.5231958762886598,0.0,,10
40982,steel-plates-fault,1,smote,970,971,970,0.6574484801511886,1.123327129774848,1.6949450781202433,0.020842455311676996,0.2229780874023129,0.0,0.0,0.6665792060792858,0.6172680412371134,,5289.924707239849,10
40982,steel-plates-fault,1,tabddpm,970,971,970,0.48511153343879726,10.491469806637056,10.435458199729196,7.130759513688526,6.996811850252885,0.0,0.0,0.49531366245084496,0.5064432989690721,0.04041237113402062,,10
40982,steel-plates-fault,1,tabpfgen,970,971,970,0.8081030290804463,0.08071472449713361,1.5768854785091813,0.05277143224499677,0.25680371475204905,0.0,0.0,0.8322450579232649,0.7873711340206185,,6137.504701595824,10
40982,steel-plates-fault,1,tvae,970,971,970,0.5099238748447238,2.263145602052714,2.267437870780851,0.6571030541287878,0.5885039706514231,0.0,0.0,0.49143771920501644,0.49097938144329895,,204205.63890087442,10
40982,steel-plates-fault,2,ctgan,970,971,970,0.5060432968456369,4.290428133757355,4.366981867056094,2.917251051848183,2.8286727992397984,0.0,0.0,0.5158093314911256,0.5193298969072165,,365878.90700674686,10
40982,steel-plates-fault,2,nflow,970,971,970,0.5174578232664805,2.9121502371826096,3.0043946766740954,1.711245523070644,1.8002938584861001,0.0,0.0,0.5051712456158997,0.5025773195876289,,197958.04374586733,10
40982,steel-plates-fault,2,rtvae,970,971,970,0.5226878443946616,2.1897239338143657,2.265962573195753,0.7445077121201868,0.6566654430246833,0.0,0.0,0.49943205973004573,0.48582474226804123,0.0,,10
40982,steel-plates-fault,2,smote,970,971,970,0.6673351948782741,1.1647618294341675,1.7325114029375484,0.03674165132810223,0.21261322673551292,0.0,0.0,0.6614943139547242,0.6134020618556701,,3580.5349873531895,10
40982,steel-plates-fault,2,tabddpm,970,971,970,0.5012400862114729,9.244479857182263,9.25653496385799,6.671917469101336,7.023624633605256,0.0,0.0,0.4899132479540865,0.4896907216494845,0.04020618556701031,,10
40982,steel-plates-fault,2,tabpfgen,970,971,970,0.8240160531708196,0.07426616546430628,1.5707964936056775,0.04822299266021724,0.23808632748644762,0.0,0.0,0.8279805239664151,0.7860824742268041,,5195.271735760074,10
40982,steel-plates-fault,2,tvae,970,971,970,0.5104218204210772,2.2306962051645858,2.2928599803784824,0.5583528507783733,0.5228720408698941,0.0,0.0,0.4995848389839516,0.5025773195876289,,164413.38129236217,10
40994,climate-model-simulation-crashes,0,ctgan,270,270,270,0.5142386831275719,6.248415277687078,6.2935125871891895,4.25579476384996,4.224207651275448,0.0,0.0,0.5013717421124828,0.5092592592592593,0.001851851851851852,0.31300828064210184,10
40994,climate-model-simulation-crashes,0,nflow,270,270,270,0.5138271604938272,3.643485635372593,3.654618220644652,2.403253054429516,2.7136843700842586,0.0,0.0,0.45378943758573387,0.4861111111111111,,0.25854827790866924,10
40994,climate-model-simulation-crashes,0,rtvae,270,270,270,0.5919067215363512,3.398152587234047,3.498724632950112,2.028188607527223,2.4850151898718766,0.0,0.0,0.5123456790123456,0.5,,0.25849003963250283,10
40994,climate-model-simulation-crashes,0,smote,270,270,270,0.8479149519890261,1.3843054610140206,3.537616936447149,0.04557247116668745,2.6103532235660825,0.0,0.0,0.8700274348422495,0.8472222222222222,,0.19424105553075638,10
40994,climate-model-simulation-crashes,0,tabddpm,270,270,270,0.7596433470507544,3.1112504186162715,3.5452901019858314,1.8820861734426664,2.5450286702971545,0.0,0.0,0.719693072702332,0.6574074074074074,,0.2417363653629554,10
40994,climate-model-simulation-crashes,0,tabpfgen,270,270,270,0.7986556927297669,0.15434032725544033,3.683419828710477,0.09220406134011999,2.7335611559400497,0.0,0.0,0.8354338134430727,0.8055555555555556,,0.15230524828663125,10
40994,climate-model-simulation-crashes,0,tvae,270,270,270,0.5624691358024692,3.486911402191925,3.583077906138801,2.492700407718733,2.5773305301758853,0.0,0.0,0.5420953360768176,0.5324074074074074,,0.25441358140501,10
40994,climate-model-simulation-crashes,1,ctgan,270,270,270,0.5414266117969821,4.0086967872467785,4.117982472896095,2.8074045890187693,2.9800753650666523,0.0,0.0,0.5678583676268861,0.5648148148148148,,0.27597225304505535,10
40994,climate-model-simulation-crashes,1,nflow,270,270,270,0.5448559670781892,3.618366818926763,3.7058538402662373,2.6990073325594537,2.7521306183154195,0.0,0.0,0.5248199588477367,0.5416666666666666,,0.25790562373161074,10
40994,climate-model-simulation-crashes,1,rtvae,270,270,270,0.5791495198902605,3.3490536630080805,3.4580451726492076,2.2898559589618173,2.6898700443279053,0.0,0.0,0.5798611111111112,0.5509259259259259,,0.24819501448897646,10
40994,climate-model-simulation-crashes,1,smote,270,270,270,0.872798353909465,1.3432130613646707,3.5850388239438677,0.023577557792956415,2.629393199280359,0.0,0.0,0.8736282578875171,0.8425925925925926,,0.19070514490759835,10
40994,climate-model-simulation-crashes,1,tabddpm,270,270,270,0.7793278463648834,3.0621563696832124,3.552284627604001,1.5017798998759047,2.5948745421016057,0.0,0.0,0.7431412894375857,0.6944444444444444,,0.2363469990400092,10
40994,climate-model-simulation-crashes,1,tabpfgen,270,270,270,0.8162002743484225,0.17595236785188303,3.707756719832088,0.10256738097872667,2.711762459096668,0.0,0.0,0.8579389574759945,0.8055555555555556,,0.15281428682293424,10
40994,climate-model-simulation-crashes,1,tvae,270,270,270,0.6087654320987654,3.3631921668243017,3.528564032011647,2.361481208079106,2.5153637132763236,0.0,0.0,0.5814900548696845,0.5509259259259259,,0.2507598223894908,10
40994,climate-model-simulation-crashes,2,ctgan,270,270,270,0.550480109739369,4.557046795662389,4.66313814168189,3.071882897737578,3.260306763937429,0.0,0.0,0.5429098079561042,0.5324074074074074,,0.27888458440306263,10
40994,climate-model-simulation-crashes,2,nflow,270,270,270,0.5023182441700961,3.735956652473094,3.714209891655335,2.778242705877022,2.7441238208253265,0.0,0.0,0.5317215363511659,0.5277777777777778,,0.2576196461695272,10
40994,climate-model-simulation-crashes,2,rtvae,270,270,270,0.5999314128943759,3.385840912154314,3.5185976870654123,1.9988742944363693,2.595693244929375,0.0,0.0,0.5722307956104252,0.5648148148148148,,0.2515301031033116,10
40994,climate-model-simulation-crashes,2,smote,270,270,270,0.8645679012345678,1.5673912003489994,3.5960424028558426,0.03125956963166279,2.7493905210038556,0.0,0.0,0.8822873799725651,0.8055555555555556,,0.1941800755991842,10
40994,climate-model-simulation-crashes,2,tabddpm,270,270,270,0.7762277091906722,3.122746895874381,3.5861461053986834,1.9017598413947008,2.468233674189335,0.0,0.0,0.797625171467764,0.7175925925925926,,0.2371393510035059,10
40994,climate-model-simulation-crashes,2,tabpfgen,270,270,270,0.8248422496570645,0.4189175992331433,3.7206151092723383,0.2610078618506305,2.916589508838493,0.0,0.0,0.8011831275720165,0.7916666666666666,,0.1661068415146717,10
40994,climate-model-simulation-crashes,2,tvae,270,270,270,0.5890809327846365,3.4416112453573025,3.532761550570674,2.3337591891431497,2.741973612381991,0.0,0.0,0.5910493827160495,0.5462962962962963,,0.2506553730123659,10
458,analcatdata_authorship,0,ctgan,420,421,420,0.5269369980771406,9.036245032945065,9.17049982160191,7.506685711698641,7.478673651889164,0.0,0.0,0.45121173469387754,0.4851190476190476,,13.106472619047619,10
458,analcatdata_authorship,0,nflow,420,421,420,0.5158013799343966,8.612124876478859,8.68706236424445,7.136858943760294,7.255832626268335,0.0,0.0,0.47365717120181405,0.4851190476190476,,10.304919047619046,10
458,analcatdata_authorship,0,rtvae,420,421,420,0.576665535572899,7.326502015553929,7.611022425175337,5.403388885399394,6.089628186993007,0.0,0.0,0.4983524659863945,0.49702380952380953,0.04690476190476191,,10
458,analcatdata_authorship,0,smote,420,421,420,0.8477547788711683,3.4163769293193753,6.978690897740536,1.339646833974262,5.398431814622361,0.0,0.0,0.8518282312925171,0.8214285714285714,,5.6209428571428575,10
458,analcatdata_authorship,0,tabddpm,420,421,420,0.5040153828752403,24.136050819843646,24.126170207083305,22.646667756294033,22.59152608785086,0.0,0.0,0.4448341836734694,0.4494047619047619,0.023095238095238096,,10
458,analcatdata_authorship,0,tabpfgen,420,421,420,0.8322531387852052,0.14986790101656694,7.50664661134538,0.11845274882521709,6.196057753778466,0.0,0.0,0.8341482426303856,0.8065476190476191,,4.698990302547363,10
458,analcatdata_authorship,0,tvae,420,421,420,0.5380726162198846,7.621405352895115,7.7812859248184765,5.950316539384902,6.153812574659393,0.0,0.0,0.47410005668934246,0.5,,9.820810714285717,10
458,analcatdata_authorship,1,ctgan,420,421,420,0.5045469969460469,11.36251781101975,11.362431913492827,9.321695493788068,9.633251228658096,0.0,0.0,0.45284155328798187,0.46726190476190477,,16.83624880952381,10
458,analcatdata_authorship,1,nflow,420,421,420,0.5018663047166609,8.727047030326442,8.721524509197877,7.167882353884959,7.247733956123506,0.0,0.0,0.45455994897959184,0.4880952380952381,,9.945217857142858,10
458,analcatdata_authorship,1,rtvae,420,421,420,0.5560061079063454,7.396997962035143,7.5505549600561865,5.173743056105727,6.0277744100488135,0.0,0.0,0.4825857426303855,0.49404761904761907,0.04714285714285714,,10
458,analcatdata_authorship,1,smote,420,421,420,0.8548184594502884,3.35538942214216,6.991208488354528,1.392397600963569,5.487225800093141,0.0,0.0,0.8825999149659864,0.8392857142857143,,5.547660714285714,10
458,analcatdata_authorship,1,tabddpm,420,421,420,0.49456509444632957,22.9728034876742,22.92895891763162,20.92062759256209,21.13549823375847,0.0,0.0,0.46083120748299317,0.46130952380952384,0.013095238095238096,,10
458,analcatdata_authorship,1,tabpfgen,420,421,420,0.810038457188101,0.12203529267237158,7.5635901179064025,0.09468083449616685,6.190475410262272,0.0,0.0,0.7914540816326531,0.8035714285714286,,4.851509550396052,10
458,analcatdata_authorship,1,tvae,420,421,420,0.5256305847754779,7.554314706543229,7.551350623213695,5.832280407556014,6.067726614835686,0.0,0.0,0.4360827664399093,0.41964285714285715,,9.768345238095238,10
458,analcatdata_authorship,2,ctgan,420,421,420,0.5046374844474607,11.194926305755299,11.21277815477083,9.256709381743015,9.5575003523021,0.0,0.0,0.47753684807256236,0.46130952380952384,,14.971352380952379,10
458,analcatdata_authorship,2,nflow,420,421,420,0.5222712362854881,8.660070817094244,8.70084314514908,7.206349759132553,7.029372955697561,0.0,0.0,0.4798398526077098,0.4791666666666667,,10.169940476190476,10
458,analcatdata_authorship,2,rtvae,420,421,420,0.5604230290691098,7.373367526158045,7.537668136280993,4.706777855783111,5.955707434484205,0.0,0.0,0.5017892573696145,0.49702380952380953,0.04904761904761905,,10
458,analcatdata_authorship,2,smote,420,421,420,0.8271632168306753,3.4229173811278497,6.919489398384912,1.3750397244870332,5.675723570800327,0.0,0.0,0.8689058956916103,0.8511904761904762,,5.774720238095238,10
458,analcatdata_authorship,2,tabddpm,420,421,420,0.5085793462278023,22.858102094697983,22.907467935487293,21.141405215898427,21.48473134392851,0.0,0.0,0.4651537698412699,0.47023809523809523,0.011190476190476192,,10
458,analcatdata_authorship,2,tabpfgen,420,421,420,0.8079911774686123,0.12227637236394984,7.474051670850307,0.09514778117178313,6.035281399073834,0.0,0.0,0.8150864512471656,0.8035714285714286,,4.992898870762835,10
458,analcatdata_authorship,2,tvae,420,421,420,0.5231987331749801,7.637102916758219,7.697091597810669,5.934809618485493,6.09632788007526,0.0,0.0,0.48786493764172334,0.4880952380952381,,9.995638095238096,10
54,vehicle,0,ctgan,423,423,423,0.4964818447540645,2.8740497564030183,2.8775697802674975,1.8599699707084345,1.8980586797612586,0.0,0.0,0.4853811347024017,0.5014749262536873,,19.270185919353587,10
54,vehicle,0,nflow,423,423,423,0.4997289427650073,2.091075984014501,2.1016863158252272,1.3662319646472993,1.3543715172995296,0.0,0.0,0.4851548903585103,0.49557522123893805,,8.82330367802108,10
54,vehicle,0,rtvae,423,423,423,0.5108953830849108,1.9712379667801958,1.9939777525053868,1.147633225550104,1.0709247001712572,0.0,0.0,0.47678384963452836,0.5132743362831859,0.029314420803782503,,10
54,vehicle,0,smote,423,423,423,0.7886871328851108,0.7536799188720344,1.2914824999292935,0.18026645690123208,0.49060158601995296,0.0,0.0,0.747737556561086,0.6932153392330384,,2.9892938774595863,10
54,vehicle,0,tabddpm,423,423,423,0.5497264278009713,1.464704545006815,1.5560675508857174,0.7931667547942052,0.7640759098456178,0.0,0.0,0.48807866341802997,0.5162241887905604,,4.535708038689003,10
54,vehicle,0,tabpfgen,423,423,423,0.8132052378317658,0.06722272971440015,1.363592284413032,0.03954924299506613,0.6217760024910866,0.0,0.0,0.7922554820744866,0.7640117994100295,,2.5056753640868363,10
54,vehicle,0,tvae,423,423,423,0.49915329544120857,1.8937383121131717,1.878601154182981,1.084800675946347,1.0617432088059682,0.0,0.0,0.48766098155238424,0.49262536873156343,,15.533525755555356,10
54,vehicle,1,ctgan,423,423,423,0.5123708286527058,2.891102985676694,2.931065267424392,1.9881555451591044,1.956407798896872,0.0,0.0,0.4549251653324051,0.4778761061946903,,25.95099699226001,10
54,vehicle,1,nflow,423,423,423,0.5263316734570695,2.1606874708234347,2.1868039667636734,1.2924764754139497,1.4384735214025437,0.0,0.0,0.43259658893143055,0.4424778761061947,,12.273358538706532,10
54,vehicle,1,rtvae,423,423,423,0.5171213162762883,1.9622450489588343,1.9833240662251361,1.1621067150686106,1.072797219022469,0.0,0.0,0.46719457013574656,0.471976401179941,0.029078014184397167,,10
54,vehicle,1,smote,423,423,423,0.7834336524543254,0.6611316571441755,1.3199964234838455,0.18640892554426944,0.5223530332311133,0.0,0.0,0.7574312565262791,0.7345132743362832,,2.871086651001698,10
54,vehicle,1,tabddpm,423,423,423,0.5583555488489848,1.4909913720774506,1.573209921546578,0.7878907279917029,0.7588960715324711,0.0,0.0,0.47492168465019147,0.4778761061946903,,5.061956188909765,10
54,vehicle,1,tabpfgen,423,423,423,0.7888492083452094,0.06730896445131693,1.382179877584416,0.04040202224710332,0.6219286031701372,0.0,0.0,0.8025931082492169,0.7669616519174042,,2.5697261335254313,10
54,vehicle,1,tvae,423,423,423,0.5261919532328465,1.7722167185266602,1.812515852740239,0.9836432345514698,1.05461294014398,0.0,0.0,0.47025757048381484,0.4837758112094395,,13.001580808481709,10
54,vehicle,2,ctgan,423,423,423,0.4774016509341694,2.999739601098769,2.9417761878719775,2.1503591551919867,2.0768861693879552,0.0,0.0,0.4670031326139923,0.4749262536873156,,17.845920497578653,10
54,vehicle,2,nflow,423,423,423,0.4779158213593101,2.1607570936777827,2.1365353445852455,1.3393274806357767,1.2719375938003123,0.0,0.0,0.46639401322659235,0.4837758112094395,,10.734889104414775,10
54,vehicle,2,rtvae,423,423,423,0.5060219416640119,1.9555740084825566,1.9662327452855632,1.082519660194676,1.1351171991222473,0.0,0.0,0.5017577445179255,0.5162241887905604,0.03735224586288416,,10
54,vehicle,2,smote,423,423,423,0.792828440331081,0.7181506342238333,1.3003381795566211,0.18544423121088424,0.5871832813099225,0.0,0.0,0.8189697180647406,0.7315634218289085,,2.8381582611480787,10
54,vehicle,2,tabddpm,423,423,423,0.5412873262579012,1.5032360637168678,1.558648518973394,0.7126582741351268,0.84052497434962,0.0,0.0,0.4900278454577097,0.504424778761062,,4.678083925604243,10
54,vehicle,2,tabpfgen,423,423,423,0.8223485293049199,0.06287671378679578,1.366686584494008,0.039016143072192054,0.6083542133925772,0.0,0.0,0.8354333449356075,0.7964601769911505,,2.398495470397987,10
54,vehicle,2,tvae,423,423,423,0.48961319853126106,1.8240856602572557,1.8194798991909893,0.9542602047063907,0.9715859196438484,0.0,0.0,0.4865471632439958,0.504424778761062,,13.653816040417826,10
