loc,v(g),ev(g),iv(G),N,V,L,D,I,E,B,T,lOCode,lOComment,locCodeAndComment,lOBlank,uniq_Op,uniq_Opnd,total_Op,total_Opnd,branchCount,target
84.0,14.0,1.0,6.0,260.0,1565.82,0.02,45.43,34.47,71132.77,0.52,3951.82,82.0,10,2,57,30.0,35.0,154.0,106.0,23.0,False
14.0,5.0,3.0,3.0,56.0,280.0,0.1,10.11,27.69,2831.11,0.09,157.28,14.0,1,0,1,14.0,18.0,30.0,26.0,9.0,False
11.0,4.0,1.0,2.0,52.0,244.42,0.07,14.0,17.46,3421.92,0.08,190.11,9.0,0,2,5,14.0,12.0,28.0,24.0,7.0,False
16.0,3.0,1.0,2.0,61.0,286.73,0.07,14.0,20.48,4014.18,0.1,223.01,16.0,8,0,7,13.0,13.0,33.0,28.0,5.0,False
13.0,7.0,4.0,7.0,91.0,450.83,0.03,30.08,14.99,13562.53,0.15,753.47,13.0,0,0,2,19.0,12.0,53.0,38.0,13.0,False
24.0,5.0,1.0,4.0,113.0,574.88,0.05,18.2,31.59,10462.88,0.19,581.27,24.0,0,0,3,14.0,20.0,61.0,52.0,9.0,False
11.0,1.0,1.0,1.0,77.0,357.58,0.09,11.0,32.5,3933.35,0.12,218.52,11.0,3,0,3,10.0,15.0,44.0,33.0,1.0,False
9.0,1.0,1.0,1.0,31.0,131.69,0.16,6.11,21.55,804.75,0.04,44.71,9.0,15,0,15,10.0,9.0,20.0,11.0,1.0,False
43.0,13.0,12.0,7.0,254.0,1494.19,0.04,27.69,53.96,41377.61,0.5,2298.76,43.0,0,0,17,20.0,39.0,146.0,108.0,25.0,False
39.0,5.0,1.0,5.0,296.0,1741.26,0.04,25.12,69.33,43734.03,0.58,2429.67,39.0,10,0,15,16.0,43.0,161.0,135.0,9.0,False
49.0,6.0,3.0,4.0,254.0,1535.28,0.03,31.02,49.49,47629.26,0.51,2646.07,49.0,30,0,20,23.0,43.0,138.0,116.0,11.0,False
7.0,3.0,1.0,1.0,29.0,113.3,0.1,9.75,11.62,1104.67,0.04,61.37,7.0,0,0,1,9.0,6.0,16.0,13.0,5.0,False
56.0,1.0,1.0,1.0,327.0,2078.92,0.02,44.27,46.96,92035.5,0.69,5113.08,49.0,1,7,2,34.0,48.0,202.0,125.0,29.0,False
3.0,1.0,1.0,1.0,18.0,68.53,0.22,4.5,15.23,308.4,0.02,17.13,3.0,0,0,2,9.0,5.0,13.0,5.0,1.0,True
5.0,1.0,1.0,1.0,13.0,43.19,0.27,3.75,11.52,161.94,0.01,9.0,4.0,1,1,2,6.0,4.0,8.0,5.0,1.0,False
20.0,7.0,4.0,3.0,127.0,689.14,0.05,20.52,33.58,14141.06,0.23,785.61,20.0,0,0,1,18.0,25.0,70.0,57.0,13.0,False
6.0,1.0,1.0,1.0,16.0,55.35,0.19,5.25,10.54,290.59,0.02,16.14,5.0,1,1,2,7.0,4.0,10.0,6.0,1.0,False
15.0,1.0,1.0,1.0,68.0,288.86,0.09,10.8,26.75,3119.68,0.1,173.32,15.0,0,0,5,9.0,10.0,44.0,24.0,1.0,False
0.0,2.0,1.0,1.0,12.0,39.86,0.33,3.0,13.29,119.59,0.01,6.64,0.0,0,0,0,6.0,4.0,8.0,4.0,3.0,False
22.0,3.0,1.0,2.0,55.0,241.58,0.12,8.64,27.97,2086.35,0.08,115.91,17.0,9,5,7,10.0,11.0,36.0,19.0,5.0,False
5.0,1.0,1.0,1.0,22.0,69.74,0.18,5.63,12.4,392.28,0.02,21.79,5.0,0,0,2,5.0,4.0,13.0,9.0,1.0,False
6.0,1.0,1.0,1.0,11.0,34.87,0.5,2.0,17.43,69.74,0.01,3.87,6.0,0,0,0,4.0,5.0,6.0,5.0,1.0,True
12.0,2.0,1.0,1.0,31.0,114.71,0.17,6.0,19.12,688.28,0.04,38.24,11.0,0,1,1,6.0,7.0,17.0,14.0,3.0,False
40.0,9.0,1.0,5.0,247.0,1508.81,0.03,31.25,48.28,47150.17,0.5,2619.45,40.0,3,0,17,25.0,44.0,137.0,110.0,17.0,False
42.0,11.0,1.0,2.0,136.0,759.55,0.03,29.0,26.19,22027.09,0.25,1223.73,38.0,12,4,27,24.0,24.0,78.0,58.0,19.0,False
6.0,4.0,4.0,2.0,35.0,153.73,0.13,7.7,19.97,1183.73,0.05,65.76,6.0,0,0,3,11.0,10.0,21.0,14.0,7.0,False
19.0,5.0,1.0,2.0,91.0,437.47,0.04,24.81,17.63,10852.6,0.15,602.92,16.0,1,3,5,15.0,13.0,48.0,43.0,9.0,False
6.0,3.0,1.0,1.0,21.0,75.28,0.2,4.9,15.36,368.89,0.03,20.49,6.0,0,0,0,7.0,5.0,14.0,7.0,5.0,False
8.0,3.0,1.0,3.0,57.0,279.69,0.09,11.38,24.59,3181.51,0.09,176.75,8.0,0,0,0,14.0,16.0,31.0,26.0,5.0,False
7.0,1.0,1.0,1.0,28.0,114.45,0.24,4.2,27.25,480.69,0.04,26.7,7.0,9,0,6,7.0,10.0,16.0,12.0,1.0,False
37.0,8.0,3.0,7.0,250.0,1561.98,0.04,24.23,64.45,37848.02,0.52,2102.67,37.0,5,0,18,24.0,52.0,145.0,105.0,15.0,False
42.0,6.0,1.0,3.0,242.0,1386.16,0.03,38.68,35.84,53612.97,0.46,2978.5,40.0,16,2,14,22.0,31.0,133.0,109.0,11.0,False
103.0,19.0,6.0,7.0,716.0,4670.87,0.02,43.99,106.19,205454.31,1.56,11414.13,101.0,37,2,31,19.0,73.0,378.0,338.0,37.0,False
0.0,1.0,1.0,1.0,2.0,2.0,0.0,0.0,0.0,0.0,0.0,0.0,0.0,0,0,0,2.0,0.0,2.0,0.0,1.0,False
24.0,7.0,4.0,5.0,93.0,504.64,0.06,15.65,32.24,7898.75,0.17,438.82,22.0,0,2,8,20.0,23.0,57.0,36.0,11.0,False
8.0,1.0,1.0,1.0,14.0,46.51,0.33,3.0,15.5,139.52,0.02,7.75,8.0,0,0,1,5.0,5.0,8.0,6.0,1.0,False
23.0,6.0,1.0,1.0,141.0,765.1,0.03,30.07,25.45,23005.27,0.26,1278.07,21.0,9,2,13,21.0,22.0,78.0,63.0,11.0,False
7.0,2.0,1.0,1.0,25.0,100.0,0.08,12.1,8.26,1210.0,0.03,67.22,7.0,0,0,1,11.0,5.0,14.0,11.0,3.0,False
50.0,3.0,1.0,2.0,440.0,2856.42,0.04,28.0,102.01,79979.63,0.95,4443.31,50.0,13,0,17,20.0,70.0,244.0,196.0,5.0,False
4.0,2.0,1.0,2.0,26.0,104.0,0.11,8.8,11.82,915.2,0.03,50.84,4.0,0,0,0,11.0,5.0,18.0,8.0,3.0,False
10.0,1.0,1.0,1.0,40.0,166.8,0.27,3.65,45.65,609.45,0.06,33.86,8.0,3,2,2,5.0,13.0,21.0,19.0,1.0,False
19.0,4.0,1.0,4.0,91.0,466.76,0.08,13.0,35.9,6067.94,0.16,337.11,19.0,0,0,11,14.0,21.0,52.0,39.0,7.0,False
8.0,4.0,3.0,3.0,36.0,144.0,0.1,10.0,14.4,1440.0,0.05,80.0,8.0,0,0,1,10.0,6.0,24.0,12.0,7.0,False
8.0,2.0,1.0,2.0,29.0,116.0,0.1,10.0,11.6,1160.0,0.04,64.44,8.0,0,0,2,10.0,6.0,17.0,12.0,3.0,False
58.0,6.0,1.0,3.0,314.0,1961.85,0.05,20.0,98.09,39236.98,0.65,2179.83,58.0,17,0,18,16.0,60.0,164.0,150.0,11.0,True
13.0,4.0,4.0,1.0,41.0,185.47,0.1,10.4,17.83,1928.85,0.06,107.16,13.0,0,0,5,13.0,10.0,25.0,16.0,7.0,False
49.0,10.0,7.0,7.0,168.0,1022.69,0.05,21.36,47.89,21841.82,0.34,1213.43,43.0,11,6,30,26.0,42.0,99.0,69.0,18.0,False
19.0,6.0,6.0,4.0,69.0,341.84,0.06,16.0,21.36,5469.43,0.11,303.86,18.0,0,1,1,16.0,15.0,39.0,30.0,11.0,False
4.0,1.0,1.0,1.0,11.0,34.87,0.4,2.5,13.95,87.17,0.01,4.84,4.0,3,0,3,5.0,4.0,7.0,4.0,1.0,False
3.0,1.0,1.0,1.0,4.0,8.0,0.67,1.5,5.33,12.0,0.0,0.67,3.0,0,0,0,3.0,1.0,3.0,1.0,1.0,False
4.0,1.0,1.0,1.0,9.0,28.53,0.33,3.0,9.51,85.59,0.01,4.75,4.0,0,0,0,6.0,3.0,6.0,3.0,1.0,False
10.0,2.0,1.0,2.0,33.0,137.61,0.25,4.0,34.4,550.43,0.05,30.58,10.0,0,0,4,6.0,12.0,17.0,16.0,3.0,False
17.0,5.0,1.0,4.0,110.0,581.39,0.04,23.68,24.55,13769.86,0.19,764.99,17.0,0,0,0,20.0,19.0,65.0,45.0,9.0,False
18.0,8.0,3.0,5.0,131.0,697.17,0.04,27.6,25.26,19238.64,0.23,1068.81,18.0,0,0,3,19.0,21.0,70.0,61.0,15.0,False
76.0,8.0,1.0,4.0,473.0,2946.23,0.04,26.51,111.14,78099.28,0.98,4338.85,76.0,13,0,48,14.0,61.0,242.0,231.0,15.0,False
6.0,2.0,1.0,1.0,29.0,120.93,0.13,7.5,16.12,906.96,0.04,50.39,5.0,7,1,9,10.0,8.0,17.0,12.0,3.0,False
7.0,2.0,1.0,2.0,20.0,76.15,0.2,5.0,15.23,380.74,0.03,21.15,7.0,2,0,1,7.0,7.0,10.0,10.0,3.0,False
18.0,8.0,5.0,5.0,111.0,613.12,0.04,22.92,26.75,14050.56,0.2,780.59,18.0,0,0,1,22.0,24.0,61.0,50.0,15.0,False
6.0,4.0,4.0,1.0,32.0,135.93,0.1,9.63,14.12,1308.36,0.05,72.69,6.0,0,0,0,11.0,8.0,18.0,14.0,7.0,False
17.0,3.0,1.0,3.0,66.0,302.61,0.08,12.69,23.84,3840.79,0.1,213.38,17.0,0,0,2,11.0,13.0,36.0,30.0,5.0,False
11.0,1.0,1.0,1.0,55.0,220.0,0.22,4.5,48.89,990.0,0.07,55.0,11.0,0,0,4,4.0,12.0,28.0,27.0,1.0,False
4.0,1.0,1.0,1.0,15.0,51.89,0.28,3.6,14.41,186.81,0.02,10.38,4.0,0,0,3,6.0,5.0,9.0,6.0,1.0,False
8.0,3.0,1.0,2.0,39.0,168.56,0.07,13.93,12.1,2347.73,0.06,130.43,8.0,0,0,2,13.0,7.0,24.0,15.0,5.0,False
5.0,1.0,1.0,1.0,14.0,46.51,0.27,3.75,12.4,174.4,0.02,9.69,4.0,3,1,0,6.0,4.0,9.0,5.0,1.0,False
23.0,6.0,5.0,2.0,96.0,461.51,0.04,25.38,18.18,11715.15,0.15,650.84,23.0,0,0,1,15.0,13.0,52.0,44.0,11.0,False
12.0,2.0,1.0,2.0,43.0,194.51,0.1,9.82,19.81,1909.77,0.06,106.1,12.0,0,0,6,12.0,11.0,25.0,18.0,3.0,False
12.0,3.0,1.0,3.0,36.0,152.93,0.12,8.33,18.35,1274.38,0.05,70.8,12.0,0,0,2,10.0,9.0,21.0,15.0,5.0,False
602.0,136.0,123.0,123.0,2785.0,25942.69,0.01,105.26,246.47,2730637.23,8.65,151702.06,600.0,40,2,225,99.0,538.0,1641.0,1144.0,236.0,True
11.0,1.0,1.0,1.0,22.0,85.95,0.17,6.0,14.33,515.71,0.03,28.65,11.0,0,0,1,9.0,6.0,14.0,8.0,1.0,False
5.0,2.0,1.0,1.0,20.0,81.75,0.14,7.33,11.15,599.49,0.03,33.31,5.0,0,0,7,11.0,6.0,12.0,8.0,3.0,False
10.0,3.0,1.0,1.0,31.0,142.13,0.09,10.83,13.12,1539.78,0.05,85.54,10.0,0,0,2,15.0,9.0,18.0,13.0,5.0,False
88.0,34.0,15.0,22.0,466.0,3109.35,0.02,44.8,69.41,139298.89,1.04,7738.83,88.0,1,0,9,32.0,70.0,270.0,196.0,59.0,False
5.0,3.0,3.0,1.0,17.0,62.91,0.21,4.8,13.11,301.96,0.02,16.78,5.0,0,0,0,8.0,5.0,11.0,6.0,5.0,False
5.0,1.0,1.0,1.0,12.0,41.51,0.33,3.0,13.84,124.54,0.01,6.92,5.0,0,0,1,6.0,5.0,7.0,5.0,1.0,False
14.0,3.0,1.0,1.0,46.0,218.72,0.08,12.5,17.5,2734.06,0.07,151.89,13.0,3,1,2,15.0,12.0,26.0,20.0,5.0,True
7.0,1.0,1.0,1.0,28.0,114.45,0.24,4.2,27.25,480.69,0.04,26.7,7.0,9,0,6,7.0,10.0,16.0,12.0,1.0,False
23.0,6.0,6.0,1.0,116.0,604.3,0.04,25.29,23.89,15285.15,0.2,849.17,23.0,0,0,1,20.0,17.0,73.0,43.0,11.0,False
10.0,1.0,1.0,1.0,25.0,97.67,0.27,3.67,26.64,358.13,0.03,19.9,8.0,2,2,6,6.0,9.0,14.0,11.0,1.0,False
91.0,15.0,1.0,15.0,382.0,2300.54,0.02,47.92,48.01,110234.42,0.77,6124.13,90.0,0,1,21,23.0,42.0,207.0,175.0,16.0,False
15.0,3.0,1.0,3.0,50.0,242.9,0.12,8.4,28.92,2040.35,0.08,113.35,14.0,0,1,5,14.0,15.0,32.0,18.0,4.0,False
12.0,2.0,1.0,2.0,23.0,94.01,0.25,4.0,23.5,376.05,0.03,20.89,12.0,3,0,2,8.0,9.0,14.0,9.0,3.0,False
48.0,3.0,1.0,2.0,248.0,1470.82,0.03,33.59,43.78,49408.04,0.49,2744.89,37.0,27,11,23,23.0,38.0,137.0,111.0,5.0,True
65.0,35.0,19.0,11.0,526.0,3502.22,0.02,49.5,70.75,173359.85,1.17,9631.1,65.0,0,0,5,33.0,68.0,322.0,204.0,69.0,False
15.0,1.0,1.0,1.0,48.0,210.83,0.12,8.18,25.77,1724.98,0.07,95.83,15.0,12,0,14,10.0,11.0,30.0,18.0,1.0,False
17.0,1.0,1.0,1.0,102.0,550.02,0.07,13.54,40.63,7446.38,0.18,413.69,16.0,9,1,12,16.0,26.0,58.0,44.0,1.0,True
4.0,1.0,1.0,1.0,7.0,19.65,0.4,2.5,7.86,49.13,0.01,2.73,4.0,0,0,0,5.0,2.0,5.0,2.0,1.0,False
18.0,5.0,1.0,2.0,92.0,455.79,0.07,14.08,32.36,6418.99,0.15,356.61,18.0,0,0,3,13.0,18.0,53.0,39.0,9.0,False
5.0,1.0,1.0,1.0,11.0,34.87,0.19,5.25,6.64,183.06,0.01,10.17,5.0,0,0,2,7.0,2.0,8.0,3.0,1.0,False
13.0,2.0,1.0,2.0,69.0,331.71,0.09,11.7,28.35,3880.98,0.11,215.61,13.0,2,0,5,13.0,15.0,42.0,27.0,3.0,False
39.0,6.0,3.0,4.0,133.0,779.11,0.06,15.89,49.03,12381.56,0.26,687.86,39.0,11,0,8,21.0,37.0,77.0,56.0,11.0,False
11.0,5.0,3.0,4.0,77.0,361.93,0.04,23.86,15.17,8637.06,0.12,479.84,11.0,0,0,3,15.0,11.0,42.0,35.0,9.0,False
144.0,25.0,19.0,22.0,751.0,5239.94,0.02,40.59,129.08,212710.32,1.75,11817.24,142.0,1,2,10,25.0,101.0,423.0,328.0,49.0,False
10.0,2.0,1.0,1.0,68.0,311.78,0.15,6.79,45.89,2118.25,0.1,117.68,10.0,9,0,2,7.0,17.0,35.0,33.0,3.0,False
10.0,5.0,3.0,1.0,42.0,164.09,0.05,19.25,8.52,3158.72,0.05,175.48,10.0,0,0,1,11.0,4.0,28.0,14.0,9.0,False
24.0,8.0,3.0,2.0,136.0,660.69,0.02,43.21,15.29,28547.12,0.22,1585.95,24.0,0,0,0,17.0,12.0,75.0,61.0,15.0,False
14.0,6.0,4.0,2.0,74.0,366.61,0.04,22.73,16.12,8332.05,0.12,462.89,14.0,1,0,1,20.0,11.0,49.0,25.0,11.0,False
44.0,6.0,1.0,3.0,202.0,1183.31,0.06,16.4,72.17,19400.82,0.39,1077.82,44.0,15,0,15,15.0,43.0,108.0,94.0,11.0,False
42.0,7.0,1.0,7.0,156.0,880.44,0.04,24.62,35.76,21677.08,0.29,1204.28,42.0,7,0,14,21.0,29.0,88.0,68.0,9.0,False
15.0,3.0,1.0,3.0,60.0,300.0,0.1,10.11,29.67,3033.33,0.1,168.52,15.0,2,0,8,14.0,18.0,34.0,26.0,5.0,False
75.0,54.0,25.0,24.0,694.0,4640.43,0.01,74.54,62.26,345890.61,1.55,19216.15,75.0,0,0,1,38.0,65.0,439.0,255.0,107.0,False
19.0,3.0,1.0,2.0,161.0,899.18,0.06,15.45,58.18,13896.4,0.3,772.02,19.0,13,0,12,15.0,33.0,93.0,68.0,5.0,False
26.0,4.0,1.0,1.0,185.0,1015.99,0.05,21.56,47.13,21902.46,0.34,1216.8,26.0,0,0,1,19.0,26.0,126.0,59.0,7.0,False
3.0,3.0,1.0,2.0,32.0,135.93,0.11,8.89,15.29,1208.3,0.05,67.13,3.0,0,0,0,10.0,9.0,16.0,16.0,5.0,False
25.0,8.0,1.0,4.0,110.0,611.0,0.08,12.13,50.38,7410.9,0.2,411.72,20.0,9,5,3,16.0,31.0,63.0,47.0,15.0,True
29.0,9.0,9.0,5.0,136.0,723.78,0.07,15.35,47.16,11107.27,0.24,617.07,29.0,2,0,15,14.0,26.0,79.0,57.0,17.0,False
32.0,6.0,1.0,5.0,186.0,1116.0,0.03,30.72,36.33,34286.0,0.37,1904.78,30.0,6,2,11,28.0,36.0,107.0,79.0,11.0,True
7.0,1.0,1.0,1.0,33.0,140.18,0.16,6.3,22.25,883.14,0.05,49.06,7.0,0,0,1,9.0,10.0,19.0,14.0,1.0,False
5.0,1.0,1.0,1.0,12.0,41.51,0.33,3.0,13.84,124.54,0.01,6.92,5.0,0,0,0,6.0,5.0,7.0,5.0,1.0,False
7.0,2.0,1.0,2.0,24.0,100.08,0.18,5.63,17.79,562.94,0.03,31.27,7.0,1,0,2,10.0,8.0,15.0,9.0,3.0,False
6.0,1.0,1.0,1.0,28.0,109.39,0.18,5.69,19.23,622.17,0.04,34.57,4.0,0,2,3,7.0,8.0,15.0,13.0,1.0,False
7.0,3.0,1.0,3.0,47.0,203.13,0.09,11.5,17.66,2336.0,0.07,129.78,7.0,0,0,0,10.0,10.0,24.0,23.0,5.0,False
6.0,4.0,4.0,1.0,26.0,96.21,0.08,13.33,7.22,1282.82,0.03,71.27,6.0,0,0,2,10.0,3.0,18.0,8.0,7.0,False
6.0,1.0,1.0,1.0,10.0,30.0,0.22,4.5,6.67,135.0,0.01,7.5,6.0,0,0,2,6.0,2.0,7.0,3.0,1.0,False
20.0,7.0,7.0,4.0,91.0,477.56,0.05,19.0,25.13,9073.67,0.16,504.09,20.0,3,0,2,19.0,19.0,53.0,38.0,13.0,False
10.0,1.0,1.0,1.0,37.0,167.37,0.14,7.09,23.6,1186.82,0.06,65.93,10.0,19,0,11,12.0,11.0,24.0,13.0,1.0,False
9.0,1.0,1.0,1.0,25.0,92.51,0.5,2.0,46.26,185.02,0.03,10.28,9.0,0,0,2,4.0,9.0,16.0,9.0,1.0,False
50.0,19.0,11.0,12.0,294.0,1757.32,0.03,36.22,48.52,63649.28,0.59,3536.07,46.0,0,4,3,22.0,41.0,159.0,135.0,37.0,False
63.0,17.0,9.0,7.0,429.0,2843.99,0.03,32.0,88.87,91007.81,0.95,5055.99,57.0,6,6,5,24.0,75.0,229.0,200.0,33.0,True
32.0,7.0,6.0,3.0,182.0,1021.88,0.03,29.66,34.46,30303.94,0.34,1683.55,32.0,6,0,11,20.0,29.0,96.0,86.0,13.0,False
16.0,4.0,1.0,1.0,60.0,278.63,0.05,21.0,13.27,5851.26,0.09,325.07,16.0,0,0,1,15.0,10.0,32.0,28.0,7.0,False
7.0,6.0,5.0,1.0,39.0,156.0,0.06,16.5,9.45,2574.0,0.05,143.0,7.0,0,0,2,12.0,4.0,28.0,11.0,11.0,False
14.0,1.0,1.0,1.0,99.0,499.4,0.08,12.86,38.84,6420.79,0.17,356.71,14.0,10,0,22,12.0,21.0,54.0,45.0,1.0,False
12.0,2.0,1.0,2.0,41.0,187.98,0.16,6.07,30.96,1141.33,0.06,63.41,12.0,0,0,8,10.0,14.0,24.0,17.0,3.0,False
11.0,5.0,5.0,1.0,42.0,171.67,0.05,20.4,8.42,3502.14,0.06,194.56,11.0,0,0,1,12.0,5.0,25.0,17.0,9.0,False
21.0,3.0,1.0,3.0,126.0,651.41,0.06,16.43,39.65,10701.74,0.22,594.54,21.0,0,0,6,15.0,21.0,80.0,46.0,5.0,False
4.0,2.0,1.0,1.0,14.0,48.43,0.16,6.13,7.91,296.65,0.02,16.48,4.0,0,0,0,7.0,4.0,7.0,7.0,3.0,False
13.0,4.0,3.0,2.0,61.0,310.34,0.05,20.17,15.39,6258.43,0.1,347.69,13.0,0,0,1,22.0,12.0,39.0,22.0,7.0,False
5.0,2.0,1.0,1.0,18.0,64.53,0.17,6.0,10.75,387.18,0.02,21.51,5.0,0,0,1,8.0,4.0,12.0,6.0,3.0,False
24.0,1.0,1.0,1.0,186.0,938.26,0.05,21.75,43.14,20407.1,0.31,1133.73,24.0,0,0,2,11.0,22.0,99.0,87.0,1.0,False
10.0,5.0,5.0,5.0,49.0,230.32,0.06,16.0,14.4,3685.14,0.08,204.73,10.0,2,0,1,16.0,10.0,29.0,20.0,9.0,False
9.0,1.0,1.0,1.0,31.0,131.69,0.16,6.11,21.55,804.75,0.04,44.71,9.0,13,0,9,10.0,9.0,20.0,11.0,1.0,False
13.0,4.0,1.0,3.0,88.0,454.95,0.04,27.3,16.66,12420.23,0.15,690.01,13.0,0,0,3,21.0,15.0,49.0,39.0,7.0,False
7.0,2.0,1.0,2.0,16.0,57.36,0.33,3.0,19.12,172.08,0.02,9.56,7.0,0,0,2,6.0,6.0,10.0,6.0,3.0,False
32.0,9.0,1.0,7.0,98.0,498.57,0.1,9.8,50.85,4888.17,0.17,271.56,32.0,4,0,13,11.0,23.0,57.0,41.0,17.0,False
8.0,1.0,1.0,1.0,33.0,142.62,0.21,4.67,30.56,665.58,0.05,36.98,8.0,12,0,8,8.0,12.0,19.0,14.0,1.0,False
3.0,1.0,1.0,1.0,7.0,19.65,0.5,2.0,9.83,39.3,0.01,2.18,3.0,1,0,1,4.0,3.0,4.0,3.0,1.0,False
31.0,3.0,1.0,1.0,252.0,1517.64,0.06,17.4,87.22,26406.88,0.51,1467.05,31.0,27,0,11,15.0,50.0,136.0,116.0,5.0,False
10.0,1.0,1.0,1.0,42.0,175.14,0.11,9.38,18.68,1641.91,0.06,91.22,10.0,0,0,1,10.0,8.0,27.0,15.0,1.0,False
10.0,3.0,3.0,2.0,51.0,250.25,0.09,11.0,22.75,2752.77,0.08,152.93,10.0,0,0,1,15.0,15.0,29.0,22.0,5.0,False
12.0,1.0,1.0,1.0,111.0,479.73,0.09,10.71,44.78,5140.01,0.16,285.56,12.0,0,0,3,6.0,14.0,61.0,50.0,1.0,False
11.0,5.0,4.0,1.0,38.0,152.0,0.05,21.0,7.24,3192.0,0.05,177.33,11.0,0,0,2,12.0,4.0,24.0,14.0,9.0,False
36.0,10.0,1.0,6.0,151.0,856.54,0.07,14.58,58.73,12491.15,0.29,693.95,36.0,0,0,3,15.0,36.0,81.0,70.0,19.0,False
27.0,3.0,1.0,3.0,110.0,554.88,0.08,12.29,45.16,6817.14,0.18,378.73,27.0,1,0,4,12.0,21.0,67.0,43.0,5.0,False
4.0,1.0,1.0,1.0,19.0,74.23,0.14,7.0,10.6,519.62,0.02,28.87,4.0,0,0,1,10.0,5.0,12.0,7.0,1.0,False
0.0,1.0,1.0,1.0,2.0,2.0,0.0,0.0,0.0,0.0,0.0,0.0,0.0,0,0,0,2.0,0.0,2.0,0.0,1.0,False
11.0,5.0,3.0,1.0,63.0,288.85,0.06,17.14,16.86,4949.88,0.1,274.99,11.0,0,0,0,13.0,11.0,34.0,29.0,9.0,False
0.0,1.0,1.0,1.0,2.0,2.0,0.0,0.0,0.0,0.0,0.0,0.0,0.0,0,0,0,2.0,0.0,2.0,0.0,1.0,False
10.0,5.0,1.0,2.0,66.0,320.63,0.04,23.38,13.72,7494.65,0.11,416.37,9.0,3,1,2,17.0,12.0,33.0,33.0,9.0,False
10.0,2.0,1.0,1.0,27.0,105.49,0.08,12.0,8.79,1265.83,0.04,70.32,10.0,0,0,3,10.0,5.0,15.0,12.0,3.0,False
46.0,10.0,3.0,9.0,335.0,2174.77,0.04,27.5,79.08,59806.2,0.72,3322.57,46.0,7,0,20,25.0,65.0,192.0,143.0,19.0,False
16.0,2.0,1.0,2.0,73.0,347.11,0.14,7.37,47.11,2557.63,0.12,142.09,16.0,0,0,8,8.0,19.0,38.0,35.0,3.0,False
21.0,10.0,7.0,5.0,122.0,649.28,0.05,20.33,31.94,13197.22,0.22,733.18,20.0,0,1,1,17.0,23.0,67.0,55.0,19.0,False
6.0,1.0,1.0,1.0,25.0,83.05,0.25,4.0,20.76,332.19,0.03,18.46,6.0,0,0,1,4.0,6.0,13.0,12.0,1.0,False
13.0,3.0,3.0,3.0,53.0,249.12,0.08,12.83,19.41,3197.08,0.08,177.62,13.0,0,0,1,14.0,12.0,31.0,22.0,5.0,False
29.0,5.0,1.0,5.0,136.0,759.55,0.09,11.51,65.97,8745.73,0.25,485.87,24.0,10,5,2,13.0,35.0,74.0,62.0,9.0,False
81.0,19.0,1.0,18.0,304.0,1881.71,0.02,45.39,41.45,85416.04,0.63,4745.34,80.0,8,1,32,31.0,42.0,181.0,123.0,24.0,False
0.0,1.0,1.0,1.0,2.0,2.0,0.0,0.0,0.0,0.0,0.0,0.0,0.0,0,0,0,2.0,0.0,2.0,0.0,1.0,False
12.0,4.0,1.0,2.0,66.0,317.29,0.05,20.67,15.35,6557.23,0.11,364.29,12.0,0,0,0,16.0,12.0,35.0,31.0,7.0,False
30.0,11.0,6.0,3.0,158.0,803.82,0.03,32.0,25.12,25722.21,0.27,1429.01,28.0,4,2,2,16.0,18.0,86.0,72.0,21.0,False
6.0,1.0,1.0,1.0,18.0,72.0,0.15,6.6,10.91,475.2,0.02,26.4,6.0,0,0,1,11.0,5.0,12.0,6.0,1.0,False
83.0,20.0,15.0,7.0,325.0,2115.03,0.02,40.4,52.36,85440.05,0.71,4746.67,80.0,22,3,32,33.0,58.0,183.0,142.0,39.0,False
16.0,1.0,1.0,1.0,54.0,244.27,0.12,8.08,30.24,1972.97,0.08,109.61,16.0,12,0,11,10.0,13.0,33.0,21.0,1.0,False
19.0,6.0,3.0,2.0,87.0,408.94,0.04,23.33,17.53,9541.89,0.14,530.11,19.0,0,0,4,14.0,12.0,47.0,40.0,11.0,False
4.0,1.0,1.0,1.0,13.0,41.21,0.42,2.4,17.17,98.9,0.01,5.49,4.0,2,0,1,4.0,5.0,7.0,6.0,1.0,False
21.0,5.0,5.0,3.0,111.0,582.52,0.04,24.0,24.27,13980.48,0.19,776.69,21.0,0,0,1,19.0,19.0,63.0,48.0,9.0,False
12.0,3.0,1.0,1.0,56.0,256.76,0.08,12.0,21.4,3081.09,0.09,171.17,11.0,3,1,4,12.0,12.0,32.0,24.0,5.0,False
33.0,9.0,4.0,5.0,223.0,1338.0,0.03,39.36,34.0,52659.86,0.45,2925.55,28.0,1,5,1,29.0,35.0,128.0,95.0,15.0,False
70.0,16.0,5.0,8.0,407.0,2565.64,0.02,56.02,45.8,143728.13,0.86,7984.9,68.0,7,2,18,30.0,49.0,224.0,183.0,27.0,False
21.0,9.0,4.0,7.0,94.0,470.0,0.04,23.8,19.75,11186.0,0.16,621.44,18.0,0,3,2,17.0,15.0,52.0,42.0,15.0,False
8.0,3.0,3.0,2.0,28.0,121.01,0.1,10.21,11.85,1236.07,0.04,68.67,8.0,0,0,1,13.0,7.0,17.0,11.0,5.0,False
38.0,6.0,6.0,6.0,244.0,1447.1,0.05,21.71,66.64,31422.74,0.48,1745.71,38.0,6,0,20,19.0,42.0,148.0,96.0,11.0,True
12.0,2.0,1.0,1.0,27.0,112.59,0.16,6.25,18.01,703.67,0.04,39.09,12.0,0,0,2,10.0,8.0,17.0,10.0,3.0,False
7.0,1.0,1.0,1.0,31.0,129.27,0.24,4.14,31.25,534.7,0.04,29.71,7.0,9,0,5,7.0,11.0,18.0,13.0,1.0,False
22.0,14.0,9.0,1.0,102.0,500.5,0.03,31.95,15.66,15993.34,0.17,888.52,21.0,4,1,4,19.0,11.0,65.0,37.0,27.0,False
66.0,28.0,22.0,17.0,366.0,2358.12,0.02,46.25,50.98,109073.64,0.79,6059.65,66.0,7,0,8,32.0,55.0,207.0,159.0,52.0,False
33.0,4.0,1.0,4.0,158.0,882.42,0.03,28.98,30.45,25572.65,0.29,1420.7,31.0,12,2,24,23.0,25.0,95.0,63.0,7.0,False
10.0,2.0,1.0,2.0,29.0,120.93,0.15,6.5,18.6,786.03,0.04,43.67,10.0,0,0,0,9.0,9.0,16.0,13.0,3.0,False
67.0,37.0,18.0,18.0,469.0,3102.3,0.02,54.89,56.51,170295.87,1.03,9460.88,67.0,0,0,1,37.0,61.0,288.0,181.0,73.0,False
8.0,1.0,1.0,1.0,31.0,111.13,0.14,7.0,15.88,777.94,0.04,43.22,8.0,0,0,0,7.0,5.0,21.0,10.0,1.0,False
12.0,4.0,3.0,3.0,51.0,239.72,0.08,12.83,18.68,3076.44,0.08,170.91,12.0,0,0,1,14.0,12.0,29.0,22.0,7.0,False
11.0,1.0,1.0,1.0,41.0,190.4,0.14,6.92,27.5,1318.14,0.06,73.23,11.0,18,0,11,12.0,13.0,26.0,15.0,1.0,False
7.0,4.0,4.0,1.0,32.0,135.93,0.1,9.63,14.12,1308.36,0.05,72.69,7.0,0,0,1,11.0,8.0,18.0,14.0,7.0,False
17.0,2.0,1.0,1.0,76.0,333.82,0.06,16.82,19.85,5614.18,0.11,311.9,17.0,0,0,1,10.0,11.0,39.0,37.0,3.0,False
27.0,5.0,1.0,3.0,142.0,728.36,0.04,22.33,32.61,16266.67,0.24,903.7,27.0,3,0,12,14.0,21.0,75.0,67.0,9.0,False
6.0,2.0,1.0,2.0,11.0,33.0,0.5,2.0,16.5,66.0,0.01,3.67,6.0,0,0,2,4.0,4.0,7.0,4.0,3.0,False
72.0,26.0,13.0,1.0,425.0,2694.44,0.02,40.21,67.01,108344.7,0.9,6019.15,72.0,13,0,23,24.0,57.0,234.0,191.0,51.0,False
31.0,1.0,1.0,1.0,225.0,1282.6,0.05,18.97,67.6,24335.63,0.43,1351.98,31.0,2,0,9,14.0,38.0,122.0,103.0,1.0,False
22.0,8.0,8.0,1.0,83.0,385.44,0.04,25.5,15.12,9828.72,0.13,546.04,22.0,0,0,2,15.0,10.0,49.0,34.0,15.0,False
23.0,7.0,7.0,4.0,104.0,524.62,0.06,15.84,33.12,8311.04,0.17,461.72,23.0,0,0,11,14.0,19.0,61.0,43.0,13.0,False
23.0,1.0,1.0,1.0,159.0,802.06,0.05,21.45,37.39,17204.16,0.27,955.79,23.0,8,0,8,13.0,20.0,93.0,66.0,1.0,False
36.0,9.0,5.0,5.0,112.0,618.64,0.08,12.0,51.55,7423.67,0.21,412.43,28.0,6,8,14,16.0,30.0,67.0,45.0,17.0,False
17.0,6.0,6.0,3.0,74.0,359.49,0.04,23.38,15.38,8403.09,0.12,466.84,17.0,0,0,1,17.0,12.0,41.0,33.0,11.0,False
45.0,12.0,1.0,5.0,221.0,1359.09,0.03,28.6,47.52,38870.09,0.45,2159.45,43.0,2,2,4,26.0,45.0,122.0,99.0,20.0,False
45.0,5.0,1.0,3.0,128.0,736.63,0.07,14.66,50.26,10796.83,0.25,599.82,36.0,0,9,1,19.0,35.0,74.0,54.0,13.0,False
32.0,7.0,1.0,3.0,120.0,642.91,0.06,16.96,37.91,10903.69,0.21,605.76,32.0,8,0,19,16.0,25.0,67.0,53.0,13.0,False
37.0,6.0,1.0,2.0,97.0,541.74,0.07,13.93,38.89,7545.68,0.18,419.2,37.0,0,0,4,20.0,28.0,58.0,39.0,11.0,False
11.0,7.0,1.0,3.0,69.0,303.07,0.04,26.81,11.3,8126.06,0.1,451.45,11.0,1,0,0,13.0,8.0,36.0,33.0,13.0,False
14.0,7.0,1.0,2.0,82.0,430.33,0.07,14.55,29.59,6259.35,0.14,347.74,14.0,0,0,1,16.0,22.0,42.0,40.0,13.0,False
5.0,1.0,1.0,1.0,11.0,34.87,0.5,2.0,17.43,69.74,0.01,3.87,5.0,0,0,0,4.0,5.0,6.0,5.0,1.0,True
23.0,1.0,1.0,1.0,170.0,857.55,0.05,18.25,46.99,15650.23,0.29,869.46,23.0,11,0,8,11.0,22.0,97.0,73.0,1.0,False
22.0,3.0,1.0,3.0,72.0,360.0,0.12,8.64,41.65,3111.43,0.12,172.86,21.0,0,1,1,11.0,21.0,39.0,33.0,5.0,False
40.0,6.0,3.0,6.0,273.0,1735.61,0.03,31.11,55.79,53996.81,0.58,2999.82,40.0,7,0,18,28.0,54.0,153.0,120.0,11.0,False
0.0,1.0,1.0,1.0,1.0,0.0,0.0,0.0,0.0,0.0,0.0,0.0,0.0,0,0,0,1.0,0.0,1.0,0.0,1.0,False
3.0,1.0,1.0,1.0,29.0,118.54,0.16,6.43,18.44,762.02,0.04,42.33,3.0,0,0,1,10.0,7.0,20.0,9.0,1.0,False
9.0,1.0,1.0,1.0,35.0,143.06,0.24,4.09,34.97,585.25,0.05,32.5,9.0,8,0,5,6.0,11.0,20.0,15.0,1.0,False
28.0,5.0,1.0,5.0,113.0,605.4,0.06,17.35,34.89,10506.27,0.2,583.68,28.0,10,0,6,17.0,24.0,64.0,49.0,6.0,False
6.0,1.0,1.0,1.0,20.0,74.01,0.11,9.0,8.22,666.08,0.02,37.0,6.0,0,0,0,9.0,4.0,12.0,8.0,1.0,False
5.0,1.0,1.0,1.0,22.0,81.41,0.23,4.29,19.0,348.9,0.03,19.38,5.0,0,0,1,6.0,7.0,12.0,10.0,1.0,False
8.0,3.0,3.0,2.0,32.0,135.93,0.07,14.08,9.65,1914.4,0.05,106.36,8.0,0,0,1,13.0,6.0,19.0,13.0,5.0,False
19.0,7.0,7.0,4.0,130.0,682.23,0.05,18.91,36.07,12903.06,0.23,716.84,19.0,0,0,2,15.0,23.0,72.0,58.0,13.0,False
11.0,2.0,1.0,2.0,40.0,180.94,0.15,6.87,26.32,1243.98,0.06,69.11,11.0,14,0,7,11.0,12.0,25.0,15.0,3.0,False
12.0,3.0,1.0,2.0,58.0,284.6,0.09,11.09,25.67,3155.71,0.09,175.32,11.0,0,1,0,13.0,17.0,29.0,29.0,5.0,False
70.0,20.0,1.0,19.0,213.0,1346.57,0.04,25.62,52.55,34502.44,0.45,1916.8,70.0,0,0,24,31.0,49.0,132.0,81.0,22.0,False
10.0,3.0,1.0,3.0,38.0,166.91,0.14,7.27,22.95,1213.88,0.06,67.44,8.0,1,2,1,10.0,11.0,22.0,16.0,5.0,False
10.0,3.0,3.0,1.0,32.0,133.44,0.08,13.0,10.26,1734.69,0.04,96.37,10.0,0,0,1,12.0,6.0,19.0,13.0,5.0,False
10.0,1.0,1.0,1.0,32.0,130.8,0.26,3.82,34.26,499.41,0.04,27.75,10.0,0,0,3,6.0,11.0,18.0,14.0,1.0,False
21.0,6.0,5.0,6.0,110.0,585.41,0.07,15.0,39.03,8781.18,0.2,487.84,21.0,7,0,9,15.0,25.0,60.0,50.0,11.0,False
11.0,2.0,1.0,1.0,63.0,312.11,0.06,16.39,19.04,5116.45,0.1,284.25,11.0,7,0,4,17.0,14.0,36.0,27.0,3.0,False
3.0,1.0,1.0,1.0,14.0,46.51,0.33,3.0,15.5,139.52,0.02,7.75,1.0,0,2,0,5.0,5.0,8.0,6.0,1.0,False
15.0,7.0,7.0,1.0,79.0,371.33,0.06,17.5,21.22,6498.36,0.12,361.02,13.0,7,2,28,13.0,13.0,44.0,35.0,13.0,False
60.0,13.0,12.0,2.0,213.0,1287.46,0.03,28.96,44.45,37289.12,0.43,2071.62,56.0,4,4,30,25.0,41.0,118.0,95.0,25.0,False
21.0,6.0,5.0,6.0,109.0,576.11,0.07,14.0,41.15,8065.52,0.19,448.08,21.0,7,0,9,14.0,25.0,59.0,50.0,11.0,False
5.0,1.0,1.0,1.0,11.0,34.87,0.5,2.0,17.43,69.74,0.01,3.87,5.0,0,0,0,4.0,5.0,6.0,5.0,1.0,True
29.0,9.0,9.0,5.0,136.0,723.78,0.07,15.35,47.16,11107.27,0.24,617.07,29.0,0,0,14,14.0,26.0,79.0,57.0,17.0,False
44.0,11.0,3.0,8.0,324.0,2098.14,0.03,31.21,67.22,65489.41,0.7,3638.3,44.0,5,0,19,28.0,61.0,188.0,136.0,21.0,False
0.0,1.0,1.0,1.0,2.0,2.0,0.0,0.0,0.0,0.0,0.0,0.0,0.0,0,0,0,2.0,0.0,2.0,0.0,1.0,False
83.0,20.0,15.0,7.0,325.0,2109.85,0.03,39.17,53.86,82648.01,0.7,4591.56,80.0,23,3,32,32.0,58.0,183.0,142.0,39.0,False
3.0,1.0,1.0,1.0,1.0,0.0,0.0,0.0,0.0,0.0,0.0,0.0,3.0,0,0,0,1.0,0.0,1.0,0.0,1.0,False
28.0,7.0,3.0,2.0,177.0,948.29,0.02,41.68,22.75,39528.58,0.32,2196.03,26.0,9,2,8,22.0,19.0,105.0,72.0,13.0,False
27.0,6.0,4.0,2.0,146.0,760.58,0.02,46.93,16.21,35696.56,0.25,1983.14,22.0,0,5,1,22.0,15.0,82.0,64.0,11.0,False
0.0,1.0,1.0,1.0,2.0,2.0,0.0,0.0,0.0,0.0,0.0,0.0,0.0,0,0,0,2.0,0.0,2.0,0.0,1.0,False
22.0,4.0,1.0,4.0,73.0,365.0,0.07,14.0,26.07,5110.0,0.12,283.89,21.0,3,1,8,16.0,16.0,45.0,28.0,5.0,False
9.0,3.0,1.0,2.0,37.0,157.17,0.07,14.57,10.79,2290.24,0.05,127.24,9.0,1,0,1,12.0,7.0,20.0,17.0,5.0,False
17.0,8.0,3.0,2.0,74.0,379.57,0.05,20.67,18.37,7844.38,0.13,435.8,17.0,3,0,3,20.0,15.0,43.0,31.0,13.0,False
6.0,1.0,1.0,1.0,16.0,55.35,0.19,5.25,10.54,290.59,0.02,16.14,5.0,1,1,2,7.0,4.0,10.0,6.0,1.0,False
12.0,3.0,1.0,3.0,64.0,317.07,0.06,16.0,19.82,5073.1,0.11,281.84,12.0,0,0,1,16.0,15.0,34.0,30.0,5.0,False
18.0,1.0,1.0,1.0,110.0,577.27,0.08,11.77,49.05,6794.05,0.19,377.45,16.0,0,2,3,12.0,26.0,59.0,51.0,1.0,False
16.0,1.0,1.0,1.0,54.0,244.27,0.11,9.17,26.65,2239.16,0.08,124.4,16.0,15,0,12,11.0,12.0,34.0,20.0,1.0,False
4.0,1.0,1.0,1.0,14.0,50.19,0.25,4.0,12.55,200.76,0.02,11.15,4.0,0,0,0,8.0,4.0,10.0,4.0,1.0,False
14.0,2.0,1.0,1.0,50.0,226.18,0.1,10.08,22.43,2280.63,0.08,126.7,14.0,1,0,7,11.0,12.0,28.0,22.0,3.0,False
24.0,5.0,5.0,5.0,116.0,595.0,0.04,24.08,24.71,14329.51,0.2,796.08,23.0,0,1,2,17.0,18.0,65.0,51.0,9.0,False
120.0,7.0,3.0,4.0,1002.0,7090.97,0.02,59.93,118.33,424927.99,2.36,23607.11,120.0,42,0,36,28.0,107.0,544.0,458.0,13.0,True
22.0,6.0,1.0,1.0,101.0,554.68,0.05,20.39,27.21,11307.85,0.18,628.21,22.0,1,0,3,23.0,22.0,62.0,39.0,9.0,False
76.0,8.0,1.0,4.0,473.0,2946.23,0.04,26.51,111.14,78099.28,0.98,4338.85,76.0,13,0,48,14.0,61.0,242.0,231.0,15.0,False
0.0,1.0,1.0,1.0,1.0,0.0,0.0,0.0,0.0,0.0,0.0,0.0,0.0,0,0,0,1.0,0.0,1.0,0.0,1.0,False
39.0,16.0,6.0,4.0,201.0,1240.15,0.04,26.4,46.98,32740.09,0.41,1818.89,33.0,0,6,5,27.0,45.0,113.0,88.0,31.0,False
7.0,7.0,7.0,1.0,41.0,167.59,0.14,7.11,23.57,1191.72,0.06,66.21,7.0,0,0,0,8.0,9.0,25.0,16.0,13.0,False
48.0,13.0,11.0,13.0,198.0,1196.79,0.08,12.79,93.54,15311.87,0.4,850.66,43.0,10,5,4,15.0,51.0,111.0,87.0,25.0,False
130.0,31.0,23.0,13.0,560.0,3775.22,0.02,42.69,88.43,161178.36,1.26,8954.35,126.0,60,4,32,27.0,80.0,307.0,253.0,61.0,False
27.0,7.0,1.0,4.0,94.0,506.88,0.05,21.45,23.63,10872.53,0.17,604.03,27.0,4,0,20,22.0,20.0,55.0,39.0,12.0,True
7.0,1.0,1.0,1.0,31.0,129.27,0.24,4.14,31.25,534.7,0.04,29.71,7.0,9,0,5,7.0,11.0,18.0,13.0,1.0,False
7.0,1.0,1.0,1.0,27.0,96.79,0.22,4.64,20.85,449.4,0.03,24.97,7.0,6,0,4,5.0,7.0,14.0,13.0,1.0,False
3.0,1.0,1.0,1.0,5.0,11.61,0.67,1.5,7.74,17.41,0.0,0.97,3.0,1,0,0,3.0,2.0,3.0,2.0,1.0,False
5.0,1.0,1.0,1.0,12.0,41.51,0.33,3.0,13.84,124.54,0.01,6.92,5.0,0,0,0,6.0,5.0,7.0,5.0,1.0,False
8.0,2.0,1.0,2.0,24.0,100.08,0.16,6.29,15.92,629.06,0.03,34.95,8.0,0,0,1,11.0,7.0,16.0,8.0,3.0,False
8.0,3.0,1.0,1.0,37.0,167.37,0.08,12.44,13.45,2082.85,0.06,115.71,8.0,0,0,1,14.0,9.0,21.0,16.0,5.0,False
3.0,1.0,1.0,1.0,7.0,19.65,0.5,2.0,9.83,39.3,0.01,2.18,3.0,0,0,0,4.0,3.0,4.0,3.0,1.0,False
16.0,2.0,1.0,2.0,185.0,1003.86,0.06,16.47,60.96,16530.21,0.33,918.35,16.0,8,0,10,13.0,30.0,109.0,76.0,3.0,False
8.0,3.0,1.0,3.0,41.0,160.18,0.06,17.0,9.42,2723.1,0.05,151.28,8.0,0,0,0,10.0,5.0,24.0,17.0,5.0,False
17.0,4.0,1.0,3.0,64.0,289.51,0.09,11.15,25.96,3229.13,0.1,179.4,17.0,0,0,0,10.0,13.0,35.0,29.0,7.0,False
3.0,1.0,1.0,1.0,7.0,19.65,0.5,2.0,9.83,39.3,0.01,2.18,3.0,4,0,1,4.0,3.0,4.0,3.0,1.0,False
31.0,7.0,5.0,4.0,125.0,660.68,0.03,32.08,20.59,21196.67,0.22,1177.59,28.0,19,3,14,21.0,18.0,70.0,55.0,13.0,False
11.0,5.0,3.0,1.0,63.0,288.85,0.06,17.14,16.86,4949.88,0.1,274.99,10.0,0,1,0,13.0,11.0,34.0,29.0,9.0,False
11.0,5.0,5.0,1.0,41.0,164.0,0.05,18.7,8.77,3066.8,0.05,170.38,11.0,0,0,1,11.0,5.0,24.0,17.0,9.0,False
61.0,11.0,8.0,11.0,359.0,2177.73,0.04,24.78,87.87,53973.44,0.73,2998.52,61.0,0,0,26,16.0,51.0,201.0,158.0,21.0,False
11.0,1.0,1.0,1.0,86.0,421.99,0.08,13.0,32.46,5485.9,0.14,304.77,11.0,1,0,2,12.0,18.0,47.0,39.0,1.0,False
29.0,6.0,1.0,3.0,79.0,398.51,0.08,12.92,30.85,5147.38,0.13,285.97,29.0,2,0,21,15.0,18.0,48.0,31.0,8.0,False
199.0,58.0,1.0,2.0,1079.0,7184.21,0.02,55.52,129.4,398853.5,2.39,22158.53,199.0,0,0,16,18.0,83.0,567.0,512.0,115.0,False
8.0,2.0,1.0,1.0,27.0,114.69,0.15,6.67,17.2,764.63,0.04,42.48,8.0,0,0,0,10.0,9.0,15.0,12.0,3.0,False
11.0,1.0,1.0,1.0,38.0,152.0,0.14,7.0,21.71,1064.0,0.05,59.11,10.0,6,1,5,8.0,8.0,24.0,14.0,1.0,False
0.0,1.0,1.0,1.0,1.0,0.0,0.0,0.0,0.0,0.0,0.0,0.0,0.0,0,0,0,1.0,0.0,1.0,0.0,1.0,False
15.0,3.0,1.0,3.0,48.0,228.23,0.16,6.18,36.95,1409.68,0.08,78.32,15.0,15,0,7,10.0,17.0,27.0,21.0,5.0,False
0.0,1.0,1.0,1.0,2.0,2.0,0.0,0.0,0.0,0.0,0.0,0.0,0.0,0,0,0,2.0,0.0,2.0,0.0,1.0,False
25.0,6.0,5.0,3.0,93.0,494.94,0.09,11.31,43.77,5596.62,0.16,310.92,18.0,1,7,2,14.0,26.0,51.0,42.0,11.0,False
16.0,1.0,1.0,1.0,91.0,422.59,0.03,35.56,11.89,15025.45,0.14,834.75,13.0,0,3,0,16.0,9.0,51.0,40.0,5.0,False
22.0,5.0,3.0,1.0,111.0,555.0,0.04,28.29,19.62,15698.57,0.19,872.14,21.0,4,1,6,18.0,14.0,67.0,44.0,9.0,False
34.0,6.0,6.0,6.0,176.0,1026.58,0.06,17.0,60.39,17452.01,0.34,969.56,34.0,5,0,19,19.0,38.0,108.0,68.0,11.0,False
106.0,48.0,1.0,2.0,1007.0,5430.06,0.01,115.43,47.04,626797.86,1.81,34822.1,103.0,0,3,1,13.0,29.0,492.0,515.0,95.0,False
0.0,1.0,1.0,1.0,1.0,0.0,0.0,0.0,0.0,0.0,0.0,0.0,0.0,0,0,0,1.0,0.0,1.0,0.0,1.0,False
16.0,1.0,1.0,1.0,54.0,244.27,0.11,9.17,26.65,2239.16,0.08,124.4,16.0,15,0,12,11.0,12.0,34.0,20.0,1.0,False
69.0,13.0,7.0,8.0,378.0,2441.67,0.04,26.83,90.99,65518.01,0.81,3639.89,68.0,34,1,26,22.0,66.0,217.0,161.0,25.0,False
7.0,4.0,4.0,2.0,36.0,152.93,0.05,19.6,7.8,2997.34,0.05,166.52,7.0,0,0,2,14.0,5.0,22.0,14.0,7.0,False
4.0,1.0,1.0,1.0,49.0,208.15,0.1,10.0,20.81,2081.48,0.07,115.64,4.0,0,0,0,10.0,9.0,31.0,18.0,1.0,False
8.0,2.0,1.0,1.0,27.0,114.69,0.15,6.67,17.2,764.63,0.04,42.48,8.0,0,0,0,10.0,9.0,15.0,12.0,3.0,False
21.0,6.0,5.0,6.0,110.0,585.41,0.07,15.0,39.03,8781.18,0.2,487.84,21.0,7,0,9,15.0,25.0,60.0,50.0,11.0,False
3.0,1.0,1.0,1.0,11.0,36.54,0.33,3.0,12.18,109.62,0.01,6.09,3.0,0,0,0,6.0,4.0,7.0,4.0,1.0,False
141.0,24.0,9.0,18.0,657.0,4553.49,0.02,51.91,87.72,236376.96,1.52,13132.05,141.0,50,0,56,32.0,90.0,365.0,292.0,36.0,True
109.0,21.0,5.0,18.0,381.0,2547.56,0.04,28.37,89.79,72282.68,0.85,4015.7,97.0,41,12,24,28.0,75.0,229.0,152.0,38.0,True
6.0,1.0,1.0,1.0,30.0,139.32,0.15,6.5,21.43,905.55,0.05,50.31,6.0,1,0,7,13.0,12.0,18.0,12.0,1.0,True
35.0,16.0,11.0,6.0,217.0,1306.85,0.03,38.26,34.15,50005.31,0.44,2778.07,28.0,12,7,7,29.0,36.0,122.0,95.0,31.0,False
11.0,6.0,5.0,1.0,47.0,199.65,0.04,22.4,8.91,4472.22,0.07,248.46,11.0,0,0,1,14.0,5.0,31.0,16.0,11.0,False
27.0,8.0,1.0,8.0,127.0,713.07,0.04,22.41,31.82,15978.01,0.24,887.67,27.0,0,0,2,22.0,27.0,72.0,55.0,15.0,False
0.0,1.0,1.0,1.0,2.0,2.0,0.0,0.0,0.0,0.0,0.0,0.0,0.0,0,0,0,2.0,0.0,2.0,0.0,1.0,False
18.0,5.0,1.0,1.0,72.0,321.08,0.04,28.0,11.47,8990.21,0.11,499.46,18.0,0,0,1,14.0,8.0,40.0,32.0,9.0,False
4.0,1.0,1.0,1.0,9.0,25.27,0.67,1.5,16.84,37.9,0.01,2.11,4.0,0,0,0,3.0,4.0,5.0,4.0,1.0,False
0.0,2.0,1.0,1.0,12.0,38.04,0.25,4.0,9.51,152.16,0.01,8.45,0.0,0,0,0,6.0,3.0,8.0,4.0,3.0,False
12.0,10.0,1.0,9.0,118.0,567.27,0.03,32.88,17.25,18654.39,0.19,1036.34,12.0,0,0,4,15.0,13.0,61.0,57.0,19.0,False
72.0,21.0,1.0,6.0,371.0,2431.75,0.06,16.92,143.69,41152.73,0.81,2286.26,62.0,16,10,10,16.0,78.0,206.0,165.0,41.0,False
4.0,1.0,1.0,1.0,18.0,68.53,0.19,5.33,12.85,365.51,0.02,20.31,4.0,0,0,0,8.0,6.0,10.0,8.0,1.0,False
21.0,3.0,1.0,3.0,64.0,322.84,0.1,9.95,32.45,3211.42,0.11,178.41,21.0,1,0,3,14.0,19.0,37.0,27.0,4.0,False
0.0,1.0,1.0,1.0,2.0,2.0,0.0,0.0,0.0,0.0,0.0,0.0,0.0,0,0,0,2.0,0.0,2.0,0.0,1.0,False
13.0,3.0,1.0,3.0,45.0,200.67,0.1,10.5,19.11,2107.08,0.07,117.06,13.0,1,0,1,11.0,11.0,24.0,21.0,5.0,False
18.0,4.0,3.0,2.0,66.0,310.23,0.06,16.32,18.99,5067.07,0.1,281.5,17.0,0,1,1,14.0,12.0,38.0,28.0,7.0,False
7.0,2.0,1.0,1.0,20.0,74.01,0.11,9.0,8.22,666.08,0.02,37.0,7.0,0,0,1,9.0,4.0,12.0,8.0,3.0,False
0.0,1.0,1.0,1.0,2.0,2.0,0.0,0.0,0.0,0.0,0.0,0.0,0.0,0,0,0,2.0,0.0,2.0,0.0,1.0,False
76.0,16.0,3.0,4.0,466.0,2994.64,0.02,44.63,67.09,133660.73,1.0,7425.6,73.0,22,3,41,26.0,60.0,260.0,206.0,31.0,False
13.0,7.0,7.0,1.0,50.0,219.62,0.05,21.25,10.33,4666.84,0.07,259.26,13.0,0,0,1,15.0,6.0,33.0,17.0,13.0,False
4.0,1.0,1.0,1.0,9.0,23.26,0.5,2.0,11.63,46.53,0.01,2.58,4.0,0,0,0,3.0,3.0,5.0,4.0,1.0,False
141.0,57.0,42.0,43.0,951.0,6928.42,0.02,59.64,116.17,413206.28,2.31,22955.9,135.0,3,6,16,34.0,122.0,523.0,428.0,110.0,False
21.0,4.0,1.0,1.0,42.0,178.41,0.09,11.0,16.21,1962.54,0.06,109.03,21.0,0,0,1,11.0,8.0,26.0,16.0,7.0,False
36.0,17.0,14.0,7.0,196.0,1133.15,0.03,37.08,30.56,42020.85,0.38,2334.49,34.0,0,2,2,25.0,30.0,107.0,89.0,33.0,False
21.0,5.0,1.0,5.0,152.0,853.44,0.07,14.3,59.67,12206.72,0.28,678.15,21.0,47,0,4,16.0,33.0,93.0,59.0,9.0,False
3.0,1.0,1.0,1.0,12.0,39.86,0.21,4.67,8.54,186.03,0.01,10.33,3.0,0,0,0,7.0,3.0,8.0,4.0,1.0,False
10.0,1.0,1.0,1.0,26.0,106.27,0.16,6.43,16.53,683.19,0.04,37.96,10.0,0,0,1,10.0,7.0,17.0,9.0,1.0,False
35.0,6.0,1.0,1.0,278.0,1448.23,0.02,45.0,32.18,65170.26,0.48,3620.57,34.0,0,1,7,15.0,22.0,146.0,132.0,11.0,False
24.0,8.0,7.0,2.0,95.0,451.71,0.02,45.0,10.04,20327.14,0.15,1129.29,24.0,0,0,2,18.0,9.0,50.0,45.0,15.0,False
13.0,2.0,1.0,1.0,43.0,188.87,0.14,7.13,26.51,1345.7,0.06,74.76,13.0,0,0,1,9.0,12.0,24.0,19.0,3.0,False
6.0,3.0,3.0,3.0,28.0,109.39,0.13,8.0,13.67,875.14,0.04,48.62,6.0,0,0,0,10.0,5.0,20.0,8.0,5.0,False
5.0,1.0,1.0,1.0,12.0,43.02,0.29,3.5,12.29,150.57,0.01,8.36,5.0,0,0,0,7.0,5.0,7.0,5.0,1.0,False
24.0,4.0,1.0,1.0,116.0,585.15,0.06,16.0,36.57,9362.4,0.2,520.13,19.0,6,5,7,12.0,21.0,60.0,56.0,7.0,True
0.0,1.0,1.0,1.0,2.0,2.0,0.0,0.0,0.0,0.0,0.0,0.0,0.0,0,0,0,2.0,0.0,2.0,0.0,1.0,False
0.0,1.0,1.0,1.0,2.0,2.0,0.0,0.0,0.0,0.0,0.0,0.0,0.0,0,0,0,2.0,0.0,2.0,0.0,1.0,False
8.0,3.0,1.0,3.0,31.0,133.98,0.17,6.0,22.33,803.88,0.04,44.66,8.0,0,0,1,10.0,10.0,19.0,12.0,5.0,False
54.0,5.0,1.0,1.0,507.0,3543.26,0.04,23.87,148.42,84587.05,1.18,4699.28,54.0,2,0,19,21.0,106.0,266.0,241.0,9.0,False
17.0,2.0,1.0,2.0,139.0,645.5,0.04,23.08,27.97,14896.06,0.22,827.56,17.0,0,0,4,12.0,13.0,89.0,50.0,3.0,False
7.0,1.0,1.0,1.0,28.0,114.45,0.24,4.2,27.25,480.69,0.04,26.7,7.0,9,0,6,7.0,10.0,16.0,12.0,1.0,False
11.0,2.0,1.0,2.0,35.0,160.47,0.14,7.0,22.92,1123.32,0.05,62.41,11.0,0,0,7,12.0,12.0,21.0,14.0,3.0,False
27.0,19.0,17.0,3.0,238.0,1291.45,0.02,46.1,28.02,59529.74,0.43,3307.21,27.0,0,0,3,22.0,21.0,150.0,88.0,37.0,False
15.0,3.0,1.0,3.0,62.0,301.19,0.09,11.67,25.82,3513.94,0.1,195.22,15.0,1,0,9,14.0,15.0,37.0,25.0,5.0,False
0.0,1.0,1.0,1.0,1.0,0.0,0.0,0.0,0.0,0.0,0.0,0.0,0.0,0,0,0,1.0,0.0,1.0,0.0,1.0,False
15.0,4.0,3.0,2.0,86.0,457.69,0.07,14.73,31.08,6740.46,0.15,374.47,14.0,6,1,8,18.0,22.0,50.0,36.0,7.0,True
11.0,3.0,1.0,1.0,22.0,83.76,0.21,4.67,17.95,390.89,0.03,21.72,11.0,0,0,1,8.0,6.0,15.0,7.0,4.0,False
4.0,1.0,1.0,1.0,11.0,33.0,0.4,2.5,13.2,82.5,0.01,4.58,4.0,0,0,2,4.0,4.0,6.0,5.0,1.0,False
20.0,10.0,1.0,6.0,113.0,601.38,0.05,22.09,27.22,13284.98,0.2,738.05,20.0,0,0,5,18.0,22.0,59.0,54.0,19.0,False
3.0,1.0,1.0,1.0,7.0,19.65,0.5,2.0,9.83,39.3,0.01,2.18,3.0,0,0,0,4.0,3.0,4.0,3.0,1.0,False
14.0,6.0,6.0,4.0,63.0,309.13,0.05,18.31,16.89,5659.53,0.1,314.42,14.0,0,0,0,17.0,13.0,35.0,28.0,11.0,False
18.0,5.0,5.0,1.0,72.0,360.0,0.07,13.68,26.32,4923.53,0.12,273.53,15.0,9,3,5,15.0,17.0,41.0,31.0,9.0,False
0.0,1.0,1.0,1.0,5.0,11.61,0.5,2.0,5.8,23.22,0.0,1.29,0.0,0,0,0,4.0,1.0,4.0,1.0,1.0,False
41.0,2.0,1.0,2.0,343.0,2149.51,0.04,28.31,75.92,60857.94,0.72,3381.0,41.0,12,0,14,21.0,56.0,192.0,151.0,3.0,False
5.0,1.0,1.0,1.0,31.0,126.71,0.13,7.88,16.09,997.85,0.04,55.44,5.0,0,0,1,9.0,8.0,17.0,14.0,1.0,False
17.0,4.0,1.0,3.0,63.0,284.98,0.09,11.15,25.55,3178.67,0.09,176.59,17.0,0,0,0,10.0,13.0,34.0,29.0,7.0,False
110.0,25.0,21.0,9.0,663.0,4404.88,0.02,45.1,97.66,198677.1,1.47,11037.62,97.0,23,13,37,23.0,77.0,361.0,302.0,49.0,True
77.0,21.0,11.0,20.0,441.0,3040.61,0.03,29.05,104.65,88343.08,1.01,4907.95,73.0,1,4,4,27.0,92.0,243.0,198.0,41.0,False
11.0,4.0,1.0,4.0,83.0,375.46,0.08,13.18,28.49,4947.97,0.13,274.89,11.0,0,0,1,9.0,14.0,42.0,41.0,7.0,False
51.0,8.0,5.0,4.0,136.0,775.26,0.07,14.29,54.24,11081.65,0.26,615.65,51.0,8,0,9,18.0,34.0,82.0,54.0,15.0,False
6.0,1.0,1.0,1.0,27.0,116.69,0.14,7.33,15.91,855.74,0.04,47.54,6.0,2,0,1,11.0,9.0,15.0,12.0,1.0,False
23.0,5.0,4.0,3.0,113.0,650.3,0.05,20.26,32.1,13174.23,0.22,731.9,21.0,8,2,9,25.0,29.0,66.0,47.0,9.0,True
23.0,10.0,1.0,9.0,119.0,605.41,0.03,30.94,19.57,18729.81,0.2,1040.55,23.0,0,0,1,18.0,16.0,64.0,55.0,16.0,False
14.0,1.0,1.0,1.0,177.0,922.07,0.07,13.52,68.21,12465.06,0.31,692.5,14.0,7,0,9,10.0,27.0,104.0,73.0,1.0,False
27.0,6.0,1.0,5.0,185.0,1079.08,0.04,24.5,44.04,26437.57,0.36,1468.75,27.0,6,0,9,21.0,36.0,101.0,84.0,11.0,False
20.0,1.0,1.0,1.0,89.0,408.06,0.19,5.33,76.51,2176.33,0.14,120.91,20.0,0,0,5,6.0,18.0,57.0,32.0,1.0,False
3.0,1.0,1.0,1.0,10.0,33.22,0.33,3.0,11.07,99.66,0.01,5.54,3.0,0,0,1,6.0,4.0,6.0,4.0,1.0,True
3.0,1.0,1.0,1.0,9.0,27.0,0.3,3.33,8.1,90.0,0.01,5.0,3.0,0,0,0,5.0,3.0,5.0,4.0,1.0,False
19.0,5.0,1.0,5.0,54.0,262.33,0.1,10.18,25.77,2670.15,0.09,148.34,19.0,0,0,0,15.0,14.0,35.0,19.0,6.0,False
14.0,4.0,1.0,2.0,75.0,360.55,0.06,16.67,21.63,6009.19,0.12,333.84,14.0,0,0,7,16.0,12.0,50.0,25.0,7.0,False
29.0,5.0,5.0,5.0,146.0,815.4,0.05,18.6,43.84,15166.52,0.27,842.58,29.0,7,0,5,18.0,30.0,84.0,62.0,9.0,True
6.0,3.0,3.0,2.0,30.0,125.1,0.15,6.5,19.25,813.14,0.04,45.17,6.0,0,0,0,9.0,9.0,17.0,13.0,5.0,False
31.0,14.0,1.0,14.0,108.0,596.54,0.08,12.86,46.4,7669.86,0.2,426.1,31.0,0,0,0,18.0,28.0,68.0,40.0,15.0,False
4.0,1.0,1.0,1.0,12.0,39.86,0.33,3.0,13.29,119.59,0.01,6.64,2.0,3,2,1,6.0,4.0,8.0,4.0,1.0,False
5.0,2.0,1.0,2.0,22.0,88.0,0.19,5.14,17.11,452.57,0.03,25.14,5.0,0,0,0,9.0,7.0,14.0,8.0,3.0,False
22.0,5.0,5.0,4.0,100.0,535.76,0.07,14.52,36.9,7779.61,0.18,432.2,22.0,0,0,13,17.0,24.0,59.0,41.0,9.0,True
3.0,1.0,1.0,1.0,10.0,31.7,0.29,3.5,9.06,110.95,0.01,6.16,3.0,0,0,0,7.0,2.0,8.0,2.0,1.0,False
40.0,7.0,3.0,6.0,167.0,969.83,0.06,17.53,55.34,16997.52,0.32,944.31,40.0,16,0,20,18.0,38.0,93.0,74.0,13.0,False
3.0,1.0,1.0,1.0,9.0,28.53,0.33,3.0,9.51,85.59,0.01,4.75,3.0,1,0,0,6.0,3.0,6.0,3.0,1.0,False
6.0,1.0,1.0,1.0,19.0,68.11,0.13,8.0,8.51,544.91,0.02,30.27,6.0,0,0,0,8.0,4.0,11.0,8.0,1.0,False
14.0,3.0,3.0,2.0,39.0,181.11,0.12,8.67,20.9,1569.62,0.06,87.2,14.0,0,0,3,13.0,12.0,23.0,16.0,5.0,False
6.0,1.0,1.0,1.0,14.0,50.19,0.33,3.0,16.73,150.57,0.02,8.36,6.0,0,0,0,6.0,6.0,8.0,6.0,1.0,False
5.0,1.0,1.0,1.0,13.0,39.0,0.33,3.0,13.0,117.0,0.01,6.5,5.0,0,0,0,4.0,4.0,7.0,6.0,1.0,False
0.0,1.0,1.0,1.0,5.0,11.61,0.5,2.0,5.8,23.22,0.0,1.29,0.0,0,0,0,4.0,1.0,4.0,1.0,1.0,False
7.0,2.0,1.0,1.0,17.0,60.94,0.24,4.2,14.51,255.97,0.02,14.22,7.0,0,0,1,7.0,5.0,11.0,6.0,3.0,False
3.0,1.0,1.0,1.0,5.0,11.61,0.67,1.5,7.74,17.41,0.0,0.97,3.0,0,0,0,3.0,2.0,3.0,2.0,1.0,False
11.0,2.0,1.0,2.0,35.0,160.47,0.14,7.0,22.92,1123.32,0.05,62.41,11.0,0,0,7,12.0,12.0,21.0,14.0,3.0,False
3.0,2.0,1.0,2.0,37.0,157.17,0.07,14.0,11.23,2200.43,0.05,122.25,3.0,0,0,1,14.0,5.0,27.0,10.0,3.0,False
50.0,20.0,12.0,7.0,307.0,1813.42,0.01,70.29,25.8,127457.2,0.6,7080.96,50.0,6,0,4,32.0,28.0,184.0,123.0,37.0,False
11.0,2.0,1.0,2.0,35.0,160.47,0.14,7.0,22.92,1123.32,0.05,62.41,11.0,0,0,7,12.0,12.0,21.0,14.0,3.0,False
5.0,1.0,1.0,1.0,22.0,81.41,0.23,4.29,19.0,348.9,0.03,19.38,5.0,0,0,1,6.0,7.0,12.0,10.0,1.0,False
13.0,3.0,1.0,3.0,60.0,263.54,0.04,27.0,9.76,7115.55,0.09,395.31,12.0,0,1,0,14.0,7.0,33.0,27.0,5.0,False
84.0,9.0,1.0,3.0,876.0,6498.04,0.02,46.39,140.08,301439.38,2.17,16746.63,84.0,20,0,27,31.0,140.0,457.0,419.0,17.0,True
19.0,9.0,9.0,1.0,99.0,507.8,0.04,26.67,19.04,13541.31,0.17,752.29,19.0,0,0,1,20.0,15.0,59.0,40.0,17.0,False
13.0,1.0,1.0,1.0,49.0,218.51,0.23,4.31,50.67,942.33,0.07,52.35,11.0,15,2,9,6.0,16.0,26.0,23.0,1.0,False
9.0,4.0,4.0,1.0,28.0,100.38,0.07,13.5,7.44,1355.12,0.03,75.28,9.0,0,0,2,9.0,3.0,19.0,9.0,7.0,False
12.0,2.0,1.0,1.0,49.0,215.22,0.07,14.0,15.37,3013.13,0.07,167.4,12.0,1,0,3,12.0,9.0,28.0,21.0,3.0,False
10.0,3.0,1.0,3.0,53.0,232.79,0.11,9.0,25.87,2095.13,0.08,116.4,10.0,0,0,0,9.0,12.0,29.0,24.0,5.0,False
25.0,6.0,4.0,2.0,175.0,1016.29,0.05,18.95,53.64,19255.97,0.34,1069.78,23.0,13,2,8,18.0,38.0,95.0,80.0,11.0,False
20.0,2.0,1.0,2.0,53.0,254.79,0.13,7.76,32.81,1978.37,0.08,109.91,20.0,0,0,2,11.0,17.0,29.0,24.0,3.0,False
21.0,6.0,4.0,4.0,80.0,419.83,0.06,15.5,27.09,6507.43,0.14,361.52,19.0,0,2,7,19.0,19.0,49.0,31.0,10.0,False
23.0,4.0,1.0,4.0,101.0,544.62,0.08,12.22,44.56,6656.52,0.18,369.81,23.0,0,0,12,15.0,27.0,57.0,44.0,7.0,True
39.0,6.0,3.0,4.0,133.0,779.11,0.06,15.89,49.03,12381.56,0.26,687.86,39.0,11,0,8,21.0,37.0,77.0,56.0,11.0,False
0.0,2.0,1.0,1.0,12.0,39.86,0.33,3.0,13.29,119.59,0.01,6.64,0.0,0,0,0,6.0,4.0,8.0,4.0,3.0,False
12.0,1.0,1.0,1.0,67.0,298.78,0.13,7.7,38.8,2300.62,0.1,127.81,12.0,0,0,0,7.0,15.0,34.0,33.0,1.0,False
3.0,2.0,1.0,2.0,5.0,11.61,0.5,2.0,5.8,23.22,0.0,1.29,3.0,0,0,1,4.0,1.0,4.0,1.0,3.0,False
70.0,11.0,1.0,6.0,434.0,3047.71,0.04,26.63,114.46,81152.69,1.02,4508.48,57.0,14,13,18,28.0,102.0,240.0,194.0,21.0,True
6.0,1.0,1.0,1.0,27.0,116.69,0.14,7.33,15.91,855.74,0.04,47.54,6.0,2,0,1,11.0,9.0,15.0,12.0,1.0,False
152.0,53.0,1.0,43.0,2134.0,15811.64,0.0,270.66,58.42,4279633.01,5.27,237757.4,152.0,0,0,14,66.0,104.0,1281.0,853.0,72.0,False
36.0,19.0,11.0,6.0,232.0,1341.28,0.03,39.58,33.88,53092.15,0.45,2949.56,36.0,0,0,3,25.0,30.0,137.0,95.0,37.0,False
13.0,1.0,1.0,1.0,70.0,312.16,0.1,10.38,30.06,3241.66,0.1,180.09,13.0,0,0,6,9.0,13.0,40.0,30.0,1.0,False
3.0,1.0,1.0,1.0,9.0,28.53,0.29,3.5,8.15,99.85,0.01,5.55,3.0,0,0,1,7.0,2.0,7.0,2.0,1.0,False
15.0,3.0,3.0,1.0,59.0,305.03,0.09,11.5,26.52,3507.79,0.1,194.88,15.0,8,0,5,18.0,18.0,36.0,23.0,5.0,False
72.0,3.0,1.0,1.0,412.0,2681.21,0.05,19.74,135.85,52918.65,0.89,2939.92,65.0,5,7,10,15.0,76.0,212.0,200.0,4.0,False
49.0,9.0,1.0,8.0,191.0,1166.73,0.05,21.31,54.76,24859.27,0.39,1381.07,46.0,1,3,10,25.0,44.0,116.0,75.0,12.0,True
0.0,1.0,1.0,1.0,2.0,2.0,0.0,0.0,0.0,0.0,0.0,0.0,0.0,0,0,0,2.0,0.0,2.0,0.0,1.0,False
46.0,14.0,7.0,11.0,221.0,1315.88,0.02,42.62,30.87,56084.29,0.44,3115.79,45.0,1,1,13,29.0,33.0,124.0,97.0,26.0,False
14.0,2.0,1.0,2.0,61.0,290.05,0.11,9.28,31.25,2692.01,0.1,149.56,14.0,1,0,8,11.0,16.0,34.0,27.0,3.0,False
54.0,7.0,1.0,6.0,154.0,894.33,0.05,20.71,43.19,18517.95,0.3,1028.77,52.0,12,2,12,22.0,34.0,90.0,64.0,12.0,False
17.0,2.0,1.0,2.0,107.0,573.26,0.07,14.72,38.94,8438.36,0.19,468.8,16.0,2,1,5,16.0,25.0,61.0,46.0,3.0,False
61.0,10.0,5.0,2.0,392.0,2478.2,0.02,40.23,61.6,99691.06,0.83,5538.39,60.0,58,1,18,25.0,55.0,215.0,177.0,19.0,False
33.0,6.0,5.0,4.0,108.0,609.54,0.11,9.14,66.7,5570.49,0.2,309.47,33.0,4,0,8,14.0,36.0,61.0,47.0,11.0,False
9.0,2.0,1.0,2.0,34.0,144.43,0.11,8.89,16.25,1283.82,0.05,71.32,9.0,0,0,0,10.0,9.0,18.0,16.0,3.0,False
11.0,2.0,1.0,1.0,35.0,153.73,0.09,10.56,14.55,1623.78,0.05,90.21,10.0,0,1,2,13.0,8.0,22.0,13.0,3.0,False
6.0,2.0,1.0,1.0,20.0,76.15,0.14,7.2,10.58,548.26,0.03,30.46,6.0,0,0,1,9.0,5.0,12.0,8.0,3.0,False
9.0,1.0,1.0,1.0,62.0,301.19,0.09,10.56,28.52,3181.37,0.1,176.74,9.0,1,0,5,13.0,16.0,36.0,26.0,1.0,False
36.0,7.0,5.0,7.0,154.0,882.1,0.06,15.94,55.33,14063.19,0.29,781.29,35.0,9,1,23,18.0,35.0,92.0,62.0,13.0,False
4.0,1.0,1.0,1.0,11.0,34.87,0.32,3.12,11.16,108.97,0.01,6.05,4.0,0,0,0,5.0,4.0,6.0,5.0,1.0,False
21.0,6.0,5.0,6.0,109.0,576.11,0.07,14.0,41.15,8065.52,0.19,448.08,21.0,7,0,9,14.0,25.0,59.0,50.0,11.0,False
11.0,2.0,1.0,2.0,40.0,180.94,0.15,6.87,26.32,1243.98,0.06,69.11,11.0,14,0,7,11.0,12.0,25.0,15.0,3.0,False
18.0,5.0,3.0,2.0,72.0,356.7,0.07,13.59,26.25,4846.95,0.12,269.28,14.0,6,4,10,14.0,17.0,39.0,33.0,9.0,False
6.0,2.0,1.0,1.0,25.0,102.19,0.16,6.43,15.9,656.91,0.03,36.5,6.0,0,0,1,10.0,7.0,16.0,9.0,3.0,False
5.0,1.0,1.0,1.0,8.0,20.68,0.5,2.0,10.34,41.36,0.01,2.3,5.0,0,0,1,4.0,2.0,6.0,2.0,1.0,False
7.0,3.0,3.0,2.0,26.0,108.42,0.13,7.86,13.8,851.86,0.04,47.33,7.0,0,0,1,11.0,7.0,16.0,10.0,5.0,False
7.0,2.0,1.0,2.0,23.0,85.11,0.1,10.13,8.41,861.74,0.03,47.87,7.0,0,0,0,9.0,4.0,14.0,9.0,3.0,False
20.0,2.0,1.0,2.0,51.0,245.18,0.13,7.44,32.95,1824.39,0.08,101.36,20.0,0,0,2,11.0,17.0,28.0,23.0,3.0,False
5.0,1.0,1.0,1.0,14.0,48.43,0.19,5.25,9.23,254.27,0.02,14.13,5.0,0,0,2,7.0,4.0,8.0,6.0,1.0,False
51.0,12.0,10.0,9.0,272.0,1644.08,0.03,29.75,55.26,48911.24,0.55,2717.29,50.0,1,1,5,22.0,44.0,153.0,119.0,23.0,False
45.0,11.0,8.0,3.0,203.0,1227.01,0.04,27.74,44.23,34042.1,0.41,1891.23,43.0,20,2,24,25.0,41.0,112.0,91.0,21.0,False
3.0,1.0,1.0,1.0,4.0,8.0,0.67,1.5,5.33,12.0,0.0,0.67,3.0,0,0,0,3.0,1.0,3.0,1.0,1.0,False
5.0,1.0,1.0,1.0,33.0,132.0,0.14,7.07,18.67,933.43,0.04,51.86,5.0,0,0,0,9.0,7.0,22.0,11.0,1.0,False
15.0,4.0,3.0,2.0,86.0,457.69,0.07,14.73,31.08,6740.46,0.15,374.47,14.0,5,1,7,18.0,22.0,50.0,36.0,7.0,True
3.0,1.0,1.0,1.0,5.0,11.61,0.67,1.5,7.74,17.41,0.0,0.97,3.0,0,0,1,3.0,2.0,3.0,2.0,1.0,False
0.0,1.0,1.0,1.0,2.0,2.0,0.0,0.0,0.0,0.0,0.0,0.0,0.0,0,0,0,2.0,0.0,2.0,0.0,1.0,False
0.0,1.0,1.0,1.0,2.0,2.0,0.0,0.0,0.0,0.0,0.0,0.0,0.0,0,0,0,2.0,0.0,2.0,0.0,1.0,False
10.0,1.0,1.0,1.0,35.0,153.73,0.17,5.91,26.02,908.41,0.05,50.47,10.0,15,0,11,10.0,11.0,22.0,13.0,1.0,False
77.0,11.0,5.0,3.0,153.0,863.51,0.05,19.55,44.17,16883.11,0.29,937.95,62.0,12,15,15,21.0,29.0,99.0,54.0,21.0,False
122.0,15.0,1.0,2.0,532.0,3503.2,0.02,60.25,58.14,211067.8,1.17,11725.99,120.0,0,2,18,32.0,64.0,291.0,241.0,17.0,False
49.0,1.0,1.0,1.0,283.0,1628.63,0.18,5.64,288.76,9185.49,0.54,510.31,46.0,4,3,5,4.0,50.0,142.0,141.0,1.0,False
17.0,3.0,1.0,3.0,63.0,315.0,0.1,9.72,32.4,3062.5,0.11,170.14,17.0,0,0,9,14.0,18.0,38.0,25.0,5.0,False
6.0,1.0,1.0,1.0,15.0,45.0,0.56,1.8,25.0,81.0,0.02,4.5,6.0,0,0,1,3.0,5.0,9.0,6.0,1.0,False
31.0,4.0,1.0,3.0,222.0,1197.09,0.02,40.13,29.83,48033.42,0.4,2668.52,30.0,0,1,7,18.0,24.0,115.0,107.0,7.0,False
10.0,3.0,1.0,2.0,52.0,255.16,0.11,9.19,27.77,2344.27,0.09,130.24,9.0,2,1,3,14.0,16.0,31.0,21.0,5.0,False
16.0,4.0,3.0,3.0,69.0,351.03,0.1,9.9,35.44,3476.92,0.12,193.16,16.0,2,0,2,13.0,21.0,37.0,32.0,7.0,False
42.0,6.0,1.0,6.0,221.0,1401.11,0.12,8.26,169.61,11574.36,0.47,643.02,37.0,10,5,5,12.0,69.0,126.0,95.0,11.0,False
63.0,6.0,1.0,4.0,182.0,1133.65,0.15,6.87,164.89,7793.81,0.38,432.99,61.0,50,2,27,11.0,64.0,102.0,80.0,11.0,False
0.0,1.0,1.0,1.0,2.0,2.0,0.0,0.0,0.0,0.0,0.0,0.0,0.0,0,0,0,2.0,0.0,2.0,0.0,1.0,False
140.0,43.0,18.0,27.0,920.0,6824.42,0.03,39.94,170.88,272550.45,2.27,15141.69,136.0,0,4,7,27.0,144.0,494.0,426.0,85.0,False
0.0,1.0,1.0,1.0,1.0,0.0,0.0,0.0,0.0,0.0,0.0,0.0,0.0,0,0,0,1.0,0.0,1.0,0.0,1.0,False
12.0,3.0,1.0,3.0,22.0,85.95,0.22,4.5,19.1,386.78,0.03,21.49,9.0,2,3,5,9.0,6.0,16.0,6.0,4.0,False
21.0,8.0,4.0,2.0,83.0,411.2,0.04,26.13,15.74,10742.56,0.14,596.81,20.0,1,1,4,19.0,12.0,50.0,33.0,15.0,False
5.0,2.0,1.0,2.0,21.0,85.84,0.13,7.86,10.92,674.43,0.03,37.47,5.0,0,0,4,10.0,7.0,10.0,11.0,3.0,False
7.0,3.0,1.0,3.0,41.0,180.09,0.08,13.33,13.51,2401.13,0.06,133.4,7.0,0,0,0,12.0,9.0,21.0,20.0,5.0,False
21.0,5.0,3.0,3.0,90.0,432.66,0.05,20.5,21.11,8869.57,0.14,492.75,19.0,0,2,10,14.0,14.0,49.0,41.0,9.0,False
22.0,5.0,5.0,4.0,100.0,539.23,0.07,13.94,38.68,7516.89,0.18,417.61,22.0,0,0,12,17.0,25.0,59.0,41.0,9.0,False
35.0,7.0,5.0,7.0,148.0,843.67,0.06,15.62,54.02,13176.06,0.28,732.0,34.0,5,1,22,18.0,34.0,89.0,59.0,13.0,False
5.0,1.0,1.0,1.0,11.0,34.87,0.5,2.0,17.43,69.74,0.01,3.87,5.0,0,0,0,4.0,5.0,6.0,5.0,1.0,True
7.0,1.0,1.0,1.0,19.0,74.23,0.17,6.0,12.37,445.39,0.02,24.74,7.0,0,0,2,9.0,6.0,11.0,8.0,1.0,False
18.0,1.0,1.0,1.0,84.0,416.15,0.11,9.05,46.0,3765.19,0.14,209.18,18.0,2,0,8,10.0,21.0,46.0,38.0,1.0,False
9.0,1.0,1.0,1.0,65.0,322.02,0.11,9.16,35.16,2949.05,0.11,163.84,9.0,2,0,5,12.0,19.0,36.0,29.0,1.0,False
12.0,1.0,1.0,1.0,61.0,249.34,0.22,4.62,54.02,1150.78,0.08,63.93,12.0,0,0,5,4.0,13.0,31.0,30.0,1.0,False
22.0,3.0,1.0,3.0,74.0,370.0,0.12,8.11,45.57,3004.05,0.12,166.89,22.0,0,0,15,11.0,21.0,43.0,31.0,5.0,True
4.0,1.0,1.0,1.0,20.0,71.7,0.25,4.0,17.92,286.8,0.02,15.93,4.0,2,0,2,6.0,6.0,12.0,8.0,1.0,False
74.0,11.0,1.0,8.0,294.0,1917.93,0.03,28.77,66.66,55178.46,0.64,3065.47,60.0,71,14,49,29.0,63.0,169.0,125.0,21.0,True
123.0,27.0,8.0,27.0,388.0,2707.18,0.02,42.84,63.2,115969.02,0.9,6442.72,122.0,6,1,30,46.0,80.0,239.0,149.0,36.0,False
36.0,5.0,1.0,5.0,115.0,631.56,0.07,14.07,44.89,8885.44,0.21,493.64,36.0,3,0,7,16.0,29.0,64.0,51.0,7.0,False
20.0,4.0,1.0,4.0,65.0,309.07,0.09,11.61,26.63,3587.39,0.1,199.3,18.0,2,2,6,13.0,14.0,40.0,25.0,6.0,False
31.0,7.0,5.0,4.0,125.0,665.24,0.03,30.39,21.89,20219.83,0.22,1123.32,27.0,21,4,19,21.0,19.0,70.0,55.0,13.0,False
14.0,3.0,1.0,3.0,47.0,215.49,0.16,6.43,33.52,1385.31,0.07,76.96,14.0,0,0,7,10.0,14.0,29.0,18.0,5.0,False
6.0,2.0,1.0,1.0,21.0,77.71,0.07,15.0,5.18,1165.64,0.03,64.76,6.0,1,0,0,10.0,3.0,12.0,9.0,3.0,False
14.0,4.0,1.0,1.0,57.0,242.13,0.05,18.56,13.04,4494.57,0.08,249.7,14.0,0,0,0,11.0,8.0,30.0,27.0,7.0,False
0.0,1.0,1.0,1.0,2.0,2.0,0.0,0.0,0.0,0.0,0.0,0.0,0.0,0,0,0,2.0,0.0,2.0,0.0,1.0,False
7.0,1.0,1.0,1.0,17.0,64.73,0.29,3.5,18.49,226.54,0.02,12.59,7.0,1,0,1,7.0,7.0,10.0,7.0,1.0,False
5.0,1.0,1.0,1.0,21.0,77.71,0.23,4.29,18.13,333.04,0.03,18.5,5.0,0,0,0,6.0,7.0,11.0,10.0,1.0,False
15.0,3.0,1.0,3.0,48.0,228.23,0.16,6.18,36.95,1409.68,0.08,78.32,15.0,15,0,7,10.0,17.0,27.0,21.0,5.0,False
13.0,3.0,3.0,3.0,43.0,202.12,0.18,5.63,35.93,1136.92,0.07,63.16,13.0,0,0,1,10.0,16.0,25.0,18.0,5.0,False
19.0,3.0,1.0,1.0,69.0,316.36,0.06,16.0,19.77,5061.8,0.11,281.21,17.0,0,2,5,12.0,12.0,37.0,32.0,5.0,False
11.0,1.0,1.0,1.0,55.0,229.35,0.26,3.86,59.46,884.62,0.08,49.15,11.0,0,0,0,4.0,14.0,28.0,27.0,1.0,False
11.0,7.0,6.0,5.0,51.0,212.67,0.03,29.75,7.15,6326.82,0.07,351.49,11.0,0,0,2,14.0,4.0,34.0,17.0,13.0,False
27.0,7.0,1.0,3.0,73.0,371.38,0.05,19.63,18.92,7291.52,0.12,405.08,27.0,0,0,1,19.0,15.0,42.0,31.0,13.0,False
9.0,1.0,1.0,1.0,31.0,131.69,0.16,6.11,21.55,804.75,0.04,44.71,9.0,16,0,10,10.0,9.0,20.0,11.0,1.0,False
6.0,1.0,1.0,1.0,14.0,50.19,0.33,3.0,16.73,150.57,0.02,8.36,6.0,0,0,0,6.0,6.0,8.0,6.0,1.0,False
9.0,1.0,1.0,1.0,31.0,131.69,0.16,6.11,21.55,804.75,0.04,44.71,9.0,16,0,10,10.0,9.0,20.0,11.0,1.0,False
6.0,1.0,1.0,1.0,16.0,50.72,0.23,4.38,11.59,221.89,0.02,12.33,4.0,0,2,2,5.0,4.0,9.0,7.0,1.0,False
8.0,3.0,3.0,2.0,19.0,68.11,0.18,5.6,12.16,381.44,0.02,21.19,8.0,3,0,2,7.0,5.0,11.0,8.0,5.0,False
19.0,8.0,8.0,8.0,85.0,428.77,0.05,18.35,23.36,7869.25,0.14,437.18,19.0,1,0,1,16.0,17.0,46.0,39.0,15.0,False
20.0,2.0,1.0,1.0,249.0,1351.14,0.04,27.26,49.57,36831.07,0.45,2046.17,20.0,0,0,1,16.0,27.0,157.0,92.0,3.0,False
22.0,2.0,1.0,2.0,88.0,471.46,0.11,9.52,49.53,4487.33,0.16,249.3,22.0,2,0,10,13.0,28.0,47.0,41.0,3.0,False
8.0,2.0,1.0,2.0,33.0,149.28,0.1,10.4,14.35,1552.49,0.05,86.25,8.0,0,0,1,13.0,10.0,17.0,16.0,3.0,False
15.0,2.0,1.0,2.0,60.0,275.1,0.14,6.9,39.87,1898.17,0.09,105.45,13.0,7,2,5,9.0,15.0,37.0,23.0,3.0,False
12.0,3.0,1.0,3.0,22.0,85.95,0.22,4.5,19.1,386.78,0.03,21.49,11.0,0,1,5,9.0,6.0,16.0,6.0,4.0,False
16.0,2.0,1.0,1.0,70.0,320.95,0.08,12.5,25.68,4011.84,0.11,222.88,16.0,0,0,2,12.0,12.0,45.0,25.0,3.0,False
8.0,3.0,1.0,3.0,47.0,203.13,0.09,11.5,17.66,2336.0,0.07,129.78,8.0,0,0,0,10.0,10.0,24.0,23.0,5.0,False
3.0,1.0,1.0,1.0,5.0,11.61,0.67,1.5,7.74,17.41,0.0,0.97,3.0,0,0,0,3.0,2.0,3.0,2.0,1.0,False
62.0,18.0,12.0,11.0,319.0,1974.55,0.03,39.28,50.27,77553.76,0.66,4308.54,62.0,1,0,6,26.0,47.0,177.0,142.0,35.0,False
13.0,7.0,6.0,5.0,74.0,339.29,0.02,43.5,7.8,14758.99,0.11,819.94,13.0,0,0,2,18.0,6.0,45.0,29.0,13.0,False
0.0,1.0,1.0,1.0,1.0,0.0,0.0,0.0,0.0,0.0,0.0,0.0,0.0,0,0,0,1.0,0.0,1.0,0.0,1.0,False
117.0,27.0,13.0,1.0,485.0,3178.98,0.04,28.44,111.77,90416.52,1.06,5023.14,116.0,48,1,37,25.0,69.0,328.0,157.0,48.0,False
29.0,2.0,1.0,2.0,140.0,718.1,0.1,9.93,72.35,7127.8,0.24,395.99,28.0,3,1,8,8.0,27.0,73.0,67.0,3.0,True
33.0,6.0,3.0,3.0,257.0,1505.5,0.03,34.34,43.84,51695.65,0.5,2871.98,33.0,10,0,9,21.0,37.0,136.0,121.0,11.0,False
14.0,3.0,1.0,2.0,44.0,196.21,0.08,12.6,15.57,2472.31,0.07,137.35,14.0,1,0,4,12.0,10.0,23.0,21.0,5.0,False
7.0,2.0,1.0,1.0,33.0,140.18,0.12,8.33,16.82,1168.18,0.05,64.9,7.0,1,0,0,10.0,9.0,18.0,15.0,3.0,False
23.0,5.0,1.0,5.0,76.0,365.36,0.07,13.43,27.2,4907.99,0.12,272.67,23.0,7,0,10,13.0,15.0,45.0,31.0,9.0,False
152.0,21.0,4.0,5.0,430.0,2850.62,0.03,33.3,85.6,94929.66,0.95,5273.87,150.0,62,2,39,26.0,73.0,243.0,187.0,41.0,True
11.0,2.0,1.0,1.0,17.0,53.89,0.25,4.0,13.47,215.55,0.02,11.98,11.0,0,0,1,6.0,3.0,13.0,4.0,3.0,False
9.0,2.0,1.0,1.0,48.0,200.16,0.09,11.5,17.4,2301.8,0.07,127.88,9.0,0,0,4,9.0,9.0,25.0,23.0,3.0,False
8.0,1.0,1.0,1.0,25.0,97.67,0.27,3.67,26.64,358.13,0.03,19.9,6.0,2,2,1,6.0,9.0,14.0,11.0,1.0,False
22.0,3.0,1.0,1.0,123.0,591.3,0.08,12.2,48.47,7213.92,0.2,400.77,22.0,5,0,10,8.0,20.0,62.0,61.0,5.0,False
12.0,2.0,1.0,2.0,29.0,118.54,0.16,6.19,19.16,733.44,0.04,40.75,12.0,0,0,3,9.0,8.0,18.0,11.0,3.0,False
23.0,1.0,1.0,1.0,85.0,394.73,0.35,2.86,137.84,1130.36,0.13,62.8,23.0,0,0,2,3.0,22.0,43.0,42.0,1.0,False
30.0,5.0,3.0,3.0,136.0,755.42,0.07,14.53,51.99,10977.26,0.25,609.85,27.0,12,3,7,15.0,32.0,74.0,62.0,9.0,False
7.0,2.0,1.0,1.0,22.0,88.0,0.17,5.83,15.09,513.33,0.03,28.52,6.0,0,1,0,10.0,6.0,15.0,7.0,3.0,False
8.0,1.0,1.0,1.0,19.0,60.23,0.67,1.5,40.15,90.34,0.02,5.02,8.0,0,0,1,3.0,6.0,13.0,6.0,1.0,False
15.0,1.0,1.0,1.0,68.0,293.89,0.1,9.82,29.93,2885.48,0.1,160.3,15.0,0,0,5,9.0,11.0,44.0,24.0,1.0,False
44.0,8.0,6.0,8.0,247.0,1428.0,0.04,22.36,63.87,31928.52,0.48,1773.81,44.0,0,0,19,16.0,39.0,138.0,109.0,15.0,False
28.0,5.0,1.0,5.0,113.0,605.4,0.06,17.35,34.89,10506.27,0.2,583.68,28.0,10,0,6,17.0,24.0,64.0,49.0,6.0,False
4.0,1.0,1.0,1.0,7.0,19.65,0.4,2.5,7.86,49.13,0.01,2.73,4.0,0,0,0,5.0,2.0,5.0,2.0,1.0,False
11.0,3.0,1.0,1.0,36.0,162.85,0.09,11.67,13.96,1899.9,0.05,105.55,10.0,0,1,1,14.0,9.0,21.0,15.0,5.0,False
4.0,2.0,1.0,2.0,9.0,28.53,0.33,3.0,9.51,85.59,0.01,4.75,4.0,0,0,0,6.0,3.0,6.0,3.0,3.0,False
15.0,3.0,3.0,1.0,59.0,305.03,0.09,11.5,26.52,3507.79,0.1,194.88,15.0,8,0,5,18.0,18.0,36.0,23.0,5.0,False
5.0,2.0,1.0,2.0,26.0,114.2,0.12,8.13,14.06,927.88,0.04,51.55,5.0,0,0,2,13.0,8.0,16.0,10.0,3.0,False
7.0,1.0,1.0,1.0,27.0,96.79,0.22,4.64,20.85,449.4,0.03,24.97,7.0,6,0,4,5.0,7.0,14.0,13.0,1.0,False
17.0,3.0,1.0,1.0,35.0,153.73,0.14,7.15,21.5,1099.18,0.05,61.07,17.0,0,0,1,11.0,10.0,22.0,13.0,5.0,False
22.0,3.0,3.0,2.0,107.0,591.02,0.07,14.79,39.97,8738.67,0.2,485.48,22.0,14,0,12,18.0,28.0,61.0,46.0,5.0,False
21.0,11.0,3.0,3.0,172.0,909.09,0.04,25.31,35.91,23011.32,0.3,1278.41,21.0,0,0,2,15.0,24.0,91.0,81.0,21.0,False
45.0,1.0,1.0,1.0,215.0,1213.43,0.21,4.65,260.82,5645.08,0.4,313.62,45.0,0,0,7,4.0,46.0,108.0,107.0,1.0,False
5.0,3.0,1.0,3.0,36.0,160.54,0.1,10.11,15.88,1623.23,0.05,90.18,5.0,0,0,0,13.0,9.0,22.0,14.0,5.0,False
12.0,3.0,3.0,1.0,36.0,152.93,0.13,7.78,19.66,1189.42,0.05,66.08,12.0,4,0,3,10.0,9.0,22.0,14.0,5.0,False
118.0,21.0,14.0,10.0,440.0,2942.06,0.04,22.73,129.41,66879.33,0.98,3715.52,101.0,38,17,29,19.0,84.0,239.0,201.0,41.0,False
17.0,6.0,1.0,3.0,71.0,316.62,0.05,21.67,14.61,6860.09,0.11,381.12,17.0,0,0,1,13.0,9.0,41.0,30.0,11.0,False
8.0,4.0,1.0,4.0,28.0,106.61,0.22,4.5,23.69,479.73,0.04,26.65,5.0,5,3,6,6.0,8.0,16.0,12.0,7.0,False
43.0,9.0,7.0,7.0,186.0,1084.92,0.07,13.35,81.27,14482.39,0.36,804.58,43.0,1,0,16,14.0,43.0,104.0,82.0,17.0,True
42.0,2.0,1.0,2.0,471.0,2867.19,0.04,28.52,100.54,81768.15,0.96,4542.68,42.0,2,0,3,14.0,54.0,251.0,220.0,3.0,False
11.0,1.0,1.0,1.0,84.0,430.86,0.09,11.23,38.38,4837.38,0.14,268.74,11.0,0,0,2,13.0,22.0,46.0,38.0,1.0,False
9.0,1.0,1.0,1.0,43.0,188.87,0.13,7.5,25.18,1416.52,0.06,78.7,9.0,3,0,5,9.0,12.0,23.0,20.0,1.0,False
19.0,5.0,1.0,5.0,111.0,590.73,0.08,13.0,45.44,7679.54,0.2,426.64,19.0,0,0,1,13.0,27.0,57.0,54.0,9.0,False
18.0,3.0,3.0,2.0,59.0,318.15,0.09,10.74,29.62,3416.62,0.11,189.81,16.0,0,2,3,19.0,23.0,33.0,26.0,5.0,False
35.0,7.0,3.0,6.0,167.0,956.56,0.04,27.98,34.18,26767.81,0.32,1487.1,33.0,25,2,23,23.0,30.0,94.0,73.0,13.0,False
29.0,6.0,5.0,2.0,159.0,873.2,0.04,24.0,36.38,20956.91,0.29,1164.27,29.0,6,0,9,18.0,27.0,87.0,72.0,11.0,False
5.0,2.0,1.0,1.0,18.0,68.53,0.17,6.0,11.42,411.19,0.02,22.84,5.0,1,0,2,8.0,6.0,9.0,9.0,3.0,False
17.0,4.0,1.0,1.0,79.0,391.38,0.08,12.28,31.88,4805.3,0.13,266.96,15.0,6,2,8,13.0,18.0,45.0,34.0,7.0,True
23.0,3.0,1.0,3.0,100.0,495.42,0.08,13.2,37.53,6539.54,0.17,363.31,23.0,2,0,7,11.0,20.0,52.0,48.0,5.0,False
6.0,1.0,1.0,1.0,30.0,139.32,0.15,6.5,21.43,905.55,0.05,50.31,6.0,1,0,7,13.0,12.0,18.0,12.0,1.0,True
12.0,4.0,1.0,2.0,66.0,317.29,0.05,20.67,15.35,6557.23,0.11,364.29,12.0,0,0,0,16.0,12.0,35.0,31.0,7.0,False
6.0,5.0,5.0,1.0,29.0,113.3,0.16,6.29,18.02,712.17,0.04,39.57,6.0,0,0,0,8.0,7.0,18.0,11.0,9.0,False
8.0,1.0,1.0,1.0,25.0,97.67,0.18,5.71,17.09,558.13,0.03,31.01,8.0,0,0,2,8.0,7.0,15.0,10.0,1.0,False
21.0,5.0,3.0,4.0,53.0,246.12,0.07,15.0,16.41,3691.87,0.08,205.1,21.0,5,0,9,15.0,10.0,33.0,20.0,9.0,False
9.0,6.0,3.0,3.0,57.0,246.35,0.04,23.21,10.61,5718.84,0.08,317.71,9.0,0,0,2,13.0,7.0,32.0,25.0,11.0,False
10.0,3.0,1.0,1.0,31.0,142.13,0.09,10.83,13.12,1539.78,0.05,85.54,10.0,0,0,2,15.0,9.0,18.0,13.0,5.0,False
0.0,1.0,1.0,1.0,2.0,2.0,0.0,0.0,0.0,0.0,0.0,0.0,0.0,0,0,0,2.0,0.0,2.0,0.0,1.0,False
5.0,1.0,1.0,1.0,14.0,50.19,0.33,3.0,16.73,150.57,0.02,8.36,5.0,0,0,2,6.0,6.0,8.0,6.0,1.0,False
3.0,1.0,1.0,1.0,12.0,41.51,0.29,3.5,11.86,145.3,0.01,8.07,3.0,0,0,1,7.0,4.0,8.0,4.0,1.0,False
40.0,9.0,1.0,5.0,247.0,1492.97,0.03,33.54,44.52,50068.96,0.5,2781.61,40.0,3,0,16,25.0,41.0,137.0,110.0,17.0,False
5.0,1.0,1.0,1.0,13.0,44.97,0.23,4.38,10.28,196.76,0.01,10.93,5.0,0,0,1,7.0,4.0,8.0,5.0,1.0,False
0.0,1.0,1.0,1.0,2.0,2.0,0.0,0.0,0.0,0.0,0.0,0.0,0.0,0,0,0,2.0,0.0,2.0,0.0,1.0,False
6.0,2.0,1.0,2.0,17.0,64.73,0.21,4.67,13.87,302.05,0.02,16.78,5.0,3,1,2,8.0,6.0,10.0,7.0,3.0,False
5.0,1.0,1.0,1.0,12.0,38.04,0.32,3.12,12.17,118.87,0.01,6.6,5.0,1,0,2,5.0,4.0,7.0,5.0,1.0,False
7.0,2.0,1.0,2.0,40.0,175.69,0.16,6.38,27.56,1120.04,0.06,62.22,7.0,3,0,1,9.0,12.0,23.0,17.0,3.0,False
5.0,1.0,1.0,1.0,12.0,39.86,0.21,4.67,8.54,186.03,0.01,10.33,5.0,0,0,2,7.0,3.0,8.0,4.0,1.0,False
