preg,plas,pres,skin,insu,mass,pedi,age,target
0.5632026262897234,111.48308200569265,72.00976281224466,20.674593758084935,4.050346054493297,28.923741836418316,0.6942024202238519,24.327436116909425,tested_negative
7.410492465822379,114.0566900164045,69.45095034748243,27.108470868540987,164.86094982094403,37.03487546240176,0.6219824338156413,26.177714740727176,tested_positive
6.721158407334668,111.69533775543906,75.20611275237457,0.0,0.2715545138525014,26.58508191711113,0.3240724932287281,53.57625682781696,tested_negative
1.412570176984015,116.44342750022136,71.0161272617772,0.47509473000133406,0.0,28.30014946462425,0.6130348774667296,25.634297496749383,tested_negative
1.1933321152730898,108.19963554993313,66.00341186120299,33.952054420907494,83.5688674024036,29.858180940815643,0.23277623663248392,36.16058949626654,tested_negative
4.176542730739298,110.32780780866035,73.42832913256863,31.008036445183773,136.8313299939078,37.13274985104216,0.28161664627963223,24.79319816486468,tested_negative
6.477169048980818,113.28104477676162,3.4102834059143197,1.0197342322745726,0.0,34.74812271073984,0.6511807491982614,34.1167276050811,tested_negative
1.0862252748273657,119.6592492001293,67.16397989745582,36.98856807581139,187.06062618027119,38.242011454195186,0.5428904389486552,25.34831056262327,tested_positive
0.970203893922715,108.3156610366352,68.70323279422708,23.160533368626716,0.23891633591745565,37.461457265332854,0.2564736665393709,33.34936676446675,tested_positive
1.3283997697019982,99.00342118681598,66.27641359372872,28.676792310959765,0.0,29.03905751318879,0.599742982721628,25.61274878632523,tested_positive
1.0913754934166913,154.65046346671653,64.03895244123605,0.0,0.2314417821161744,27.877113571984452,0.2811883033005778,24.404854200325087,tested_positive
4.06718308840251,110.42432093657135,79.39624937470329,30.15187130906562,70.15167132860107,28.853041556538926,0.2809624942673702,26.381588064278365,tested_negative
0.7385901481284437,111.6140908231139,75.91242605788356,18.0491272975866,86.29410498367643,26.215170375084437,0.26335588677961713,23.72843098461859,tested_negative
1.1734408700358867,110.54621427415408,72.98952748119608,0.2040435471514254,4.893178246731104,29.348185835972618,0.5611867508352785,24.814504380147696,tested_positive
1.3466693681758701,103.13651136435662,73.0110967904541,19.387099121780743,84.11456321818466,29.513066748777693,0.691482477115197,26.002889361676274,tested_negative
3.049843801084673,95.36337510588892,59.99692908036279,17.16498087646924,0.0,26.841317574702785,0.2531038849188591,22.277069913065752,tested_negative
3.3607501551646943,111.62876181754636,63.85972286223406,31.35627632217346,0.0,30.4366512127017,0.3242851312842297,36.08904752593027,tested_positive
3.7747834525023336,95.98863467708588,70.97920090226602,20.25285360132829,58.46695145382708,35.146834012903014,0.2782781415442171,24.38929761959002,tested_negative
3.5636342643122716,109.78685108260154,56.5703999871072,19.757189027838056,0.10560211545826592,28.760263937370265,0.3358196079955602,24.856047591625863,tested_negative
7.279203826006139,157.01981518130663,75.41058925952177,33.813575426812534,1.1301974665492938,29.94379737620203,0.691895907574533,36.18773330585765,tested_positive
1.0381932864498638,104.34081901628326,69.45639501427041,31.105292117080865,0.0,39.654688687527035,0.23357838116224777,36.32739515771183,tested_negative
7.943735621991898,110.10678370379095,64.73303136478738,29.157812398874903,1.0990200469280262,28.299637494196094,0.2756891549490543,37.29778140648877,tested_negative
3.4914954564528147,107.36007333252711,61.95493508730098,26.816872219721244,82.34196909705439,27.08727169304667,0.23997816596384852,24.97043666832709,tested_negative
1.4325043702148679,152.5442804499075,66.67410933635823,19.940074188622994,190.41319132344572,26.69302926756628,0.2877944352901861,38.52097415471644,tested_positive
3.6405294262635763,105.29398945628913,73.9268280580975,18.579825057944447,164.85931869744127,27.19303816100028,0.6144798848874865,25.161279053425144,tested_negative
1.1064000762874187,93.99013089382579,69.81674295850672,32.481915883758965,0.0,36.486897576579985,0.18041829487964522,35.716594736535015,tested_positive
7.358720560426243,108.23303813839715,61.63927015648035,0.0,91.20995968754048,37.03172912002318,0.2952798520990973,25.826494989505434,tested_negative
8.712414996300323,113.22897455028586,73.43088563753138,34.283992465849614,147.24532864481318,37.11272954400339,0.2412597800991651,53.3620735544276,tested_negative
1.3519517190214965,105.61742249222486,64.09078734135781,0.0,81.25702348263466,37.0156892980876,0.23984527068655717,24.896589630909624,tested_positive
3.4409061121381597,113.26114002272318,63.83196844482275,0.0,160.21413912610745,29.44930477998175,0.304668410650434,33.925282923343936,tested_positive
7.009493593502874,115.31381652964198,69.72939057978856,0.0,1.6658722041803502,29.59265409043035,0.30552178562565124,24.285732051466194,tested_positive
7.184851677696422,107.08089771037773,71.5557858371152,33.64690456123177,160.63572936915784,28.72934559092874,1.2557777836599722,34.84215969749674,tested_negative
1.0550933646317662,112.91692629353247,80.37502171607048,28.57927160638388,87.34267614590796,27.767886605243362,0.3038042216683826,25.25324605406597,tested_negative
1.4861645109318014,102.44143673352312,71.11612084472617,20.15256269798154,73.69139460394337,28.343097878065254,0.6367928938303318,23.598911718636565,tested_negative
0.7825346747783175,96.29585326689995,65.24130844125267,20.146510003742886,68.84319001593386,29.06279794748795,0.280764820170988,22.03870022936856,tested_negative
1.2703600618898085,105.05874827762185,78.84576529832239,20.00868904630299,80.11314073475552,29.854723333349668,0.6668534344573045,35.19676290507206,tested_negative
0.7174875853862834,121.30117310711155,66.78723019586315,19.72233819644197,95.88942036169603,27.651101896208317,0.5534010109375473,23.26725624052739,tested_positive
6.295723985079483,120.17730329068952,73.13753550306755,22.363816372836904,0.0,31.86705173471666,0.28213956552084307,23.218264642743538,tested_positive
6.0472478436195205,112.69217207913779,65.09440967983653,0.22483072256606834,1.7854091275803112,36.3530330851536,0.2334307099223232,25.077787014347454,tested_positive
7.074127635299065,117.60387590636138,74.05261002444858,18.442914202955446,156.661481471787,28.9397189348127,0.5540872019617378,26.70662067234198,tested_negative
1.4805623289160446,100.4556943789737,66.44835713358688,32.885005786749964,70.87437830522904,36.966446042259726,0.6417467875685051,23.84646785788389,tested_negative
3.48442601162737,108.58633331857024,69.67008414974936,30.535726439992892,2.553848135276734,29.835163130368084,0.2169627718983358,24.298405069610496,tested_negative
6.388852884639269,110.44826722493457,74.60505825269998,0.0,0.0,29.44435862383109,0.2943440701268092,34.605096573048115,tested_negative
1.3151312891696052,166.42148457325516,65.43127822437445,29.27741528951424,1.0499423913446728,33.98768461737764,0.21275348567722197,32.94151264576924,tested_positive
7.2821589435669445,169.42579062882612,69.59638120091121,32.43631351703399,323.48201179842516,37.22353884965648,0.2084411970230844,58.306270829527136,tested_positive
3.971870504825548,143.97895656926883,59.79509077100609,28.14033191512899,175.38588948377975,27.028229118186733,0.22364688314687686,34.575294514892335,tested_negative
8.834644755749277,101.14232256158672,79.18915709524771,30.990569833701745,144.81672734434414,30.79533423884896,0.6745247592367997,51.80142036107447,tested_negative
8.826211851050568,103.34811372968224,65.37031391047785,19.061980880470976,77.2796992060204,29.262279511185536,0.29019081808225927,33.39689699185893,tested_positive
3.352578433475139,107.18458864821625,71.04186350593338,0.0,0.0,34.223202046261,0.23667056420307467,24.423413272150867,tested_negative
0.9130632993142554,108.2658294987242,7.798979310075473,0.0,0.0,37.370082333834766,0.27795723995999533,40.50618964596949,tested_positive
7.471065492475712,118.90057281419556,74.81365207836612,36.86072623940036,146.5925711749412,29.02689337944072,0.8098327679263697,35.404738004558766,tested_positive
4.411536618584711,101.25642374685698,71.19401391480918,32.142699427861494,154.70044650057415,28.43995906504786,0.2536417958276267,33.42495512490586,tested_negative
7.629328026879721,111.42877726830186,65.58381218908568,31.487440501419993,0.0,28.372665605195508,0.597294204794714,24.50727186493494,tested_positive
1.014848761521014,134.2462543390574,66.96813559910825,35.44775342588393,197.72646627711546,38.14079100397498,0.6367175758816906,24.019274193155354,tested_positive
6.536025586178609,160.6678228638484,60.334314692445815,33.34863110939117,175.26114280978945,27.912958317213064,0.6081754565578747,39.31632573494367,tested_negative
1.4997859874520965,96.38048303212032,68.36600255869881,19.404908195804357,72.53840194021781,29.07013563956359,0.216535088309942,34.36156075086743,tested_negative
3.5075593214560987,107.99269528981324,70.65563345179328,30.355050498722314,1.9782587247067709,27.707655662827154,0.21680009881940276,36.23978666949731,tested_negative
0.810056411217714,117.81274502534917,72.86476379191566,28.828922520026637,82.66373660453097,35.106941308241694,0.5811624634697639,26.381688177333366,tested_negative
3.3730127829338294,96.36305418119515,66.23075979720986,36.69578331141054,166.84982478587065,34.71134066764421,0.7828175786156487,23.517190981007108,tested_positive
1.2618201806955671,145.32409692861737,79.91754123990435,29.55609439353393,0.0,31.123795795876752,0.2581586223789618,38.10487941266732,tested_positive
4.177123172990856,94.4088486767317,66.72941057528912,29.580454176966306,67.6726538041942,26.796194372263326,0.6675418819349592,24.789393119175944,tested_negative
7.049970365407314,146.20832243709273,68.13633262419947,0.0,0.5687976021191623,28.319238621531618,0.6021585749169289,35.44989726949941,tested_negative
8.073276364641002,105.11134048244448,63.81187072773846,27.421779844868286,195.09083959511995,36.79538641675678,0.22417091353149876,34.09715365256842,tested_positive
0.9182382653302709,139.3415770385109,61.10966484468992,28.36638156712435,394.27985215608925,27.88334629736084,0.25477068105635586,23.121842444577567,tested_negative
3.7200154539897965,152.82133179521512,65.60213893380981,32.284144953703496,0.4825662595362777,38.36862336661211,0.2222783837698326,36.27866231272924,tested_positive
3.803803877475609,108.69425196199782,69.14440529960675,0.0,85.1940432433794,26.04123824917008,0.2671564854751983,24.535435949418837,tested_negative
1.0240455513360203,160.8018777733815,65.4586318663837,31.550238514193147,0.0,38.21106415751684,0.21205368138390357,32.506743394346614,tested_positive
3.7304087079997212,109.16554696715521,72.24631432629941,32.17411245877304,74.00770408813499,29.299845281115488,0.5140347768955178,33.8632781799496,tested_positive
4.03049465657602,106.95050672937577,66.16558461849742,19.878663942293414,81.17432539986908,25.791771588251752,0.24333086583693203,25.073545535706785,tested_negative
3.129704863790948,106.48860587228451,67.34753246868428,18.559595953042084,166.10507359135772,26.189564418850015,0.21155897564521403,24.255355498138318,tested_negative
6.484231162416926,156.1319264006077,70.0601571506391,34.54395585037319,1.4721099831834255,37.17815534501841,0.27273282181686187,35.20003779875829,tested_negative
1.446011091121298,100.51192949437777,74.20701619655358,1.1133174786691358,0.0,29.684819369010274,0.7383577710774453,37.0772960107964,tested_negative
6.458856779784023,113.27156713266847,78.88058438333249,33.6404006650999,71.49690620928277,30.475846242295916,0.6356447101188312,37.04757166629428,tested_negative
1.3043798906348898,153.23742966481376,66.2256724164068,31.605899295624173,167.26723704488487,29.276943261209833,0.24526667758067341,34.26628189143566,tested_positive
1.318769116356562,102.38447182068649,69.80961253619068,28.382723023444267,165.2039714147516,28.86334336945768,0.29505247455789263,38.945433746760585,tested_negative
1.145514579232527,156.4163974312608,59.83124513329497,31.777667141666637,186.1137329175126,28.898126242445567,0.5888040929690984,23.030175866390486,tested_positive
3.489393538973354,101.14222655159976,61.33544011367145,19.903601628774034,77.76044964762592,29.204943022532532,0.20752847688841164,23.948123003747742,tested_negative
1.169032383932117,117.10617714835436,73.65100295737169,0.2576754723390292,1.6255378885631993,28.433285378722488,0.6238109220871193,36.54617238905629,tested_negative
3.7819772658815016,109.85349568586467,70.31617886873356,0.0,86.56294648067258,27.599337947856274,0.23546106776460562,25.53852736606064,tested_negative
0.7409927714219946,149.32394398372375,72.7438930061509,20.63178261835281,150.02329473834195,26.598980224189262,0.24015292132441823,22.797633645355088,tested_negative
1.2347585207412017,107.32865953321559,70.84804264682468,30.156351899862116,0.8549470825633569,36.60226012736179,0.20163699810861535,24.559000309606624,tested_negative
0.9015240582116213,119.34360360715539,62.9665562748912,20.0473450564534,90.630885302553,25.937600482249056,0.24622255343112467,24.319701425915294,tested_negative
3.4247562862368,152.8194642111679,65.64271207717026,0.0,5.090418221883181,28.06344155041267,0.25763220705197576,24.421926911863455,tested_positive
3.8525022182715127,99.47311298090342,57.25879821567115,16.387671731699474,0.0,27.366773401688807,0.27411053161877197,23.907218741771626,tested_negative
0.9309103210030474,105.87416960414359,68.70787358757173,32.42982075162147,88.8264027093668,29.810595846961412,0.23812122646234948,30.110781626854052,tested_negative
4.3393670485633455,104.62364013156119,66.78826465131736,31.27597054963545,0.0,28.222117781938863,0.7193953470767549,23.543703366660896,tested_positive
7.02522529734135,116.86055078815384,79.075922506512,34.12007018944647,97.89165186606223,35.98552453717473,0.5391086875805426,36.21241783111783,tested_negative
0.8754739994267248,133.88106343598966,76.14974820761348,28.03981747340479,335.6001601841635,34.3777879234309,0.26412840502729534,23.77366842612852,tested_negative
1.0395593941355283,165.4850487240087,0.0,30.541303302324405,98.70964750124682,33.84799527214306,0.6648689600258381,32.5329114391745,tested_negative
3.7785575694020173,156.26700608764793,74.21095154830324,24.699003921238653,2.903569635310506,28.305564220304948,0.4900190136092519,24.600813543151613,tested_negative
1.0474753436385826,165.9297948724701,69.92138718599428,21.98611909924118,352.2962665062151,35.47382822955848,0.6673830840224118,24.222519811183215,tested_positive
1.2950953152804525,148.9090568783591,69.62084163536174,28.83503917235401,1.1578321579755317,29.068710837633844,0.24732649264849976,36.89401025467241,tested_positive
7.776547633486162,150.51606007446497,75.93049939465963,0.0,0.012427176472387558,36.84991764166137,0.659374710320964,38.19286317286722,tested_negative
3.8005490271581026,97.67898407698806,76.28024465103623,21.954924451868038,0.0,34.83191930726049,0.2778328213600901,42.70772410304252,tested_negative
8.560443653211898,105.48101204963498,77.53590698316633,0.0,0.0,29.373693211912148,0.7934704599534926,38.329656099673755,tested_negative
7.1566316226592805,115.88558152367047,72.49098995180155,20.3245493452784,0.3202128628302306,26.756289729764255,0.32075861463004873,23.466373694233493,tested_negative
0.7059849458316421,147.49434038035218,58.76662484269645,18.965753719606838,161.45972959758743,24.664389712566116,0.28708811565595727,21.76050803773718,tested_negative
7.565633529337045,109.65875940406436,77.36534325118717,0.0,80.87354679263106,35.366597740555335,1.4975656198183254,40.08026928684179,tested_negative
7.730202123186141,161.56763003753116,68.1257348218912,0.0,0.42291837322409315,28.536211648216607,0.2704470791658048,24.73294522265693,tested_negative
1.2830266470006562,110.34715792272661,66.96561273236871,31.42780125435802,84.53548652941087,27.62305015735033,0.6481647817245827,24.776231000971034,tested_negative
0.9431785868544368,118.48597191522445,74.14835049457523,0.09327604952666749,0.935784478265031,27.438965844404752,0.6600915368142584,23.60872987756913,tested_negative
3.5818763391246553,118.8383279597339,60.795944523533926,0.0,1.6778501310903928,26.694149998851792,0.24410325781831355,50.40906630799022,tested_positive
4.077982539481548,93.27940298916786,76.98855606700295,20.081693206463562,69.33652232103583,28.86114868433804,0.6380515688402747,25.644021539415593,tested_negative
3.790307751324527,95.23909564668391,70.46406200870142,23.254987954749534,74.48921859142479,36.22658797275769,0.6396590040006971,35.2679817745331,tested_negative
0.9851287893487978,101.06588645879836,71.91623205301785,19.780461228927166,159.66523099945624,29.02780827617195,0.6089426327399197,49.15623812366552,tested_negative
1.3638472295418977,95.51066657905865,77.91453626052548,34.554559189538956,51.697156764890735,38.579320226305015,1.3425537065143476,37.25622212215184,tested_negative
3.6096416550005928,108.169053178879,69.8247993930527,0.17397776265335804,0.0,27.60264555080928,0.5688354258755081,23.659207554540927,tested_negative
0.8702963983367817,113.3421250543877,71.49239893042056,34.792201336070285,0.29557153288943655,35.910928456076896,0.5788312444178655,24.294777452344352,tested_negative
8.52881538698345,107.62246057543653,78.13971565241043,0.0,1.2801927261878077,30.165110551282027,0.6624065758020582,37.537465674712514,tested_positive
8.932469387310146,95.44028518203065,69.99904110432858,31.498500100293203,81.38143269105602,35.56128304291008,0.5305385715520212,33.67904421164867,tested_negative
8.024468112151215,160.45748692994042,72.4643555270406,32.06930581390433,0.0,28.999747587985514,0.2246281350155705,38.805973499196334,tested_positive
0.6811313442192993,101.97430682617652,72.09134671623112,18.632589645035516,98.06747933395347,26.676346617885336,0.7277777788780531,24.140112420430864,tested_negative
0.9936234697467501,105.34697299295736,70.9982452624183,19.079568029351286,0.0,25.35088361072209,0.24723769797977402,23.809219221612587,tested_negative
0.9978110011903111,107.64695876931026,73.92315156048441,28.653164342843098,145.5603343968966,26.796084364364418,0.5224565193564024,24.293263190331956,tested_positive
3.665830640086412,106.31550016961272,71.45176075316193,0.0,0.0,33.159782715872254,0.6516695093586004,54.49758906351979,tested_negative
1.0531300378529351,143.56279467232807,72.51163324882965,0.0,3.993747541769899,28.80342269337463,0.7208011410897134,24.031561113371925,tested_negative
1.4591796615267425,143.15525416491798,70.69964261951648,20.74211092375894,86.37315654537046,38.75061053241224,0.5930837610564319,24.782458582697917,tested_negative
1.2907575827673272,104.53261446053185,70.73354850685787,0.0,2.44889175983934,30.192049957455048,0.6729084451670426,23.675465306665856,tested_negative
0.8927905473315271,106.60871223917627,64.28032559413062,0.0,0.0,37.41029056475426,0.5530672849958915,35.33773963090535,tested_positive
3.4025569278905015,162.07033100234798,68.31627917790154,20.08154581467027,83.85074052691576,27.087512636504854,0.21360487686862195,34.630861169291045,tested_negative
7.361877962829048,135.57593768451062,68.9008070583389,19.80883980194574,0.2859033210728379,38.435847262777905,0.22425644070905731,34.76028569930601,tested_negative
0.9586064213976506,118.03480154140753,11.880742305493058,0.0,0.0,25.494047532389864,0.5780464980876786,24.71841700268149,tested_negative
0.7240534176487685,98.75591959357888,70.38785396331603,19.743285836336625,94.04755691528541,28.935111751687216,1.3433551052396195,34.04684166998348,tested_negative
0.9608756913936017,104.88714804800517,66.23786675286065,18.421641212426174,142.86109098698978,26.20454408016849,1.0611984408647142,23.50422609051788,tested_negative
8.473631110365911,106.82806224585521,72.73302417587288,30.933412909415832,88.3148440219746,29.32868242680618,0.44360928945943445,23.805213158570893,tested_positive
7.251411128247025,114.92772087426965,73.41064984354998,32.6264381781057,154.510209807718,36.743355441836876,0.5849098450558126,25.675059334995,tested_positive
3.584375107390407,96.44357131608773,64.9710855463268,0.0,0.0,35.81059183203879,0.19328972964710087,23.974489342611225,tested_negative
1.7104414575029212,99.55812253246465,74.45200209461917,33.0635453556223,1.505960860497245,36.74617614493617,0.34030593369533507,48.96336196202414,tested_positive
3.7824503811636743,163.45944231876476,85.29129364534847,0.6230228203052485,1.3069743532801346,37.66025063244153,0.7074887120304688,34.94068657004274,tested_positive
1.2693378313517076,114.88010842794824,71.47740076797247,21.26213869071731,178.70577181353357,30.52962193084185,0.5897664380526111,24.196730507061165,tested_positive
6.9381161960599105,100.7197315656623,68.44611967597199,20.869593833379277,0.0,35.264020174765754,0.2656092245885814,22.61030829351299,tested_negative
1.2693442742930294,110.45137190231374,75.85223574348444,30.70254564259322,1.3485319732342924,29.019589281767246,0.7560096069480624,39.17121019904096,tested_negative
3.0862074158895956,121.7306342860274,67.53984090922812,0.0,0.0,27.946591855484904,0.2714523679285162,24.67372306178756,tested_positive
3.3193172454712525,115.76086819654967,73.45257556384685,35.59383229735808,83.9107836959983,36.66732053714538,0.23797882333291556,24.70287774079699,tested_positive
1.3014180675401656,156.73479845694715,64.46515321420014,28.68018780629806,184.28728535273862,28.02540600958024,0.2032695315357591,27.244571926751757,tested_positive
7.049008939365271,112.51658348528407,72.70136692366101,19.258519043562767,0.0,26.183408933062218,0.6707665125922732,24.368140105925622,tested_negative
0.6373989150410024,107.90753207669852,64.16606455904143,21.103508691915657,83.0969981952882,28.485445274622446,0.6757635345601365,23.759202672701544,tested_negative
6.424953698950307,111.15572000410356,66.03570231292099,0.0,1.0268639297820505,28.166951591485482,0.6888109831180337,36.995692162354175,tested_negative
1.6304522519199813,101.50998855306847,68.98884757899442,0.0,0.0,28.352295376122868,0.661537982246659,24.00135685059303,tested_negative
4.472778198304478,102.26624828255812,63.60882784962738,18.909906257293898,0.8722215139654947,28.9012285615722,0.2654317032946342,32.09367002858913,tested_negative
1.1627204391868793,115.21766678130192,72.60573281439248,35.136960373135075,3.788198955256364,30.347864236769517,0.9649979830124128,36.770790480687985,tested_positive
0.9689595303638815,119.18554503930804,77.24376638309936,24.80639010929955,85.54502923215229,29.832527484299465,0.6971663717442348,35.962998427740864,tested_positive
4.060343414176097,98.70141144262394,66.19439015029252,31.729599052993983,89.88651156986437,37.890182561981376,0.21590476134491096,35.09053410663735,tested_positive
1.18033333270151,110.4311151622946,78.98110628661313,0.0,0.0,27.516692758355266,0.23294317751224586,26.206592443060718,tested_negative
0.8682267741602563,112.47186926448694,13.98779198768835,34.28015645891211,94.87234211369461,40.649492570047244,0.19991356978334382,24.99203697612027,tested_positive
1.4458976419102814,103.68056836227305,66.4813049722953,22.783344736729575,0.47333094659571445,28.106872641365772,0.24031735090783443,34.13301022355773,tested_negative
1.3435778845984168,117.30789716926202,66.60416906305736,33.61705848523326,91.39173719408966,37.8689856697652,0.6654423753862627,26.038862264450493,tested_positive
0.8611341794855109,108.05667516019443,66.04471511418876,18.277889828939784,78.49371959362229,28.953380084686987,0.17457619463961715,23.774137383330018,tested_negative
8.16501976521875,109.4848093603996,60.24311474172231,32.41192061358825,76.84230952702153,28.63011340629969,0.566827285125481,23.369301843963505,tested_negative
0.9934993076612375,109.18332364540065,71.18596100426754,28.19787332548616,87.56915230908297,36.918075358636635,0.21012532847090085,25.029545181722625,tested_negative
4.163027923742048,100.96479644973653,66.0416812668207,18.544292539504397,0.1139561339648335,29.732468347301417,0.23095307757423236,22.51898003415239,tested_negative
0.7696060519779054,106.99160401697719,68.16663970220515,32.488361395775264,0.5118948503211074,29.580521003967892,0.6212355829760561,34.357638491405964,tested_positive
1.622723513285374,96.51129846233681,60.2923232975227,0.0,85.57896551922393,32.311488607460014,0.2836410261142447,24.128130420259527,tested_negative
3.349326841172209,108.67375006989566,68.60410751793705,31.043570708850407,151.34859489122462,31.22019465753999,0.7488308412798558,39.626149671664216,tested_positive
3.237046388767798,109.6300125024169,69.63654908377318,32.16734314895975,78.4467324202782,34.81223449321386,0.26427451407253777,23.699507431838477,tested_negative
0.671277949188167,156.3655641223556,77.79507379503842,21.763951401960075,199.1602902666971,27.650004157812816,0.27222848897452734,23.323727416246797,tested_positive
1.4095498923618135,105.83099579674494,71.20084431621072,38.410664341750426,80.33952139022,31.947859321647318,0.3252782409611436,22.68832767992416,tested_negative
4.462793110235784,108.13197554990911,66.46546104880692,30.42021341289303,68.38231199074089,28.858022064342624,0.22136967609747765,38.20445138745198,tested_negative
4.3385697491113575,106.82396693378456,67.05822324591814,0.0,149.69108651674813,31.54934768879191,0.20253069412124985,55.33192791491375,tested_negative
3.2714859232953737,104.65309392952486,62.81073633631997,19.32264682608113,83.65031268341063,28.540176424451822,0.5978003305386472,22.191264696054095,tested_negative
8.295578455990755,118.13741920304682,76.2104712873952,0.5327790937663804,0.0,26.58757919279376,0.7409619299177154,56.12281968377477,tested_negative
3.6352736393392577,111.59490371334513,68.10266348587656,0.0,87.49506767238454,28.192278569615816,0.2632571745947639,25.02077808493451,tested_negative
0.7565250402542948,110.36476086771043,75.76994607753898,31.50125689009862,153.1473840217077,31.35920994590371,0.5411401479544576,24.118768870974048,tested_negative
4.049948050660332,110.41181533193988,66.97074624559214,0.0,85.36162796351206,29.43062787571788,0.5277027442799059,38.00914675157913,tested_negative
7.829982593928064,105.6948852334498,66.03141776437818,33.12481478588903,0.0,27.775939864969324,0.24282165210075007,36.88281603247138,tested_positive
1.0661214162379153,101.17225094056192,60.54750798449669,20.103128244220116,0.0,28.696307940249493,0.6225972321800296,24.262454425749716,tested_negative
1.5586564487121373,98.53482803865535,65.48540372731371,21.503941103828133,65.231577340104,30.328342584741243,0.2780036077500664,23.682671447696602,tested_negative
1.077052845992468,110.24028619832622,70.99293130415472,0.3600536423017422,176.2196897525861,35.52296859187941,0.2758857094842722,24.115122032230385,tested_negative
7.165502403349462,106.13773798257304,64.69764651689955,18.51446517215405,82.88230649138443,28.27945183103935,0.5316802841193095,24.763110443843036,tested_negative
1.165500998886352,96.45265945130971,63.27154667621827,18.174948385673925,73.84932898394162,26.71473854851292,0.22942340347830942,23.635150270819214,tested_negative
1.418059919281866,149.06070383970203,66.6951441182315,0.0,0.0,28.10573082752767,0.17059538868536595,37.08691714352377,tested_negative
0.8040111359539583,103.40715318742713,69.16277369165483,20.121041999915104,175.93809055844682,28.649744549919458,0.5027769309820159,25.365322619143075,tested_negative
1.2714820540999887,107.56240739199065,69.67662285970121,34.79728949904281,0.7849375055845995,38.03536934548347,0.6650200601414111,24.69502977680296,tested_positive
0.9041452070725841,116.61863357327258,61.447261897033016,33.43418680772784,1.2680749930678217,30.207205163293057,0.25289242008769786,36.476569371978854,tested_positive
0.9472861549384076,116.36008171666214,73.83190739952471,0.11498018295116336,1.5823366494485502,34.169274439061695,0.328519625870003,24.219165086842352,tested_positive
1.4425955602554297,106.27175121377948,7.1914567513230025,0.2314196716319251,0.0,30.47951257563767,0.6667695989844539,24.78431662935978,tested_positive
1.3693700475845987,147.76828244282004,69.56174560439953,30.34485109490435,0.0,28.01955359624235,0.29526891463188415,22.873696746045844,tested_negative
6.831052745065915,161.52924204887523,65.69882736110245,19.804753238858773,85.593784018707,27.42016771116092,0.21055898866400577,24.056092414085562,tested_positive
6.992945072829227,104.95428576585326,64.4678910452041,33.48406128424494,0.0,29.45207081088174,0.578130633245755,23.89656403082204,tested_positive
3.7058144013035976,104.95783114730236,61.808777327887185,30.089030261139527,0.0,32.98893053695588,0.14294157695680992,23.27732259987918,tested_negative
1.1200136624314176,108.13070888650512,71.39585010175418,34.884624298179226,0.0,37.56264939909399,1.3490902451686626,23.40616676904978,tested_positive
1.0212245105452942,115.60577256981908,70.78163929253338,32.07606873738801,172.32623209308088,35.488431846913564,0.5656629051903843,35.69650986115044,tested_positive
4.202590768227143,144.19399779341592,79.93081135877236,20.49248701020831,76.74947131595167,29.47744732010298,0.6811724062946748,26.336750075523675,tested_negative
0.7999614504234753,95.38349223644916,10.013569711792899,0.0,82.33173131571891,38.802842678659474,0.6971846114097375,25.481770176838,tested_negative
6.946399217909268,167.25151417394468,70.45076488915248,32.417294356166515,1.0786643150381965,29.133849557349873,0.24799010340934458,35.8353672638868,tested_positive
0.627822388340864,112.83901479676719,73.63916198244338,0.0,1.7089110081953054,28.310530994331533,0.23735621685044916,22.752159497270846,tested_negative
3.7277604109282914,102.62308519823144,72.35301653227287,22.338358653983335,68.57040217702178,36.79404501526634,0.530411387492697,24.492262007048666,tested_negative
1.182802998213976,107.20012418827501,72.54476081175913,20.894729891627144,2.7410060811927166,27.322063107495694,0.6957115116207904,36.06010910215169,tested_negative
0.9408717614879585,164.1633905722429,71.32153357570677,29.56215066601772,1.9968174016143525,36.572842256573786,1.287900925561236,40.0517881687942,tested_negative
6.778948561027768,105.05015082635224,69.14893508681486,18.060143159228282,78.65790848404706,28.26691466518726,0.23135528623578472,23.61003701091791,tested_negative
3.726903974995901,109.93515066063443,74.81682848772772,0.0,0.5325671626190305,33.90857403180112,0.6581773238777716,48.19216945001663,tested_negative
0.7718587952355467,106.67078436681011,63.90493391566288,35.20323131549304,2.556099672465506,37.60190327199196,1.4545231018835723,36.25228104736425,tested_positive
1.1072858099960652,145.5725107861873,75.06115860062306,0.0,2.2889904983348366,28.524532361547394,0.5679360705131156,52.22940097677636,tested_negative
3.7958087331444017,103.92805810617631,65.79617958266613,0.2006885473585807,3.084099781062141,34.248751997649855,0.18911207173035502,23.690249597845632,tested_negative
6.3553678784036345,114.61332280346818,73.3921151825701,30.188075701909685,0.0,36.101448114284516,0.20062616625547822,24.184413977700622,tested_negative
1.6901304561231525,152.07580893384485,72.76779024063596,28.73243756199833,174.78999769552522,29.799670644475338,0.7449572628328734,50.50411790140453,tested_negative
1.2282457610944435,97.08952529308303,62.06011316139972,18.83969521348884,0.0,24.959135431920856,0.537561007303657,43.492674369406274,tested_negative
0.7785478895758999,112.94196393592475,12.890423192149514,30.863482309903905,0.6853646984524341,29.973956200022364,0.3125053219643018,23.223474103019196,tested_positive
8.729035616660951,120.3418862840436,83.30831521012765,0.35321778264516746,0.0,27.345101432557694,0.5815762464999537,33.819926345469135,tested_negative
9.713772732169344,157.62804449169212,72.3752778278366,0.6404626975340051,0.9568309887546863,31.769084507587344,0.795019409485452,36.12925356547159,tested_positive
1.4858940558511553,141.48866129700704,65.32924740651055,33.2621663025202,2.2349513653201822,29.79938522973887,0.6276486675829946,21.91071759883437,tested_positive
1.4580393499857072,117.09415280897402,72.73166198801555,32.275340527473645,74.52110113519005,27.849756714059875,0.2814785979344761,49.987679887919626,tested_negative
1.1771569477843808,107.96589885687649,74.0846541162272,31.14443168152785,177.77857377819396,37.19630847719307,0.2949136405557792,25.003131035127385,tested_negative
0.948615323341252,123.05775481422522,75.44444821353271,30.80025706619426,152.20467033096855,29.887103380490533,0.5787329212210145,26.11878246628704,tested_positive
1.1238484743842703,108.84851600855647,68.28072405653154,0.014295171745286578,0.0,29.249382771642594,0.2507923116908915,24.74964248941685,tested_positive
7.762018980702056,153.62079787219224,71.35592153082293,31.16904677300075,339.878643203979,35.51746980520908,0.24983834105856176,35.418671321044776,tested_negative
1.176122425183113,101.1304124619377,70.41795650891105,0.0,0.6639675428605023,33.47561516521378,0.23125557514422865,24.574844554002908,tested_negative
1.4749094050260068,106.04992256952563,69.53969574909588,0.0,3.0826466030530155,27.713485530741455,0.6302387015534348,25.456795051297533,tested_negative
7.532961930355597,96.35328425353407,0.0,0.0,0.001755750543517176,27.616914841972033,0.26355835408491834,27.04305020943884,tested_negative
2.925447976138288,111.20535731927984,61.06280712014474,18.110544871633174,73.40155005741819,27.17910453849528,0.17301357345800503,24.259916493174376,tested_negative
7.6580477732983665,105.06083011442784,62.62229116561896,31.481422982345425,80.89428847332262,37.16579370664773,0.5887298621139232,23.110018193263283,tested_negative
7.139410520690132,155.5404128577125,70.40650594761068,0.0,1.7451226089580127,25.514356449957518,0.2785324152095806,53.789849729055874,tested_negative
7.2911162970476395,111.93056435031085,68.65244724648694,34.322115805597484,0.0,31.642544583078692,0.266353627540858,35.06683608636894,tested_negative
1.247183065033362,110.29463202859908,71.03112694595443,21.10777551684073,163.40637856501374,28.447141632562044,1.37295125743835,49.85561188122678,tested_negative
3.557749756751333,165.52560680791825,65.14503680756361,18.29911424717354,167.8456541356877,26.58383878654886,0.27654601347110197,24.6803602574949,tested_negative
4.060337835705095,99.71629655535962,63.86643577012745,22.337835140944808,144.06225213415448,36.19292849995835,0.5478124984768217,23.62962414678721,tested_negative
6.602179676649321,109.94125382713189,67.74712700892209,33.71267635387321,0.5791039411584444,35.050992341502806,0.6519113876547532,22.583924422371574,tested_positive
3.494257505696838,99.41562244377106,70.5673536392298,19.131573255598234,72.62078959017117,36.44494363077281,0.2572563887917585,24.72559636638513,tested_negative
1.0969439390634301,148.93857636072002,78.35986276610558,32.83045920212001,0.6871198890551088,38.904533825184615,0.30706527606035233,23.793750838438406,tested_positive
1.2652311539969519,117.30087993299941,72.66095204013159,36.003713318026534,161.17181611872505,37.40931701792347,0.24683241192797897,25.807821822528886,tested_negative
8.30419687365325,115.17110862186269,66.5880063773587,34.23821481977702,84.40361802468361,32.212838473131654,1.6664506300916915,24.856760001788906,tested_positive
1.2038473072654758,105.34413917919649,72.14877757505423,29.483602875848582,79.94466827765909,34.30742162637167,0.25720359488019157,24.048590535592208,tested_negative
6.634951858615218,102.40338882640965,61.850656595399656,30.30491984330157,0.0,35.70049816524774,0.24719343322502269,37.371679554961986,tested_negative
0.8440564063922746,116.00377832484044,66.50893797173909,0.0,1.657253360449178,34.67521156267981,0.20899799210874467,24.67352452227436,tested_positive
2.138858397754002,101.52933517310039,70.45967672569378,34.68375275066939,74.17129346788293,35.632130356741925,0.617621314515856,33.674260237850845,tested_negative
3.657670848824334,89.87384732526948,68.53639906065408,29.032094597634448,71.64064727881672,38.848663688148626,0.6517886636167295,23.188718048609047,tested_negative
4.304397254584266,107.90355875200055,72.36200770896859,33.28587039858869,87.91990064218109,29.303119289666327,0.2883257750904289,36.08528328583128,tested_negative
2.9772543456451825,168.07270944023526,70.68319253724842,19.04610632373429,155.25263434204712,25.491909882028825,0.6213154270530327,24.550456655662362,tested_negative
1.2122090277712316,149.39602294399242,70.51305419363908,23.30140024865849,0.0,40.77322782064814,0.3072470826921141,34.95897479119645,tested_negative
1.3481813513273484,160.91391878775113,61.41547217429456,32.86526117875341,95.04909504999083,37.95729464443701,0.6801097871222536,23.76187053569769,tested_positive
7.281911969213633,119.37336184184988,79.70995431838581,0.3623543553547264,0.0,38.618869918035436,0.4020302083253711,37.45684565520511,tested_positive
0.8356320527772179,149.35261528365336,78.15162550560528,0.0,0.3572212170922883,25.831892666817264,1.108320653462125,23.66680469452069,tested_negative
3.6249189072498806,105.02598000830432,71.00376341270574,0.0,0.819345224889964,28.519253978788388,0.6533687569074405,25.521281684649576,tested_negative
3.549419242009616,98.15975469438168,61.27823270875957,18.136976574927594,64.27120420774658,28.60301236148672,0.6063726552766633,22.63997673906135,tested_negative
1.1998938501811858,108.4436150046452,77.20863398206751,31.888970597832806,0.6678631379712413,30.226358102989316,0.20212199537204642,25.43861378756795,tested_negative
0.9287934287961797,102.17810078433428,75.19813472692505,32.137485788026524,90.77558852383751,28.921507464469062,0.25312327205650037,24.27726544220114,tested_negative
1.372314738987421,106.77496188690851,69.30082279718572,17.227585959395846,2.736468204628296,26.15572824712984,0.6047700011239228,23.719552155997455,tested_negative
3.4794928750863288,97.76455692765002,75.23767437592336,32.43903997177376,144.5799262174733,38.084933936073945,0.6656985063591799,35.61732576819801,tested_negative
0.804366002473212,101.61661068188566,66.20709162300653,33.411029831419874,81.85884317954971,35.650053586237014,0.2255695232114327,24.48655725992133,tested_negative
1.6626328139090214,155.99684111848154,68.2446291217703,23.07362737782644,1.9978804366529945,28.3638724253197,0.6868380730105716,23.580369231679402,tested_positive
6.555853557710374,113.13254041793374,73.73789112860979,17.425933859222294,179.66669649664323,27.431995074795438,0.2544203003253582,33.18156901791096,tested_negative
0.9804851024844372,107.22944521293392,79.20184222939618,0.0,352.49147701358976,30.550774701241064,0.2717974158375462,23.851902697466407,tested_positive
3.7385571665276434,106.77654848232605,65.42010777136181,17.54116828052056,85.51055134168512,27.81004104007301,0.2717559864626355,36.880347435942305,tested_positive
3.7946917029238176,102.53844206453186,69.98892581029563,32.36581073323212,166.3011612086461,34.68781435770739,0.2430590313356133,36.89663610254763,tested_negative
0.5412257534410989,153.87811476765745,60.5760197424759,17.88221781603289,80.88455140327824,27.899148264281617,0.2201350695014688,22.906780862464185,tested_positive
3.826557476253003,159.57674119959924,66.70493508372915,0.0,0.8782477534752905,29.547555257700665,0.24608594031287453,36.2707081594734,tested_negative
1.1896992910152238,148.18251272837148,64.74661223676489,18.57935880578016,149.38788863255283,30.12436301972523,0.5436884654476681,24.913087879246138,tested_negative
6.783332542632649,106.81932624852845,60.16787468626621,32.312613317429,3.2914982606420775,29.66570842231673,0.6360933726897775,32.28537977196653,tested_positive
1.1727092102132037,104.79878452731066,70.32128819447269,30.870085919864,0.12130727443174949,29.78365451324073,0.3379891435648749,23.41776897260646,tested_negative
8.073518500987392,97.34325781294264,71.41235285387113,29.284006852534393,157.60742141524378,28.648329179205078,0.28048108857860116,38.58386739701707,tested_positive
0.6832238749821369,103.81769371467094,67.71345098277253,17.745673974983717,87.11498733613664,28.980349161325858,0.5671941468512122,23.314505271475305,tested_positive
7.838333544541264,108.4298494968066,71.18825036567442,29.337849126609107,165.05992783248425,33.79345777197922,0.6487173660237291,53.41503050127142,tested_positive
9.723072910176167,98.62573977378244,63.37989186912173,0.0,2.2435256980998983,28.766015808445104,0.2773659966226738,30.78159321300399,tested_negative
3.985243271762854,101.04383758299403,63.18971993629676,26.072198319631354,76.08092625102132,28.215686002845512,0.2888998405995619,24.393221877480958,tested_negative
3.946365641652742,110.52194653463197,76.4188604004459,31.208568283501542,0.0,29.62130777488788,0.7463670526488416,57.87636762030901,tested_negative
8.496720484995073,103.89527768369588,61.42160714547708,0.4111672925320539,0.0,27.08790613159257,0.21536373271083367,23.768278770682727,tested_negative
3.406626738911674,112.4111022346348,77.76654665958574,19.884785726435172,2.4043806590173187,37.24172486211511,0.6078876349741212,24.596943011697903,tested_negative
0.7983643135590435,111.24246548307153,65.46140045233459,30.06178603388147,72.49811209768652,27.10286197392918,0.21249852596497965,23.044809113456076,tested_negative
0.921214941334655,107.76255988275507,62.85044673934651,31.10833796087304,75.55336681232181,37.1086238648852,0.6079896939529771,23.439805588418476,tested_negative
6.566464349223078,105.42542196335222,64.25382892590274,31.051431409736594,2.7248072315403693,28.939655394580726,0.19469918139304598,32.76929458115383,tested_negative
1.4271290866211437,96.84195078086849,68.71380865159927,32.86510830598838,157.04708669016497,38.222846501294505,0.6643319241013439,32.85910852429805,tested_negative
1.1053882375901594,98.37825884092227,74.14968609221803,21.053714133204714,69.69514185200627,37.17253561698811,0.5789386845093774,23.411620348596834,tested_negative
1.387100101681975,160.3254805356517,71.55062597395026,0.0,4.681770943573521,26.200112785767484,0.23649998685396734,49.20461053901776,tested_negative
8.096231488146344,158.4165263723762,64.77791116180875,0.2746781794158457,342.6670160494559,34.59808001753922,0.5808185629208857,37.764032223805295,tested_negative
3.4806314200690864,158.3937193295193,73.0829297744467,0.0,2.522730947337261,27.302458502076814,0.3013618667206348,38.40567781333416,tested_positive
7.016445986448688,115.12005804575483,64.29146272928409,39.332043918107736,1.7166636807603846,31.87584861913983,0.5724021472179839,39.289506604261376,tested_positive
1.3832191351102987,115.6398220863361,68.302887641066,32.35604339091956,204.41523610095467,37.012965213235994,0.258386588461405,25.069542595992512,tested_negative
3.8914736745136307,108.16810659940306,68.67530586078539,34.75213350410017,167.07090408417818,29.291826132099107,0.2763020754036039,25.41009347718035,tested_negative
1.2503901949538954,108.3372716390022,73.7481776972625,34.44860969102935,81.3015877865072,36.55151169096338,0.24233322460292495,23.784461729526964,tested_positive
6.897788930369348,101.28285079959862,75.4153963217982,20.91759634655802,0.0,29.955370510067667,0.7027764204079461,34.4466327691086,tested_negative
6.599525862686215,103.92382819782647,66.90489734132373,0.6728787998762774,170.6958978179918,35.635301696434176,0.6199480786881122,25.294424419256742,tested_negative
0.9858466948278525,113.87223477872277,64.50643404170378,19.091798617107557,0.0,28.914233863353303,0.29403563523494963,23.957902100265333,tested_negative
0.7923127289633483,143.06258717681308,65.02523091183595,30.93346153260718,85.96222289522555,28.693381750790795,0.4760436338212626,35.76107469102066,tested_negative
1.6583512567183885,109.37390453293119,74.1867880913089,23.298794617176398,0.0,30.562220203914848,0.7542446725110707,33.87844679072135,tested_positive
7.931807850261842,104.86979515434818,70.55825353876374,29.156827452676488,2.16069828571996,28.467272561755085,0.24200009903822245,26.4129499363112,tested_positive
3.5498361741195628,115.81278954677983,73.08992620450701,29.476090229926115,101.67133191004343,29.194118672093957,0.5618633343037032,34.027902194971794,tested_negative
4.4855657414436525,98.16215372873955,71.94971666165924,30.695286708128872,0.8267471636669365,37.41498549590162,0.6767726863625804,33.423780251905825,tested_positive
0.8467479525521957,156.0139077549075,76.94778910340409,29.9072767718912,3.4543707028391015,29.3902386615039,0.2629695666270679,32.38223757699657,tested_positive
0.7675639661796103,103.34144042792991,67.23898032061717,32.8203027245971,0.0,37.06988290367254,1.4690462736403722,34.189523362096615,tested_positive
1.4644835977103454,101.53759324729582,72.17595501684674,0.005303405645404186,0.0,31.31420308473406,0.5497671042807911,34.06957956182139,tested_negative
1.2468889462465709,96.83431980987908,65.92289605089395,0.0,63.09055596976562,38.324335387397745,0.5404916937639845,23.534477307319037,tested_negative
1.4353706774467707,110.75720305666742,67.55052985510304,29.349256562730254,77.49982548207032,28.82419353397212,0.22447190432368755,23.538582608884056,tested_negative
3.3204738640847813,109.32654105554552,70.78562828523539,19.132386632184783,0.0,28.38233953236991,0.5152676172761492,25.68182729401046,tested_negative
1.3059757210964729,95.12166449477708,76.10606913497813,33.199884421294584,77.97550523721694,37.33384981674696,0.4849095567961146,38.258594043549536,tested_negative
3.79654858372066,116.37781561197627,69.59104017188707,0.0388417334430336,1.866344525792134,34.77395261129728,0.5646609164524534,24.551768827979384,tested_negative
3.601475957122161,102.46288524307984,72.0818794785862,17.773029389346316,2.2600609191035197,27.496986337115057,0.6648148580283239,33.72964880846013,tested_negative
6.384201671985432,163.52266104593426,71.7311082564022,20.42887426151309,1.3547096601361766,28.7862438034313,0.5291379427020707,30.968493830048345,tested_positive
1.0356665771539206,120.31155198942729,57.6681529664597,0.16179650751537095,5.116113886315898,25.967680138933126,0.21553444474399083,24.396888710725673,tested_negative
0.9111379806933025,154.0404395472672,71.23040370461491,31.83789208046854,182.94636685487035,28.97518085530675,0.2467295701337438,24.33631102705603,tested_negative
6.404947891330805,94.98891914229092,73.23356093699924,17.344402330111862,176.58887892903908,28.434101591897345,0.5113709043049773,35.762147993859394,tested_negative
8.519964587655185,108.56041293878593,74.18425401182829,36.7925536222573,78.8345539905454,37.64064786351988,0.5992289300096652,34.656322015070494,tested_negative
7.93039641090936,103.94961842483178,67.59948179931506,32.580922190117285,0.0,29.569743258878226,1.0672225272579285,23.721993765155066,tested_positive
6.5544286171719115,111.04510966296384,68.92129674081441,0.9277147061006739,5.17841756783738,29.52903951018983,0.29513577944862907,35.84113578663477,tested_negative
1.1365696908869711,104.08962164620608,66.29019084885687,31.920633040315778,1.5744534313412801,27.82424107720178,0.5451717780390135,23.2128901874912,tested_negative
1.114898523727676,94.51849694311277,67.55600936147933,32.31576075965163,73.1330326839829,37.03604499439522,0.2870143705268409,23.220168623140705,tested_negative
1.4601405802038778,113.87587738547512,65.78614514050534,31.400035162370166,1.1857585977773808,27.191009141718393,0.2440827493658095,38.39895632630813,tested_positive
6.801622077130254,101.1785444559734,63.183352380828154,30.648520922693066,182.78976841204778,35.140674923747625,0.5236080510219687,34.88036075837428,tested_negative
8.994920144440812,91.1033159741919,73.73064449424172,19.9986425369382,0.0,29.737175143336614,0.6859400809221472,33.45120438746197,tested_negative
4.505313528787516,101.62219931384853,75.52861264978418,31.334353939494097,0.2886935453301584,38.86822631615577,0.27856433673234876,25.380852219534752,tested_negative
0.6763614595820329,105.19506149490846,62.473808204072384,18.111748710853938,167.21617067824278,28.980653782697992,0.6527022070178965,36.6266031885373,tested_negative
7.169297170778103,156.55977290530376,66.51114688172882,0.3486775945638052,0.6825653722283204,27.995656755218334,0.25976403327946185,46.28268064191288,tested_negative
0.9943534074929506,166.6155953311968,68.75638567196998,32.27014016830139,168.97896869678414,36.72111068505026,0.2344148294389111,22.795343538399685,tested_positive
6.464170406052149,112.17837767217652,69.00802841422366,19.80004026065032,170.4328727350687,27.383986402341716,0.5280590171276617,25.01058237818303,tested_negative
1.172185684117091,102.84669792680006,80.86118822824837,38.802740275467556,1.034097351478441,37.87764231209966,0.2906484127533857,33.202781821296625,tested_negative
0.6487825531725206,110.1236857151041,59.54822465644596,21.733316022958835,147.23753164685894,29.238031994168374,0.6038577974920001,33.571048921624914,tested_positive
3.1716241903728357,110.23943053970028,74.60126514257982,0.5686690928997494,0.0,27.741445538982862,0.6960605215089579,33.06463718572718,tested_negative
1.4046950024664628,101.57260590197323,69.07389477833172,0.08699485550352051,2.2424934323766927,39.49522657089312,0.2565924410138919,23.92523946647166,tested_negative
1.1633862147386265,154.39018152978343,71.66818211327431,31.837999160347387,164.69311361737348,28.845532966710444,0.5892080245820153,32.751640765499594,tested_negative
3.9576752181219805,109.75696022651682,78.09909861917782,0.0,0.913575137839278,26.413138056613736,0.2903287092960239,57.50246643534222,tested_positive
1.3297309051318589,102.51464495624334,66.88612080550088,21.6387008028113,81.03720901502243,35.03404478516602,0.25898136269541827,23.781002457006153,tested_negative
0.936944469574359,140.73117755259798,77.96314189122062,30.779880320424255,0.0,28.462922534140475,0.20291862346760275,23.240345235005673,tested_negative
3.9390756582461894,108.30872864464115,71.53028606165897,29.285390654045692,92.84225118048097,31.36417971451327,0.6581433419236471,26.129570022763023,tested_positive
7.530491164154352,109.6144704680117,65.10661170502712,0.0,0.0,26.109168746315632,0.32097251534851745,38.3055588189095,tested_negative
0.7474968167679328,113.88409535423295,73.33154203315462,32.27062030417294,0.0,36.7696483113139,0.6011262437844161,24.982329924355245,tested_negative
3.702565129457092,110.99453230063668,68.28634420271717,32.16506361029177,139.07795370261235,28.401057926236767,0.30406435829879025,38.24025266126463,tested_negative
3.7690045081295094,119.26579298164224,59.23790724202108,31.865256414266412,3.527987933042176,27.80165214610979,0.2740270106723723,35.46945466165971,tested_positive
8.976255558489493,150.729973266337,79.4677603928453,30.32399043952257,84.00333695607996,31.257856736012233,0.18357804441880254,37.974236568727946,tested_positive
0.9420619612877769,106.53263769298441,60.89201785188817,27.608824988773517,74.41793027375742,28.646562891554094,0.23482000816435392,24.25561761818676,tested_negative
1.0960508716842468,105.46282332219904,66.4526205381037,0.12028058464907987,0.5509432774111166,27.99019821559359,0.587068583507946,24.02107793556442,tested_negative
1.3951175850371094,89.74628651207954,69.9697818970209,19.640750976682373,0.0,35.44990299983568,0.29476301608747035,23.66466250835205,tested_negative
1.1460568848695891,109.59372668998907,75.26190863336844,18.76278098353923,0.0,29.035703167204893,0.7079939813210365,23.88176528904739,tested_negative
4.756119428612848,105.6282035630398,77.31271641118222,35.107545519529054,0.0,28.945745894475802,0.7114053628834226,46.30809842278699,tested_negative
1.0090066360755179,161.207205740446,72.46987892328904,28.72277475501142,4.3241556204742455,27.85088876968792,1.0488786085933997,25.46845022648731,tested_negative
1.2264545640250384,103.601951374401,64.2394368922002,0.0,0.0,33.969151961672836,0.2709371902142528,24.215774027792463,tested_negative
3.816638087571772,109.18936433704502,76.40604776141332,34.79044393427683,94.12447560245612,29.819326949476245,0.5833052304622205,32.720881326971785,tested_positive
1.6833851419238461,131.8951981379446,71.83622826452043,0.2725522454012606,88.78293923339244,29.408770793169893,1.5217742374668757,54.00081773402304,tested_negative
8.09994940057236,104.70130127317059,73.95210413936948,21.807622226833125,0.9026676675715705,38.55520248614987,0.2860524093423675,44.29392483909112,tested_positive
7.673417452618945,152.09172656274643,0.8202894598396613,0.0,83.1969134753039,38.016892804080335,0.5690285818177574,34.529810475040826,tested_negative
4.608851919439895,114.43943595625053,63.45958370314453,27.368361971424893,2.5901102216152547,36.249546647247946,0.24361304295091046,34.817046427113326,tested_positive
1.5555344428135833,100.66285233262417,75.88570673665454,0.1446520768143555,0.0,28.508983798303646,0.2526087596954727,24.44524340478694,tested_negative
0.9647121177931567,99.68505685010673,68.8665103268804,31.874658325174387,88.7892639662234,38.41315613279863,0.3251240333359258,22.75815395383886,tested_negative
0.5465108061653441,123.62477521345474,8.600654687392456,0.0,0.0,29.425059534717192,0.2036291267251294,22.77385737781273,tested_positive
7.536059434786762,101.91766457981507,71.68860588085056,28.266767307587383,0.0,26.906289286181796,0.6300381930398387,23.808895395025353,tested_negative
1.6097441040742204,161.37491457206238,72.19835887440401,37.5935996538104,175.32932657764297,40.628536730764665,0.6274021368206171,46.41023739502704,tested_positive
4.204060249995808,105.62286376708747,67.61778515746498,0.09493716022778036,0.0,28.141689539012006,0.3025073882354355,24.201425170099846,tested_negative
7.698266487765903,162.39188638630282,63.641619671052986,0.06180021090114504,2.89055227312803,30.159961933785503,0.2981868726305875,36.65066043644969,tested_positive
1.0853584171553337,117.0806634058052,69.98194323597963,35.04225516905386,1.4337704452733226,38.86449974567454,0.24345113027567544,24.769339483122717,tested_positive
0.8458067041452246,102.21374965708988,72.01412825270516,22.34648250126048,80.92787875783799,38.45026708245729,0.6492286760282584,21.70462996107325,tested_negative
0.4898235519022275,114.62052172951624,68.91812914146365,31.81185835295919,0.18168238455233465,39.99403769681582,0.2731605068082145,22.291692749039928,tested_negative
0.8166209222318634,109.70122787227078,66.354678205996,0.0,78.09031257992487,28.60491863728691,0.5834208913308067,23.87066689902625,tested_negative
0.8217095394732286,97.16008412628948,76.31314731841636,18.5720516063918,86.1195365406113,28.799920063902466,0.26778567464060005,23.25642104289711,tested_negative
0.5831909461658739,91.39712841000306,69.60025792604331,19.011711276335355,59.974672593649444,29.127145959615195,0.5377463126682285,22.96777561575712,tested_negative
6.843383123538592,103.15354462982917,71.03500042740072,0.0,0.0,28.510813901550556,0.6791865979701449,23.104766255734667,tested_positive
4.076561857614665,97.70252839948812,68.25599003119903,17.321424284519303,78.10940652333879,26.058740657336767,0.2689070877104815,24.854554932628147,tested_negative
3.092491844739771,153.4720824998294,70.74094206817941,20.88147635457824,188.5950330314459,27.157146122012875,0.6253411339472449,22.35100531982711,tested_negative
3.9837425224298375,102.75496889146747,65.11613484619535,32.23357674852533,0.44002738221435844,40.60409288457542,0.6036398661020459,22.818515629485304,tested_negative
4.007625503756461,94.14872116255033,79.50335539953709,19.30928525754737,2.975661992012176,28.71447641939609,0.2931962393417375,36.895275369592696,tested_negative
4.041810655318596,107.39008480875368,67.11594387400676,0.07973251306563504,81.50568848448555,27.639317213986395,0.23168916518939095,24.8276789916623,tested_negative
9.950301510080259,160.219911678401,65.76692265795215,22.98380495566178,2.590823591763429,35.53365084640848,0.6588134704073569,32.63526209708655,tested_positive
3.6422959967714807,98.04871610616402,62.646583088589495,29.524465515567375,0.19440848379742803,29.490067938442834,0.26331617392486234,24.584171184487793,tested_negative
3.5987614215673314,106.15123558912683,72.2730901917798,32.67385068827236,3.9046222778557054,29.24580386635567,0.3238912870633552,25.085951558809093,tested_positive
3.9411540371563105,105.50502882634306,71.50212934711647,18.135006884599086,69.33587774224867,26.45426531506064,0.18231684614070576,24.78168628793708,tested_negative
0.9221662252907816,107.31984909776604,69.26830865128346,35.05076524354625,0.026694803484279217,36.421369984118016,0.2656940446748784,35.098372049420355,tested_negative
1.462750090203098,111.27479137725923,68.36808428416846,32.46161902153803,166.4953739469967,37.996820687256566,1.3998272778933485,39.37577634398876,tested_negative
1.1717288142572337,169.86166719187997,76.13004389755855,36.26118922716721,188.8693772592606,38.31593172617561,0.5967819149370202,26.384097720329432,tested_positive
1.240980412762804,99.88375012579235,72.22564411869276,0.0,0.7321210922806234,37.309079138460575,0.6528514120651303,24.073460175954505,tested_negative
4.239007653756358,155.67125740753428,71.6350069762863,1.2692028950520833,1.7655955555094378,36.74518522445375,0.291113878023674,22.46863049689367,tested_positive
3.239763455729636,107.58683312263055,63.624458410671515,15.576132099118164,82.89419051973661,28.315546851982596,0.452403240970666,23.496302333778385,tested_negative
1.5486513031137437,153.34385407843124,67.39502227146147,0.0,1.6921710816246667,27.090599191045225,0.6766774452226096,23.85593187313103,tested_negative
3.9905172707542644,103.45444235961521,69.05638496188514,0.0,1.2932492221598189,26.260671376866334,0.19540969587424345,34.244089099196884,tested_negative
1.5621428222415712,112.46844632615414,77.22469190872822,22.762519469708753,0.0,28.2514857303705,0.2704771782450237,35.631024155684976,tested_negative
3.782964514614972,98.38787199278184,76.35446466741948,0.30676061183292197,0.0,37.465861874982295,0.259035592666898,25.111202453338844,tested_negative
7.4769978329622795,96.20208432317338,71.5004054682688,0.0,0.0,27.767719803529307,0.3059471627496917,23.85470815344663,tested_negative
3.7686283129212423,159.4050112350738,60.62538207301089,0.0,0.0,28.245115258479576,0.3179451321711641,31.497217016709776,tested_negative
8.730302105076815,135.4386673794078,64.9946387098432,0.0,183.29645153368827,27.473966048391926,0.43453150665853946,33.2443244012781,tested_negative
7.594471563682135,109.83146921745444,66.57271251891052,0.0,0.6950272903879974,25.77894183099019,0.2714969876318572,22.859076242156142,tested_negative
3.599899242139924,152.96810656358434,71.1690927968829,19.495252456100804,0.582748256638237,28.37525871183607,0.23280383563902785,23.667900566002565,tested_negative
1.0115840751837835,114.00969768522042,68.3809030101176,0.0,0.0,28.959565585145576,0.6551516607056136,24.053527329383822,tested_positive
0.9335666833589762,108.7220093493235,66.7766578624953,30.08874403745794,1.9566069100869914,36.199240049389466,0.2559500987585094,23.852603572140165,tested_negative
4.019888295598273,113.76965448805944,66.41265288276074,28.457175144319734,183.91595345749957,37.11636727548392,0.5527718364965957,24.247469523249553,tested_negative
3.744535271690788,106.99047270942508,81.65564168762634,36.14706725877138,0.0,36.214798737863724,0.2993951990013737,35.90930602122413,tested_negative
7.135388012935694,102.824090005502,63.12376082680189,31.679918452380885,75.09494133080676,28.427477582949983,0.6934372768331359,35.14842971059361,tested_negative
1.4027344480823134,106.57707785995798,71.53779291171075,28.090995196593788,174.86912796152498,30.97329617852199,0.43960393177966683,38.64486402295975,tested_negative
1.943833829950551,101.52458207108741,65.66309171460132,0.0,0.0,26.821612667964313,0.2868141879400308,24.861136991195377,tested_negative
4.125540223591451,103.19465756462783,68.6648794532334,0.22680865453618115,0.9253578438984696,26.650704451291197,0.32253506357626927,33.54147088423605,tested_negative
5.921928124342177,116.80477870825655,77.95924754606685,21.378778044727042,0.0,35.476478100393734,0.21998025299210908,24.528602858615514,tested_negative
4.249102840608648,109.93963616519167,66.22108704603941,0.0,0.0,27.4919007091226,0.2378893875119943,46.654669649618484,tested_negative
3.785119726415604,97.99176152351586,64.57569225998391,18.044467707030545,149.00303982354868,28.287345052678337,0.25313346630626143,35.78970106015905,tested_negative
7.163315309554027,106.89278361108828,0.2327815535490565,0.0,0.32581127255934356,28.61768939782171,0.2959524249610911,33.429115661437606,tested_positive
0.8808200819476839,119.38253869516109,68.4909651940421,18.531360793913286,90.30292675993901,27.386549076962996,0.21302634153258523,25.34534131935297,tested_negative
7.164262221575308,109.57707955328927,63.591342380847124,0.0,0.46021608601201985,28.303811253922973,0.3055495305399158,25.22813233607664,tested_positive
5.6823776336508915,116.94753887463635,74.11402541090003,35.35029687489185,0.0,30.82702587610929,0.33396814003358544,33.698482705278934,tested_positive
0.9647267962683455,108.58985067178737,77.39875786028792,31.41404698724923,0.0,40.281282761847876,0.6312033310022709,22.870982699448202,tested_negative
1.481302435820783,102.29874340953931,68.9811517942557,27.346416220584914,82.68649387129886,26.782649357135888,0.25613681793837767,36.74047044351016,tested_negative
