vconst_corr,vconst_2,vconst_3,vconst_4,vconst_5,vconst_7,ah_corr,ah_bolus,slm_corr,efficiency_factor,tidal_mix_max,vertical_decay_scale,convect_corr,bckgrnd_vdc1,bckgrnd_vdc_ban,bckgrnd_vdc_eq,bckgrnd_vdc_psim,Prandtl,target
0.5768465,0.13807334,0.05914178,0.5520654,0.5181982,0.8552627,0.99877375,0.71481866,0.72354,0.7010064,0.95438224,0.6666498,0.14009063,0.9244034,0.49952477,0.22785786,0.65515816,0.76616913,1
0.38105753,0.3948464,0.42549595,0.9058829,0.6989426,0.41847044,0.4838475,0.13399687,0.31810647,0.9338464,0.72808963,0.16760339,0.8030824,0.25769523,0.8911663,0.548019,0.96562433,0.29798922,1
0.1441248,0.6879567,0.23327497,0.7891624,0.877343,0.0882788,0.9818402,0.3164569,0.75612235,0.5465786,0.09765909,0.65087503,0.2930272,0.63446724,0.0765168,0.10522789,0.24673013,0.3577468,1
0.3543773,0.86313015,0.51350325,0.10145089,0.41214424,0.24186707,0.5417058,0.50351995,0.9651254,0.01365292,0.62553823,0.45491016,0.24487297,0.6384244,0.644504,0.7768077,0.9376029,0.63366824,1
0.40641373,0.17422082,0.96186936,0.84861684,0.60780954,0.23923746,0.7830388,0.3662405,0.11704353,0.50038505,0.4010317,0.87006396,0.4887905,0.5987865,0.017908834,0.90874183,0.55517334,0.038908042,1
0.15732321,0.910018,0.30538803,0.8241778,0.58937067,0.024897011,0.25789666,0.56638765,0.48351142,0.45146134,0.8792616,0.39198276,0.45824665,0.47269437,0.34589094,0.63353705,0.5708014,0.41781145,1
0.18432248,0.1254742,0.5944316,0.61473906,0.79322803,0.47490013,0.37411892,0.9409209,0.73226655,0.8092569,0.012396819,0.7722092,0.9666725,0.10617988,0.18713988,0.25293946,0.3410197,0.55152696,1
0.54994726,0.07436852,0.07576548,0.5671244,0.0796783,0.06734562,0.8859306,0.047653347,0.14745694,0.42850938,0.80948496,0.6452286,0.6200876,0.11511432,0.3079721,0.41556707,0.34749275,0.25644928,1
0.13797727,0.116252795,0.49233574,0.73176974,0.6487521,0.8727517,0.06311688,0.6824815,0.60427517,0.1460182,0.71427876,0.5602386,0.20962094,0.9005112,0.6488137,0.31284142,0.7159751,0.7111251,1
0.48517632,0.27581206,0.29912424,0.438107,0.8174812,0.680185,0.31448218,0.11129674,0.7711736,0.7289156,0.99326664,0.3362386,0.13966422,0.9555815,0.011600754,0.11560893,0.98092026,0.8758949,1
0.62146145,0.65064603,0.72507346,0.19112661,0.16059673,0.6301214,0.83959985,0.9843657,0.75930846,0.68557274,0.38504788,0.4230158,0.44407576,0.5782079,0.7375242,0.4734521,0.6604821,0.17904899,1
0.61707664,0.30374014,0.7363162,0.67198664,0.6576058,0.6268711,0.8465714,0.40073642,0.36785725,0.56770766,0.3959836,0.22707607,0.34068966,0.43648043,0.64435047,0.9683258,0.20077683,0.4730215,1
0.6818643,0.096590444,0.25305682,0.8736273,0.29424903,0.83171386,0.07246035,0.39031303,0.83024573,0.9020083,0.56465256,0.032956522,0.10816006,0.06874825,0.9238014,0.9570894,0.6776021,0.5656544,1
0.56870353,0.72102463,0.8407716,0.7892682,0.54319876,0.4312961,0.14100856,0.49022672,0.8611281,0.5197802,0.5850301,0.34965822,0.4916591,0.28966433,0.7496536,0.25702652,0.42472848,0.21686506,1
0.49791583,0.21825849,0.17041585,0.61160797,0.4174478,0.64996886,0.62190354,0.36730394,0.038565967,0.09958106,0.43202126,0.3240411,0.16434367,0.64110035,0.33449882,0.37203386,0.902789,0.20571986,1
0.03021321,0.6677157,0.038327035,0.108454555,0.8320576,0.26032233,0.93595636,0.5763886,0.73650664,0.8311065,0.41840386,0.2859094,0.7835361,0.46370563,0.4482733,0.9222555,0.829924,0.13969597,1
0.09916628,0.71111095,0.40804106,0.33618447,0.34014177,0.7199466,0.19331536,0.57478297,0.34663397,0.3176345,0.8148375,0.5361355,0.38561398,0.82196146,0.1080355,0.4876711,0.5190192,0.38123327,1
0.80414706,0.062099624,0.3090974,0.13251835,0.047203097,0.38185418,0.88470376,0.16356504,0.43536147,0.07056934,0.8803309,0.4336562,0.08306871,0.72835225,0.48481387,0.5628808,0.05062934,0.33249518,1
0.96414024,0.64784473,0.6592428,0.38812903,0.47272,0.6082825,0.6895769,0.45067233,0.8979523,0.97571546,0.9635909,0.8673776,0.9295567,0.058988824,0.8946896,0.6476061,0.209159,0.30081558,0
0.2079004,0.8661086,0.88534844,0.04680031,0.65450054,0.12429926,0.66195124,0.96338755,0.8522568,0.95684034,0.043689825,0.61412174,0.36794296,0.8198926,0.7898629,0.7955926,0.77097136,0.049531974,1
0.9322715,0.5893996,0.4458961,0.19677317,0.9698766,0.7581758,0.23373286,0.3330035,0.60370344,0.25389254,0.6944047,0.851006,0.02709253,0.7881227,0.65156806,0.35575798,0.1661409,0.18817014,1
0.35854557,0.92082167,0.9476701,0.43338925,0.46069202,0.4695823,0.7740406,0.35943407,0.40206066,0.41519997,0.635387,0.36217743,0.2696362,0.1480044,0.2802762,0.24462137,0.40365717,0.29397112,1
0.0070805,0.7226461,0.4560823,0.6396476,0.15648076,0.3856425,0.6937707,0.23984292,0.71934855,0.41415527,0.49378988,0.72943616,0.3389473,0.839121,0.81312585,0.67220396,0.61228895,0.9789467,1
0.58630425,0.50666726,0.23512757,0.54981637,0.6825257,0.08042666,0.23682179,0.27312368,0.8992734,0.52312624,0.52872026,0.12723644,0.6607351,0.952079,0.601151,0.9967585,0.18724783,0.923549,1
0.26982832,0.14102222,0.8608557,0.5975419,0.42216286,0.74686617,0.53728586,0.4689068,0.016051834,0.9017136,0.39964017,0.103774324,0.27795237,0.5400704,0.23117663,0.50617033,0.9585813,0.5919603,1
0.9076668,0.17889439,0.45407876,0.6914854,0.85919076,0.3218475,0.2883368,0.9596979,0.98953277,0.17912367,0.6852203,0.19335805,0.08865221,0.12017788,0.76344943,0.21466103,0.32823,0.54633063,1
0.13988549,0.112170026,0.49201864,0.75653917,0.6244088,0.86476856,0.030593248,0.7081085,0.5874592,0.15457863,0.7094884,0.5593226,0.20442908,0.9042347,0.6644395,0.33258468,0.7203858,0.6944942,1
0.0746072,0.20755456,0.77033675,0.14279094,0.025610808,0.17992243,0.5713466,0.3176061,0.40274486,0.9368111,0.44795486,0.18604462,0.6981312,0.9509699,0.0147504425,0.03924519,0.05640658,0.7523468,0
0.22868243,0.8450677,0.88527095,0.044343676,0.63273066,0.14100847,0.66835475,0.9719425,0.84071773,0.96239835,0.03632105,0.6239296,0.37078923,0.7949002,0.77258617,0.81571996,0.77524614,0.05850313,1
0.14418533,0.4624748,0.63055,0.22690368,0.936816,0.36125156,0.31596172,0.59574413,0.21838894,0.68718386,0.69713575,0.7055561,0.16388346,0.3566169,0.42563766,0.9002781,0.7547499,0.1450808,1
1.0063766,0.3051431,0.3162971,0.99481934,0.78712636,0.13612634,0.17250574,0.7867945,0.5998529,0.70535624,0.8725443,0.24898684,0.42551398,0.54252285,0.118601345,0.728794,0.9845807,0.41039523,1
0.6348166,0.58236575,0.05162018,0.28817654,0.31159934,0.5383061,0.16047028,0.6388539,0.5518547,0.52485657,0.2608025,0.74542755,0.9225501,0.7134584,0.589659,0.82142675,0.4390654,0.2512882,1
0.8488858,0.4022153,0.78918064,0.85840714,0.21920332,0.9047094,0.6577137,0.3823994,0.55814564,0.8427777,0.112772144,0.43223122,0.44975248,0.5208532,0.59124297,0.31944627,0.14853452,0.38288876,1
0.95658225,0.2818665,0.27863458,0.6216964,0.8449479,0.71496683,0.23302034,0.83303547,0.0030553094,0.34739435,0.25770533,0.6452093,0.11426906,0.8997737,0.17033748,0.58366525,0.62027025,0.4316494,1
0.99602133,0.71900755,0.1022475,0.18944198,0.8873853,0.44477695,0.5230251,0.22039947,0.023706054,0.98593444,0.7812791,0.58616537,0.2400101,0.7518165,0.6892087,0.015638141,0.23115511,0.3526357,1
0.10025803,0.9167751,0.8362895,0.263603,0.06478676,0.1199238,0.08388317,0.5951237,0.3803229,0.47810206,0.8942829,0.46989912,0.43990695,0.12806942,0.3099466,0.33386853,0.24307795,0.45075268,1
0.90623635,0.25613338,0.7359441,0.69473284,0.35908768,0.013121905,0.010045858,0.8091217,0.3778589,0.7202597,0.120783515,0.052747797,0.53498495,0.26726118,0.8584114,0.31258816,0.4331161,0.059920497,1
0.14169708,0.30833438,0.06542074,0.7677069,0.35552722,0.37132794,0.3720085,0.99392533,0.92626625,0.106891215,0.2810668,0.16955177,0.69385815,0.4828815,0.8637521,0.5155316,0.19894515,0.2005068,1
0.814563,0.93573946,0.6380317,0.7710763,0.06534681,0.93213093,0.44064566,0.87895924,0.019135451,0.039779723,0.81014603,0.46493375,0.52837324,0.9335984,0.19929783,0.021038322,0.65851974,0.050423272,1
0.8120616,0.29835865,0.6851208,0.9925897,0.2212641,0.02835271,0.1043179,0.0059519997,0.30333617,0.7248506,0.53958154,0.59654677,0.5157621,0.37828833,0.6454318,0.5624924,0.9097388,0.5492908,1
0.2952302,0.22501875,0.8300764,0.017564174,0.9813887,0.28443837,0.7223827,0.43131953,0.9246045,0.15536407,0.0646858,0.9677761,0.20976363,0.1851875,0.50626063,0.17546931,0.7000006,0.6005264,1
0.71571004,0.7801037,0.8016257,0.91676027,0.87843895,0.39151886,0.5880064,0.8749749,0.6223748,0.8291336,0.24639475,0.45438713,0.40277287,0.050268486,0.5987361,0.43640465,0.40768883,0.18142185,1
0.9815413,0.44986287,0.22235647,0.6212791,0.8774096,0.94543254,0.26053104,0.82418084,0.5045198,0.5227139,0.9140618,0.1521097,0.57666063,0.85998684,0.19696932,0.7816759,0.75347507,0.075046785,1
0.76415926,0.03648289,0.10479417,0.5127608,0.51721257,0.40509552,0.2765777,0.3148285,0.32751444,0.38770244,0.68302864,0.79006857,0.5204953,0.38732475,0.09973466,0.55967456,0.103969954,0.20230743,1
0.43253994,0.9102956,0.995729,0.50511426,0.40268442,0.04305744,0.8094627,0.2440394,0.5009549,0.97743154,0.37166533,0.53458524,0.96076584,0.92158216,0.7740937,0.675949,0.76511866,0.008419848,1
0.18681693,0.3908522,0.41890606,0.6047223,0.9023228,0.7405471,0.86375004,0.18700501,0.09825904,0.36759982,0.714909,0.73078775,0.28865686,0.030426843,0.8111041,0.25922635,0.3210491,0.9113898,1
0.9447365,0.53242695,0.081459336,0.5039197,0.78726363,0.8428247,0.54432034,0.50271964,0.87103754,0.5077053,0.5002714,0.4357354,0.544723,0.12685402,0.9025415,0.27615193,0.64481163,0.049955554,1
0.29514593,0.25329703,0.81882477,0.018345322,0.9717541,0.27235335,0.7334401,0.39589107,0.93677413,0.1356574,0.07513151,0.9783866,0.2082345,0.17878,0.48752028,0.17580983,0.6995514,0.626742,1
0.054417197,0.36676913,0.42642683,0.7357785,0.46481514,0.559339,0.094614804,0.61354065,0.8188685,0.34579143,0.73149425,0.5613579,0.9855493,0.5270813,0.9651956,0.9304384,0.043882005,0.88625526,1
0.29699457,0.583841,0.15135968,0.14493006,0.29687488,0.20324728,0.4879436,0.87012285,0.09802822,0.59599805,0.7227709,0.9807123,0.46775085,0.73483115,0.65613186,0.36975625,0.79108524,0.58325773,1
0.38506028,0.48424676,0.737645,0.7880576,0.11748138,0.05334845,0.0668807,0.097954005,0.6935782,0.97636926,0.7519772,0.51172155,0.43504018,0.3029087,0.69316393,0.70860124,0.48238197,0.5842975,1
0.7026928,0.8379918,0.45584255,0.25888473,0.769265,0.088054985,0.20974144,0.5087147,0.41174722,0.57387716,0.97097594,0.2608919,0.5412831,0.6642089,0.8321082,0.0037552405,0.7116326,0.25475574,1
0.98756087,0.601132,0.21000102,0.22070089,0.065259576,0.18355367,0.33936983,0.9291086,0.4491922,0.031606495,0.64100415,0.5529047,0.6140199,0.27984503,0.68192405,0.01222515,0.9470422,0.5919233,0
0.46736765,0.04726203,0.44083786,0.8630508,0.14235413,0.25054657,0.42134622,0.28257164,0.17664486,0.8057505,0.24213168,0.5136873,0.028704626,0.57325494,0.50348467,0.30532944,0.4487126,0.69502103,1
0.11050863,0.49970073,0.8639777,0.1575022,0.27268735,0.049068302,0.18118972,0.8343004,0.98169553,0.26077655,0.6184062,0.8959894,0.20855762,0.3582865,0.6526173,-0.004081399,0.97108424,0.36812577,1
0.77901816,0.6819201,0.936733,0.34199336,0.5813436,0.41616082,0.99395126,0.404408,0.7842571,0.5236903,0.20811403,0.9802133,0.85031223,0.8723587,0.09165054,0.6304574,0.51834303,0.46274704,1
0.7126381,0.61937046,0.9644581,0.053311106,0.94221336,0.96102244,0.5157811,0.12998673,0.5745821,0.48906252,0.7597549,0.59265214,0.95156986,0.07239409,0.36852485,0.10139209,0.2769994,0.89239544,0
0.7177998,0.07811491,0.40407172,0.6411107,0.90834177,0.14728779,0.6208365,0.33712432,0.29642162,0.48602396,0.6751298,0.8135721,0.74317616,0.40247443,0.9273203,0.19633013,0.022365501,0.07243142,1
0.5776636,0.53651786,0.74374,0.94948566,0.4144155,0.6608736,0.5153983,0.048672438,0.20259774,0.12848118,0.875537,0.5092038,0.9626308,0.45357272,0.36082596,0.4055524,0.089080386,0.38164476,1
0.8249957,0.73526263,0.3430454,0.36610603,0.7825636,0.16768304,0.5019732,0.9565094,0.621102,0.6783639,0.21787247,0.7015745,0.42255542,0.9796465,0.9040787,0.936202,0.76289374,0.9385939,1
0.5489566,0.40461755,0.84209555,0.2399027,0.2933045,0.11723894,0.62814176,0.39945075,0.39902562,0.82386243,0.5476552,0.9781619,0.4795366,0.012781366,0.36856255,0.8586083,0.3325368,0.0040085977,1
0.8985452,0.8491519,0.4834298,0.9405617,0.20241281,0.9683844,0.56912756,0.48462877,0.8351047,0.15974852,0.76712465,0.26230958,0.31711003,0.59382814,0.4143721,0.52241886,0.79637957,0.77753204,1
0.946431,0.5637387,0.46792433,0.20049241,0.9699218,0.7616067,0.23395272,0.2957407,0.6175081,0.26695764,0.70225066,0.8373867,0.0621386,0.7815094,0.6326839,0.34611613,0.17515807,0.17990965,1
0.22045973,0.43314672,0.6875948,0.23165068,0.66108507,0.4681984,0.6894513,0.49318197,0.12254039,0.18487296,0.5373117,0.704212,0.057287376,0.48315737,0.7275627,0.9901248,0.46908373,0.6494193,1
0.008430188,0.72112226,0.45527008,0.6321429,0.13221002,0.393038,0.6860732,0.24359934,0.7326989,0.3931506,0.50465035,0.72438896,0.31555972,0.8438498,0.7975605,0.6836269,0.6153658,0.9622626,1
0.97760445,0.46390578,0.23891917,0.61021596,0.89257383,0.9380185,0.2806241,0.8170614,0.47981507,0.5348592,0.92826986,0.13145725,0.5945042,0.8717303,0.21482243,0.80071795,0.75533646,0.07144148,1
0.73515326,0.43876243,0.88322383,0.37993714,0.6336632,0.8148395,0.6234853,0.293076,0.18842047,0.18215862,0.113634504,0.102216855,0.49672312,0.609361,0.40372846,0.1316692,0.4102909,0.20416492,1
0.16316769,0.33364007,1.0006473,0.27889934,0.5771616,0.40508634,0.40190095,0.48586988,0.06898857,0.23601866,0.2808748,0.40599233,0.27061743,0.48821065,0.04732298,0.86527824,0.43391886,0.49330762,1
0.88874274,0.38677168,0.21553567,0.15132469,0.70267725,0.26594263,0.97906804,0.24532121,0.9437092,0.05555111,0.21870047,0.5042983,0.87683165,0.38789213,0.859464,0.42293367,0.39076716,0.26822522,1
0.23269585,0.7728042,0.25906342,0.061084833,0.94053763,0.20576999,0.33496103,0.6347432,0.27084762,0.53052354,0.20534468,0.62882,0.8096664,0.052736655,0.6208876,0.100269586,0.16135944,0.092717506,1
0.7465345,0.9400136,0.18958211,0.2167607,0.77477384,0.48908,0.9198333,0.50651324,0.090413995,0.47590488,0.66971,0.8694853,0.13857855,0.8596899,0.8058835,0.71339744,0.0069912584,0.17149696,1
0.78460115,0.07021983,0.7488623,0.7227043,0.9351111,0.93168306,0.23702925,0.9051645,0.79219556,0.8658869,-0.0038197867,0.53538543,0.7797963,0.97726256,0.096888624,0.17826542,0.04969137,0.29055014,1
0.05520821,0.050470043,0.74648434,0.6743043,0.7692833,0.8607607,0.60873544,0.8637192,0.57889456,0.21589762,0.3094586,0.575637,0.6709279,0.44218716,0.09040221,0.85918677,0.113938294,0.07783378,1
0.10458801,0.49575722,0.86280906,0.16332087,0.2855499,0.06434035,0.17966318,0.8319818,0.96211344,0.27592063,0.60706073,0.8848492,0.19403978,0.35619378,0.66442806,0.012014925,0.9720617,0.34880543,1
0.34650582,0.25778693,0.82728,0.109074265,0.6413686,0.37223685,0.8109779,0.57307804,0.742015,0.22838652,0.14681989,0.47377956,0.27510417,0.70279086,0.84410655,0.28415975,0.77411336,0.13894212,1
0.36660376,0.5728614,0.94398147,0.48146564,0.7381781,0.5210529,0.9688661,0.91164905,0.004917001,0.45975682,0.37479612,0.4581481,0.02121134,0.2571463,0.8044197,0.87968343,0.948485,0.25288266,1
0.34475338,0.015594649,0.6561386,0.9500251,0.38699508,0.35299173,0.81696427,0.9018846,0.799122,0.8418908,0.49472195,0.5667332,0.6308522,0.06943755,0.51676434,0.30224475,0.42412257,0.30777958,1
0.84468526,0.71904343,0.91034526,0.28227624,0.9318755,0.6974136,0.312837,0.025815725,0.2973713,0.046481967,0.076341935,0.35902765,0.13897233,0.57633096,0.51472,0.60214925,0.17967878,0.8337281,1
0.6571679,0.15764157,0.6972469,0.98049766,0.2651119,0.6970928,0.44542074,0.44335166,0.7046485,0.5803339,0.038003303,0.38685617,0.33106798,0.24809442,0.41731343,0.8358343,0.28445536,0.82098633,1
0.5602259,0.31132883,0.20287412,0.9532342,0.16545793,0.092077255,0.26959828,0.8382099,0.82460487,0.77123046,0.95621514,0.38067445,0.6962044,0.8947773,0.72762185,0.74270827,0.02640902,0.69457895,1
0.47915208,0.9127749,0.56980133,0.48011836,0.11105579,0.92992955,0.28038064,0.106909424,0.41837925,1.0046003,0.023430176,0.31125486,0.018834664,0.6079947,0.6829679,0.41753528,0.5000598,0.73700505,1
0.0649258,0.13612057,0.07705759,0.4209321,0.25483355,0.5780667,0.08206752,0.9486126,0.085402496,0.33706853,0.57315713,0.28618643,0.93461365,0.3290942,0.46288204,0.73845094,0.32758236,0.96643555,1
0.7126014,0.15449975,0.19673157,0.030297872,0.43750206,0.5577279,0.39068455,0.82142764,0.8300424,0.8126928,0.23932949,0.8704016,0.007901324,1.0010211,0.007119141,0.009468376,0.7822932,0.4531451,1
0.7791544,0.5131053,0.31632343,0.03615975,0.9520452,0.68726635,0.21591881,0.5121048,0.13854438,0.029157339,0.67993206,0.6279533,0.083855644,0.1894827,0.7941144,0.10983682,0.14065273,0.89888,1
0.68753403,0.32428527,0.96647066,0.14615542,0.89352417,0.81869674,0.08691022,0.39676324,0.6958641,0.6845305,0.9725552,0.67060816,0.8474054,0.63654995,0.56811327,0.4158513,0.109071545,0.5080808,1
0.40202296,0.48856843,0.72820747,0.7957492,0.10512057,0.08352834,0.07786438,0.09855187,0.6809671,0.9813297,0.7620637,0.5408505,0.4144702,0.3068687,0.6919549,0.6987921,0.49640667,0.59280765,1
0.18722612,0.10126971,0.72183585,0.4499425,0.9777743,0.53598905,0.64218426,0.28638273,0.9365664,0.21756807,0.8025441,0.92332333,0.10039447,0.4900608,0.76523846,0.21004927,0.57956487,0.7279526,1
0.55998677,0.63004607,0.18418175,0.93067235,0.94712484,0.8994051,0.27670857,0.12783825,0.9180238,0.46117252,0.93621814,0.2674054,0.7083921,0.7873396,0.7771685,0.96043915,0.58505195,0.8338331,1
0.33861426,0.3905566,0.89217037,0.32414854,0.42048928,0.5673117,0.49072847,0.08021876,0.29599413,0.8021583,0.14783695,0.7921983,0.90718126,0.53761625,0.7309953,0.5102913,0.43841052,0.9795314,1
0.14655569,0.31553712,0.07963594,0.76616186,0.3602312,0.3846236,0.35059947,0.986433,0.9151171,0.12306261,0.28667337,0.19034444,0.68680114,0.48432916,0.86762923,0.50561816,0.19693096,0.19194296,1
0.5075297,0.9149687,0.9990552,0.7030172,0.15341818,0.6340004,0.023943217,0.9689786,0.18236816,0.7857703,0.6879648,1.0075798,0.89050263,0.5702806,0.95336837,0.37101597,0.35314476,0.6354144,0
0.659814,0.14691623,0.68919164,0.98835224,0.26004046,0.6952818,0.4486719,0.45837206,0.71595484,0.60755724,0.04592631,0.40356174,0.34746432,0.27385858,0.43133053,0.83067787,0.32228425,0.82315105,1
0.7022894,0.16351171,0.1943883,0.023665275,0.44337052,0.5412539,0.4170259,0.83140695,0.8255016,0.80747783,0.2780582,0.8996143,0.0054397113,0.9981842,0.020234935,0.020209072,0.78256696,0.46400073,1
0.9341443,0.53728026,0.08532595,0.5168521,0.7957188,0.8442238,0.53766775,0.5026624,0.8439349,0.5008776,0.49942213,0.41233698,0.5401343,0.11616896,0.9017923,0.2685459,0.6548831,0.05319,1
0.07227949,0.08361821,0.06661814,0.425104,0.3425535,0.7613623,0.6810992,0.2984714,0.03857589,0.63998556,0.1710167,0.83733636,0.3906901,0.5689157,0.2993665,0.6351001,0.19329472,1.005146,1
0.29738894,0.17689998,0.18515849,0.2525773,0.22783935,0.8802572,0.5316831,0.37020352,0.14769223,0.59087294,0.079643674,0.8984981,0.9960368,0.41980138,0.29858857,0.46497974,0.96187025,0.5648807,1
0.35392517,0.86665314,0.49762118,0.114863455,0.4040958,0.23682955,0.55105805,0.47868118,0.9759207,0.0009734023,0.61873007,0.44357976,0.21834569,0.62017006,0.6494812,0.77971196,0.9496781,0.6157892,1
0.55946344,0.6461639,0.15990093,0.9486482,0.945401,0.93569344,0.28575093,0.13786551,0.92896974,0.44134638,0.9302879,0.2551105,0.7111335,0.7511768,0.77139616,0.99553794,0.6015426,0.858979,1
0.04082844,0.6529501,0.9639774,0.44848168,0.18850774,0.82358843,0.17571649,0.6260332,0.8520402,0.09420395,0.88692206,0.6366963,0.19838859,0.6909731,0.82645386,0.75381035,0.3087491,0.8391867,1
0.066586114,0.71651316,0.8864661,0.13602835,0.8913215,0.21666223,0.35054538,0.76786834,0.32326618,0.8149923,0.71311253,0.55282235,0.85025865,0.28435814,0.20849831,0.6342613,0.8826909,0.75633323,1
0.35359326,0.9358026,0.9617644,0.44438723,0.4915175,0.44870386,0.80777293,0.3578172,0.3971293,0.43595445,0.602771,0.36057073,0.2613041,0.15041931,0.28650868,0.2422745,0.4175635,0.25946626,1
0.6696908,0.3698297,0.7441096,0.31953773,0.038661096,0.78447336,0.17991936,0.63324237,0.8708282,0.78999597,0.60646474,0.37303522,0.34900913,0.09557159,0.01167821,0.26601937,0.20598595,0.43300328,1
0.7556335,0.93114835,0.19719729,0.21528825,0.767395,0.48882148,0.90378684,0.517247,0.07866631,0.49486583,0.65190667,0.85910904,0.12341569,0.83952665,0.804392,0.6958435,0.011701217,0.16107112,1
0.3625591,0.037131507,0.6675974,0.96763796,0.38912442,0.34218937,0.81824034,0.9040808,0.79860675,0.8177166,0.49525028,0.5674246,0.64810324,0.07547654,0.5183651,0.31827667,0.41662633,0.29446965,1
0.6362283,0.5810847,0.065288655,0.3049236,0.29507706,0.5321897,0.14224753,0.62759376,0.5604007,0.52091974,0.2685481,0.7401945,0.92923784,0.7035451,0.57626796,0.80211776,0.4357644,0.2629124,1
0.20235398,0.90964067,0.018477496,0.8735053,0.8879528,0.3932728,0.02714798,0.8960479,0.58864063,0.3783632,0.13319117,0.9615511,0.30330858,0.14937,0.7027725,0.46316203,0.5019768,0.7039282,1
0.28067794,0.41356224,0.6701414,0.45533988,0.038228367,0.60941786,0.21225578,0.13281024,0.5023671,0.967447,0.7229599,0.7395853,0.574165,0.86596274,0.9960507,0.30937532,0.41810006,0.3882492,1
0.48880604,0.05260693,0.4252331,0.8525415,0.14806849,0.25638717,0.4208976,0.28037086,0.17966864,0.8273268,0.22695836,0.5264495,0.031593245,0.56887054,0.49663153,0.27762875,0.44975615,0.6970993,1
0.8495275,0.35236737,0.12782899,0.9125975,0.736786,0.4290953,0.44171196,0.8924211,0.27451366,0.5781036,0.60447437,0.58694756,0.6570422,0.5331177,0.07921534,0.14111951,0.5080024,0.6550432,1
0.88421667,0.6497488,0.66043836,0.49074644,0.68333167,0.019896867,0.4691769,0.5190654,0.17251498,0.37264132,0.7105724,0.6536576,0.4775561,0.79940814,0.25933525,0.14694148,0.5267415,0.856774,1
0.010530089,0.23735793,0.48259577,0.0154485665,0.9645822,0.66982335,0.585364,0.3005392,0.21593916,0.25335318,0.3045315,0.15187405,0.9240525,0.6108559,0.5923062,0.91645104,0.57169104,0.16451767,1
0.6568622,0.028526383,0.34366414,0.37775984,0.7734861,0.26822764,0.59381443,0.7150044,0.00944749,0.35310048,0.96449846,0.1561452,0.51134884,0.7028332,0.87759835,0.90960634,0.20249595,0.58870584,1
0.60037744,0.17784016,0.25917566,0.18670839,0.93990743,0.5091369,0.3104908,0.7182736,0.28208384,0.14164767,0.892174,0.48899934,0.65521985,0.14427929,0.41809523,0.57929754,0.58468765,0.9026249,1
0.21893695,0.10699682,0.16085762,0.62188387,0.105142266,0.18352655,0.04104248,0.80412996,0.34791565,0.24680015,0.03960479,0.31448403,0.4130263,0.5279433,0.80164695,0.41439044,0.9925851,0.4198373,1
0.7493017,0.6201188,0.969579,0.06285873,0.95106786,0.94719243,0.5074482,0.12477586,0.56975764,0.5016723,0.7688536,0.59464717,0.9609432,0.06516679,0.3659306,0.09864873,0.28281036,0.89422035,0
0.29229435,0.39904535,0.796375,0.9592632,0.60931957,0.448376,0.77122164,0.39537385,0.06635908,0.38170108,0.53037333,0.31687433,0.5606799,0.09457271,0.43620056,0.9865891,0.29836056,0.14007092,1
0.5775219,0.2293305,0.9748955,0.17869082,0.5639745,0.7509688,0.1343387,0.46855924,0.99161005,0.8157596,0.87675035,0.1812471,0.92451155,0.025094075,0.2778719,0.88254577,0.62813765,0.8121098,1
0.91012746,0.8650186,0.49300855,0.92913043,0.16568959,0.9530869,0.5673838,0.4650319,0.8288616,0.14929634,0.79302675,0.27285206,0.30551183,0.5662842,0.42340937,0.53708714,0.8077028,0.7557882,1
0.6276789,0.33220235,0.733609,0.65751326,0.6371688,0.6252233,0.84756684,0.39936155,0.35845664,0.55881673,0.3898742,0.25252184,0.3067209,0.4414462,0.61958647,0.976495,0.2108996,0.5156371,1
0.15882257,0.46767163,0.4961922,0.1366727,0.6581424,0.04679662,0.16689575,0.62934273,0.61593574,0.22680753,0.9845378,0.40205368,0.7914741,0.019656582,0.48153815,0.20835006,0.3309408,0.79585695,1
0.111338414,0.7216493,0.7357535,0.12136215,0.5193835,0.44981995,0.45191932,0.35999,0.4583432,0.9162251,0.09561605,0.20677371,0.794882,0.64955324,0.84651136,0.5621372,0.9085258,0.9789781,1
0.79199094,0.25212556,0.023431089,0.4682923,0.61795974,0.5172205,0.05112282,0.03526339,0.9258524,0.7392354,0.37124726,0.29584652,0.30182812,0.5609235,0.44972777,0.74800724,0.67857635,0.7304668,1
0.23294383,0.90411544,0.2992513,0.14151216,0.5922676,0.85193443,0.9294084,0.91712224,0.49709767,0.19819361,0.46241203,0.46040913,0.22274257,0.13293938,0.32286546,0.37975982,0.4133761,0.358572,1
0.8743311,0.4624811,0.89124876,0.020894464,0.27558687,0.9501894,0.5703552,0.41417444,0.8672089,0.47489044,0.20162374,0.004201305,0.54265887,0.11104177,0.41907737,0.4146259,0.86083555,0.023814773,1
0.9445525,0.21445127,0.6800921,0.32778078,0.009961251,0.76191634,0.5101466,0.7400638,0.14874834,0.06769246,0.66546243,0.4991239,0.4408686,0.019157393,0.11480402,0.8606481,0.4878562,0.16574839,1
0.14661908,0.5723215,0.63989633,0.63385135,0.7585919,0.8370989,0.36639965,0.6126008,0.8260167,0.1680899,0.9582763,0.47991908,0.11646311,0.81440824,0.8123726,0.9191578,0.210883,0.52550405,1
0.16229251,0.92205703,0.309583,0.80299866,0.59269595,0.043702096,0.26249155,0.56388724,0.47153968,0.4346464,0.88483685,0.40070763,0.47666222,0.48179173,0.3333832,0.63862497,0.57967395,0.41632748,1
0.9051269,0.8469139,0.6297973,0.9039985,0.7098069,0.908084,0.32431158,0.1735278,0.7764949,0.8408762,0.17234388,0.8435989,0.10314347,0.5368726,0.3343595,0.068318486,0.3279221,0.58104235,1
0.64396036,0.4054144,0.8068931,0.16804641,0.8647176,0.95601374,0.5494893,0.4217836,0.4198065,0.9443468,0.315784,0.678196,0.38525927,0.09718643,0.21459596,0.22494859,0.016600689,0.4156291,1
0.34508005,0.24182333,0.82782024,0.08877444,0.6428653,0.3583697,0.8228985,0.57314336,0.73496944,0.23869114,0.12715316,0.48379552,0.25920385,0.709629,0.8470153,0.3075777,0.7530619,0.1589554,1
0.9470684,0.5452244,0.06834205,0.5031048,0.7967491,0.8555483,0.53003126,0.5137824,0.8730374,0.50939316,0.5033221,0.42584375,0.55248374,0.10834001,0.9019894,0.27250463,0.62969846,0.03521312,1
0.37814906,0.11765905,0.57042646,0.28308088,0.91398317,0.6693409,0.61090726,0.27678105,0.7394221,0.67457354,0.2821067,0.065603,0.84074765,0.98741215,0.74743295,0.20141369,0.9049356,0.62306327,1
0.924004,0.33298364,0.7830825,0.8620896,0.8872644,0.867901,0.056722913,0.8263436,0.4999356,0.32338798,0.57317746,0.9520935,0.18019955,0.37701744,0.556826,0.66576505,0.038021587,0.478627,1
0.06096116,0.15060292,0.6760543,0.6438183,0.33940127,0.68046933,0.06270799,0.02957514,0.062868245,0.47659087,0.5593276,0.20921434,0.06942339,0.55590224,0.18923055,0.1707913,0.6329443,0.93952686,1
0.21263412,0.14895584,0.64880174,0.9141296,0.8941786,0.18081763,0.09373239,0.04049748,0.8468118,0.5311233,0.10157404,0.4927925,0.757054,0.8757594,0.4848855,0.98269135,0.5653404,0.07274673,1
0.3003836,0.6222842,0.5450326,0.55939406,0.025321696,0.802639,0.35406816,0.5201563,0.7027743,0.92240125,0.45671552,0.633376,0.5008933,0.38423154,0.79793805,0.97786057,0.6410336,0.5566603,1
0.28234965,0.95928293,0.80059534,0.8133291,0.63007885,0.2139782,0.4288175,0.5746202,0.78176194,0.10964021,0.8422833,0.998609,0.0598952,0.40325534,0.6943482,0.18297553,0.9235035,0.34894,1
0.22637635,0.7626667,0.35871384,0.86013967,0.7505109,0.7476109,0.9575718,0.65838444,0.12976092,0.024188457,0.9149648,0.16231902,0.049190175,0.014981582,0.8388884,0.8274605,0.8595836,0.6858348,1
0.21271762,0.50274915,0.34949446,0.7628444,0.7275339,0.40294954,0.8011836,0.17585948,0.6725633,0.07591385,0.5860002,0.6332691,0.22908117,0.9026665,0.71026874,0.2262918,0.18818022,0.72360617,1
0.7266949,0.6285227,0.9551496,0.048847195,0.9553858,0.95601624,0.5101274,0.11891317,0.5812303,0.49838722,0.7839901,0.59810114,0.9427802,0.066995755,0.36315763,0.09500378,0.28694016,0.85576606,0
0.8058771,0.5913764,0.5640602,0.2718147,0.76944476,0.21664286,0.63972884,0.19008666,0.9799272,0.37453958,0.86013603,0.33473942,0.6040074,0.47829184,0.23357143,0.011020779,0.6906859,0.53248453,1
0.0053024935,0.1675405,0.73794556,0.8954168,0.28144476,0.1326747,0.4336249,0.5739348,0.88228416,0.0640226,0.16136497,0.8403931,0.008369548,0.6713005,0.348695,0.042449713,0.33271813,0.49963358,1
0.27817875,0.14715104,0.17915079,0.2675382,0.21182972,0.87491465,0.5134308,0.38988596,0.16257712,0.59332824,0.069906004,0.89005923,0.9797478,0.39609084,0.30879858,0.4647564,0.93911,0.5577076,1
0.5538877,0.2996207,0.2147206,0.9572161,0.18481576,0.08594781,0.26388204,0.83633834,0.8199455,0.7720723,0.9490269,0.3804528,0.6964432,0.904814,0.73671436,0.7292603,0.0029019327,0.68697906,1
0.6221714,0.652093,0.7217187,0.2038463,0.15667525,0.6531293,0.84575415,0.9973672,0.7694341,0.69506073,0.37342355,0.4250576,0.43297738,0.57410073,0.7350043,0.47317204,0.6740018,0.16926977,1
0.50942713,0.27404076,0.50495666,0.38093337,0.5743956,0.7098302,0.38230997,0.7597911,0.44493544,0.5373404,0.019402392,0.5800309,1.0023569,0.39816296,0.29725468,1.0090501,0.00024290978,0.95843965,1
0.95565635,0.25626338,0.27087277,0.6266904,0.8545226,0.7203096,0.21998715,0.85087025,0.01302806,0.36670545,0.27367592,0.66485786,0.11200251,0.9003235,0.17168699,0.566055,0.61714506,0.41971463,1
0.19046569,0.10958205,0.70003873,0.4608192,0.97777164,0.51483893,0.65363604,0.28118044,0.93657005,0.2151514,0.7971775,0.92734027,0.09232406,0.500062,0.7698631,0.22859123,0.5857066,0.7420935,1
0.8738296,0.68402964,0.5331931,0.27633554,0.3878171,0.16336063,0.66021997,0.606774,0.994073,0.030373244,0.35214785,0.15441354,0.78627634,0.96062696,0.7124281,0.9831708,0.907936,0.67777765,1
0.56721294,0.080615565,0.16291788,0.9538246,0.61179614,0.9952578,0.5198092,0.036812127,0.9183487,0.005104541,0.3824207,0.3042018,0.65353966,0.56156105,0.26165995,0.3947872,0.055340104,0.79847044,1
0.033488307,0.9852367,0.58412236,0.58482033,0.8425182,0.31946436,0.28602794,0.71983516,0.1405955,0.47425082,0.5407231,0.5978537,0.73306984,0.21797563,0.042848997,0.54819316,0.69693196,0.45894435,1
0.052555446,0.3591106,0.44223434,0.73829496,0.4806438,0.56151223,0.08254811,0.60317475,0.8139077,0.35463685,0.7096384,0.5635025,0.9855028,0.5260355,0.96149135,0.9313447,0.03397446,0.8624959,1
0.66677654,0.3542487,0.75912714,0.31118384,0.049757216,0.7868331,0.18334022,0.6405233,0.8739036,0.790614,0.60252494,0.36452416,0.37554505,0.11677639,0.011528424,0.2820322,0.20962818,0.43573755,1
0.3955504,0.20568968,0.8964853,0.9831094,0.12282181,0.8921664,0.9692868,0.54052633,0.35010532,0.78533125,0.42620847,0.67083627,0.07271589,0.7183651,0.23217572,0.4326845,0.65339464,0.5942677,1
0.033062074,0.053086,0.7486966,0.64636266,0.774624,0.83898765,0.5797851,0.8825118,0.5721485,0.20750588,0.30676278,0.5916599,0.6554633,0.4415727,0.081489705,0.8765375,0.09899821,0.082649656,1
0.1642862,0.6993449,0.2192769,0.7614622,0.7910971,0.489826,0.25789893,0.7334381,0.7171966,0.20385092,0.75038254,0.9479135,0.9885504,0.76550305,0.18115653,0.45291415,0.6745234,0.77227736,1
0.60230625,0.22016908,0.9641168,0.18233335,0.5595642,0.77105266,0.13649282,0.47398138,0.9974279,0.8212692,0.8708796,0.1953535,0.91901076,0.036921635,0.26247913,0.90466124,0.60121006,0.79548925,1
0.679941,0.019950466,0.33814344,0.38448867,0.7678347,0.26236922,0.6000045,0.7060923,-0.0008276949,0.36036432,0.96490395,0.14717187,0.5088025,0.68171304,0.88276726,0.8996146,0.2367272,0.58422697,1
0.40542787,0.2701393,0.75092834,0.21727419,0.94952244,0.45098364,0.27524623,0.17241982,0.57161117,0.030987768,0.44216716,0.24759993,0.64511824,0.81728107,0.41802773,0.24285296,0.63098073,0.8425106,1
0.90658766,0.88422567,0.6806742,0.20706242,0.47084755,0.94904184,0.2515294,0.58798873,0.8687004,0.079298675,0.71700966,0.031611275,0.33050436,0.24917218,0.7597954,0.28526595,0.95800483,0.97531146,0
0.63243693,0.9087277,0.9551486,0.30910563,0.5512966,0.7838862,0.8370559,0.2999819,0.5625805,0.4133277,0.07024372,0.5549637,0.36829114,0.8391212,0.6873557,0.8550914,0.8665595,0.78465533,1
0.12459157,0.7256287,0.7257011,0.13237181,0.5107283,0.45824143,0.43719435,0.3371102,0.45084828,0.9122296,0.09105305,0.19810443,0.8057583,0.6617983,0.8443722,0.56731135,0.9107782,0.95641,1
0.23145935,0.78719723,0.2580318,0.072556555,0.9404681,0.20888054,0.3439227,0.6416468,0.27874073,0.53192914,0.19763362,0.6273187,0.8050813,0.034470662,0.61041874,0.119746625,0.14410289,0.07462294,1
0.5719451,0.89623946,0.2170952,0.20147783,0.7954183,0.6319361,0.093998134,0.74407995,0.83460736,0.50942063,0.25108624,0.94970995,0.1719837,0.96472204,0.61276084,0.053442806,0.7332629,0.7840798,1
0.7916282,0.09370263,0.37147778,0.32409674,0.2775051,0.9161807,0.100035965,0.6517194,0.90811026,0.30294415,0.26478973,0.39570338,0.62185323,0.49221396,0.9978183,0.16946799,0.26534212,0.47833452,1
0.7623618,0.037425686,0.09066462,0.53593785,0.513231,0.4278781,0.2757749,0.33198103,0.32865575,0.3900886,0.70470613,0.7771729,0.5145447,0.37916014,0.11053487,0.5720287,0.09765681,0.14062005,1
0.52424836,0.4124601,0.8311092,0.2447758,0.29828322,0.11532375,0.65322423,0.40301582,0.39826417,0.833792,0.55103695,0.9589667,0.4781886,0.022294058,0.37314892,0.8700388,0.29500675,0.01786322,1
0.27412912,0.94370943,0.7984653,0.7779998,0.6171621,0.2140396,0.41822493,0.5642499,0.8070569,0.10161474,0.84836876,0.98221886,0.06037752,0.39385125,0.6882171,0.2006591,0.9029344,0.34402815,1
0.11939729,0.84273356,0.28083453,0.9214739,0.103417516,0.8210914,0.30727264,0.26609007,0.97056305,0.7085134,0.608355,0.9180431,0.7209063,0.38185215,0.021232985,0.71619,0.33346555,0.09176854,1
0.7948115,0.375576,0.13923785,0.5799206,0.3362422,0.98191935,0.87125856,0.5644813,0.9457063,0.21849662,0.9052739,0.38046134,0.728238,0.84484863,0.4543865,0.4817516,0.7411495,0.25880575,1
0.7450464,0.9249057,0.19095546,0.22546223,0.7890167,0.4997492,0.90908027,0.51103157,0.09513695,0.46850818,0.67111266,0.87434196,0.12858184,0.8497724,0.8095804,0.6980084,-0.0048045903,0.17205861,1
0.39184535,0.5460086,0.871155,0.5561877,0.6029545,0.89231324,0.10964453,0.10814804,0.44053906,0.26914832,0.5514394,0.96270597,0.28969896,0.059861466,0.6405468,0.65401053,0.68269694,0.03275297,1
0.06922338,0.06505637,0.041210648,0.42579222,0.31693336,0.7877231,0.68756205,0.29235977,0.03646395,0.6386253,0.160341,0.83143693,0.40928772,0.56366533,0.28767508,0.63033706,0.20597948,0.9824623,1
0.65275735,0.36392808,0.7432568,0.31665346,0.04483104,0.7823328,0.1957382,0.6371964,0.86935055,0.7603936,0.59915763,0.3749915,0.3543161,0.10012825,-0.006859698,0.25177187,0.20078392,0.43535566,1
0.23966604,0.7698489,0.27608362,0.09877673,0.9471275,0.20108536,0.3395709,0.6427816,0.26548073,0.54158384,0.21448109,0.636431,0.80975974,0.06196861,0.62645036,0.10168424,0.16422091,0.08035723,1
0.4466374,0.87063766,0.9769357,0.5135846,0.4108094,0.050821453,0.79004496,0.24877803,0.49314806,0.96593,0.35534236,0.54422396,0.9589447,0.89279044,0.79058516,0.6822282,0.75133777,0.024317896,1
0.09222735,0.6924826,0.15243202,0.33387023,0.5334797,0.9718573,0.07077068,0.47032902,0.7934869,0.66450185,0.25765145,0.9926358,0.43461564,0.30009863,0.61763036,0.11025089,0.04672434,0.0708114,1
0.2734811,0.7999328,0.5980099,0.03287771,0.6783884,0.52561307,0.7447839,0.6952384,0.09309787,0.83349746,0.8231278,0.105720535,0.9087046,0.877557,0.66675574,0.1895406,0.3981368,0.28019017,1
0.9577525,0.7513479,0.15100476,0.48498073,0.32225707,0.082225144,0.21548134,0.7665093,0.22085518,0.52890474,0.35282063,0.9340645,0.6583468,0.7865726,0.33274323,0.9283855,0.25191954,0.491094,0
0.72911507,0.6344141,0.8968497,0.3543845,0.19260421,0.2421605,-0.0012585202,0.4591875,0.44042692,0.89125186,0.9475662,0.19501592,0.13712566,0.27854848,0.10009741,0.62830204,0.3469525,0.11971078,1
0.49795,0.20246889,0.18634298,0.625855,0.40718108,0.6853462,0.62534416,0.3847637,0.06000558,0.088175684,0.4240716,0.30768293,0.191265,0.6492532,0.34373617,0.37525058,0.89287215,0.2145946,1
0.63499844,0.5618564,0.037135717,0.2850159,0.3042752,0.53965384,0.1445139,0.65768623,0.5519529,0.53000176,0.26763478,0.7513613,0.94923073,0.70677143,0.56961095,0.8049157,0.408599,0.25353032,1
0.4789538,0.9162546,0.5776652,0.4691014,0.126102,0.91965187,0.25959492,0.12232196,0.43128413,0.98902285,0.0305771,0.30453482,0.0041876263,0.6089562,0.6791718,0.4503352,0.53167987,0.7338301,1
0.64717615,0.43666607,0.43318614,0.50551087,0.13834447,0.55811226,0.55324054,0.87088287,0.41274747,0.43169668,0.39583266,0.9149755,0.4136291,0.34954712,0.8812168,0.16144586,0.2845113,0.93550646,1
0.4564092,0.8942771,0.9940021,0.4788152,0.4066935,0.052535832,0.81068665,0.24531421,0.5001945,0.9667717,0.3565351,0.5227882,0.9656519,0.89819866,0.7842425,0.6894231,0.7670701,0.021847403,1
0.94971824,0.73423094,0.15703368,0.49647224,0.3026956,0.09433818,0.2109563,0.75567174,0.20904246,0.5271374,0.36167482,0.937243,0.6498513,0.7841779,0.333656,0.9186832,0.25049388,0.48211512,0
0.21108082,0.7707493,0.37422386,0.8605335,0.74389917,0.7504641,0.9637705,0.671547,0.14017105,0.025718478,0.93996555,0.15561627,0.061331075,0.0147645315,0.8508763,0.81274945,0.85913974,0.67806846,1
0.4717854,0.3134576,0.68975455,0.32888606,0.655797,0.49504444,0.60338503,0.6218944,0.47277164,0.78244126,0.993916,0.31745934,0.12474452,0.7978053,0.7957738,0.4775997,0.61503094,0.6176643,1
0.49181893,0.22378711,0.16043183,0.63097674,0.4190188,0.67122126,0.6297904,0.38227293,0.06550831,0.0809322,0.43361416,0.31851646,0.17344137,0.6416124,0.3321795,0.3787642,0.90490186,0.2129153,1
0.1953525,0.12402798,0.5882434,0.612554,0.7983995,0.46218956,0.3932311,0.90535873,0.73838055,0.79693663,0.02734024,0.79031765,0.95820785,0.08590339,0.19282068,0.2629184,0.36115244,0.55502003,1
0.5673379,0.086457,0.15925881,0.9700712,0.6019091,0.98531884,0.5266212,0.0321047,0.908345,0.009898483,0.37963274,0.29948646,0.6864523,0.56752574,0.25720477,0.4058485,0.044266365,0.7808168,1
0.5562048,0.4099984,0.84434813,0.24094385,0.29159722,0.116877645,0.64247924,0.40993088,0.39693,0.8215556,0.5612609,0.95127314,0.4905528,0.0197006,0.3797478,0.87542796,0.30672655,0.023432648,1
0.16975558,0.27943394,0.06893801,0.7222849,0.53648734,0.0063175876,0.14927825,0.5918612,0.8956023,0.8651435,0.55537933,0.5031647,0.7659604,0.34892803,0.77648544,0.08654833,0.5925653,0.9101943,1
0.028100852,0.23987474,0.14205313,0.78718776,0.75094515,0.28266132,0.78443766,0.30314702,0.92712116,0.18649265,0.7319475,0.19646116,0.844161,0.637443,0.54267365,0.61011267,0.5002701,0.0008482102,1
0.41201764,0.9009241,0.9292981,0.9081694,0.4028431,0.005382659,0.8535904,0.6854043,0.39040247,0.88707876,0.5175487,0.6889129,0.87657565,0.3963388,0.488616,0.9299477,0.018194487,0.08191458,1
0.09932623,0.39177385,0.3931667,0.7288183,0.568309,0.22929978,0.5625905,0.017535955,0.10159422,0.40137082,0.47344607,0.6515167,0.60525775,0.6832277,0.8468074,0.8146879,0.8499382,0.123022504,1
0.7253998,0.80831885,0.2794868,0.9605766,0.88404644,0.06026244,0.5892428,0.24322867,0.54647297,0.63525236,0.11851249,0.021561336,0.48241895,0.036871508,0.553237,0.49797994,0.4219361,0.8555451,1
0.93860424,0.8543692,0.503507,0.9395182,0.16568398,0.97582895,0.5731527,0.48377305,0.81598127,0.15952826,0.77572197,0.27833158,0.29784304,0.5791202,0.40794376,0.51485705,0.8148949,0.77826774,1
0.6958216,0.31582823,0.9692033,0.16888452,0.8973855,0.8095353,0.07312924,0.40333447,0.71819705,0.6888292,0.96634096,0.67412,0.8524117,0.648589,0.57463974,0.42000523,0.11100333,0.52885264,1
0.77834296,0.6748056,0.9406235,0.34296152,0.5883336,0.4334736,1.0039065,0.41022143,0.7928611,0.51283157,0.2008965,0.9824102,0.8428476,0.8706544,0.09781396,0.6288308,0.51568073,0.4498416,1
0.2667087,0.39011395,0.7577832,0.97186947,0.6216318,0.450798,0.76555216,0.39345858,0.07541225,0.3620367,0.5219466,0.32806647,0.55504555,0.093702,0.44919303,0.9825303,0.298288,0.15038979,1
0.035691086,0.68348396,0.020613607,0.13416731,0.8245053,0.2647594,0.9426309,0.5854415,0.71932125,0.86359775,0.42286426,0.29842842,0.79032147,0.44240588,0.4570568,0.91496545,0.822148,0.1311056,1
0.91473687,0.87762684,0.8056061,0.77241915,0.6801734,0.26838398,0.45205665,0.30495343,0.64272475,0.26877978,0.7742287,0.73803705,0.79461485,0.16574799,0.31808832,0.6642238,0.22761919,0.07343165,0
0.71449256,0.08047326,0.407639,0.6367553,0.9066891,0.16881567,0.6003507,0.33678123,0.27241218,0.48088384,0.68405247,0.815127,0.75107634,0.39773178,0.9278109,0.19525105,0.01075553,0.087780125,1
0.9106028,0.8438334,0.5102095,0.10859299,0.34660527,0.9062323,0.978901,0.67046785,0.2670325,0.78774667,0.35456148,0.042061757,1.0052044,0.35814822,0.5106194,0.8199453,0.5905719,0.14027882,0
0.28725314,0.57897973,0.13056001,0.121777266,0.29792178,0.20992383,0.50092775,0.8713816,0.08288527,0.61266893,0.73991793,0.9644472,0.47783017,0.722777,0.6512835,0.34047812,0.8002253,0.60722023,1
0.09424005,0.07973991,0.06300687,0.44655856,0.35829276,0.767834,0.6745072,0.30071026,0.05334923,0.64178586,0.17882332,0.8319223,0.38652563,0.5550666,0.2773418,0.63710237,0.19624351,0.9970644,1
0.85875154,0.13678329,0.5377717,0.21053967,0.42677695,0.09626067,0.52142787,0.0752652,0.64567024,0.6910141,0.28016698,0.41534433,0.47389132,0.382608,0.8621583,0.9686048,0.043541662,0.32418653,1
0.6931435,0.10936932,0.50649256,0.18641087,0.42022967,0.3212252,0.15557653,0.12483007,0.5296579,0.96399003,0.17109457,0.46228793,0.13336287,0.16834311,0.80874723,0.7741447,0.9453105,0.40319005,1
0.6725959,0.9701167,0.37533775,0.87891144,0.41012987,0.14926761,0.694563,0.27050304,0.33622447,0.4761803,0.62827265,0.16671734,0.34991056,0.9441559,0.9952872,0.5483592,0.6891397,0.54562974,1
0.57337826,0.8808457,0.2333906,0.19851723,0.7744739,0.6431133,0.102164894,0.7463614,0.8211949,0.49204803,0.22536844,0.94941133,0.169753,0.9809103,0.61046404,0.05568725,0.7413165,0.7937704,1
0.561467,0.31691828,0.21842307,0.9283068,0.1548273,0.090916544,0.27107778,0.83545446,0.81943506,0.7686241,0.93978685,0.37908965,0.71565413,0.8955715,0.7339952,0.74224,0.019379726,0.70636576,1
0.15594622,0.5053239,0.6740646,0.41198826,0.92511094,0.8273109,0.35440278,0.07343763,0.348999,0.2537937,0.77930474,0.5426606,0.44073775,0.64783263,0.7713499,0.052204907,0.623386,0.34246984,1
0.9538683,0.2532813,0.27428767,0.6314116,0.85936576,0.71555847,0.24408868,0.8621542,0.0016542425,0.35442564,0.2755947,0.6416876,0.10372694,0.8979844,0.16933991,0.5630613,0.60687506,0.44912344,1
0.5277916,0.46264064,0.8302692,0.18998805,0.024008188,0.54158187,0.7499339,0.14557788,0.7893811,0.9106928,0.3378421,0.78151906,0.7523612,0.3148776,0.8220269,0.3801825,0.35771644,0.72197676,1
0.36271498,0.34100023,0.11637535,0.10071343,0.7053617,0.88532275,0.29078078,0.45396742,0.7040215,0.70619386,0.49130115,0.10118781,0.0879852,0.16959043,0.54700226,0.2885893,0.9185713,0.054268904,1
0.5587741,0.093366906,0.09132194,0.5749828,0.086253166,0.05680296,0.89620304,0.05000612,0.17645693,0.44387892,0.78882515,0.64039946,0.61837083,0.11439489,0.3057188,0.4332182,0.32101607,0.2627262,1
0.04485104,0.631852,0.3104577,0.8067673,0.22763875,0.9724873,0.60754603,0.63110095,0.7446745,0.42804477,0.049461134,0.60374415,0.023063464,0.9415528,0.32850096,0.9524005,0.1580296,0.29744035,1
0.7661901,0.80825454,0.29236397,0.9660568,0.9026299,0.06619546,0.6059998,0.26518938,0.52821976,0.640754,0.096738525,0.023207288,0.48329833,0.055895522,0.55305576,0.48955196,0.41805747,0.84768,1
0.29509774,0.81010336,0.5497206,0.980938,0.4852101,0.6702743,0.20140874,0.2657087,0.46265575,0.7318247,0.65841967,0.098138705,0.3775281,0.2442068,0.4254109,0.3786677,0.7806137,0.5419089,1
0.5820017,0.29493994,0.4248505,0.32938826,0.444258,0.8334919,0.50116456,0.16918924,0.96672577,0.4883251,0.07313088,0.9564689,0.91500384,0.30107155,0.80685735,0.8646026,0.53441566,0.8781941,1
0.29972753,0.42784035,0.69659543,0.4575053,0.039900605,0.6133394,0.2106553,0.14669412,0.49869698,0.97568876,0.72978675,0.7246185,0.5739488,0.87810594,0.98340845,0.3035782,0.43232095,0.36741808,1
0.28995234,0.6067524,0.1389707,0.12258056,0.30744743,0.1801058,0.49490884,0.8959646,0.10058806,0.5960789,0.7248508,0.9916955,0.46737057,0.743965,0.6291222,0.3589362,0.8034325,0.62097245,1
0.13959962,0.71689695,0.72551477,0.14433691,0.5020895,0.44801393,0.46128243,0.34255463,0.43483898,0.91385883,0.09795774,0.19852959,0.7965172,0.6485734,0.8341263,0.5528554,0.92629355,0.97130114,1
0.8888293,0.18186386,0.4517179,0.72790086,0.87293696,0.33093923,0.31028274,0.96235937,0.98024464,0.16055724,0.6799807,0.19409217,0.06940691,0.13286568,0.7638074,0.20590025,0.31188452,0.56813973,1
0.7942002,0.13013299,0.8843711,0.5238591,0.5471258,0.6347121,0.70644844,0.9367937,0.46727803,0.07996452,0.4320956,0.73305666,0.86317104,0.8536642,0.52213836,0.7791743,0.6329494,0.74097824,1
0.22046301,0.44261736,0.6935699,0.21902245,0.64423734,0.4902251,0.68488866,0.48601285,0.12840357,0.1849052,0.5500893,0.69884324,0.04120494,0.4726425,0.7162806,0.987078,0.45361885,0.6428841,1
0.695602,0.052626926,0.70822096,0.4763324,0.87123805,0.81383866,0.8932211,0.9845379,0.36036023,0.44433638,0.1134013,0.16196232,0.7075649,0.10733326,0.61697775,0.45850897,0.97570556,0.96548015,1
0.5001797,0.20850663,0.17581972,0.6371104,0.41239023,0.667253,0.5982763,0.37665102,0.026966965,0.08284807,0.43975094,0.31036797,0.1795971,0.6480594,0.3302867,0.37037444,0.9140443,0.21332765,1
0.65401864,0.417809,0.8084992,0.1612069,0.85702425,0.9466985,0.54951483,0.4318978,0.4013001,0.95237106,0.32640067,0.6691802,0.3912864,0.10170837,0.20424147,0.2292327,-0.0018037945,0.4037779,1
0.056851987,0.7925889,0.59829605,0.27069095,0.74827737,0.44418943,0.07033053,0.82281035,0.12821701,0.7037145,0.34441912,0.31499252,0.12355231,0.72109985,0.06529727,0.31817025,0.7360973,0.43097612,1
0.79836893,0.13063033,0.8840289,0.5317934,0.54238605,0.6241494,0.7105212,0.9440966,0.46075675,0.087864816,0.41772726,0.72905684,0.8770103,0.84747255,0.49701422,0.7875686,0.6263186,0.72253406,1
0.81317466,0.67592555,0.32639313,0.46533814,0.3528755,0.2422299,0.2987616,0.19718796,0.56580305,0.6303352,0.26237673,0.3649722,0.15302284,0.8908294,0.46718657,0.5825999,0.36873597,0.70120233,1
0.07065479,0.16283663,0.08553349,0.44567788,0.2349354,0.5791194,0.07922882,0.9489857,0.08255691,0.33876294,0.55714923,0.2860736,0.93197054,0.33104387,0.4782515,0.7431079,0.3559146,0.9639357,1
0.026599888,0.24459489,0.12864426,0.76802456,0.73451775,0.26274347,0.78446066,0.30242777,0.9416832,0.18424866,0.7438623,0.19899656,0.84425974,0.62631524,0.5334122,0.6053782,0.48861432,-0.005778813,1
0.85172224,0.99067783,0.5689928,0.67225295,0.5132871,0.17180571,0.4075352,0.3565933,0.31298044,0.96153206,0.67022705,0.22369184,0.43887895,0.30280524,0.6242209,0.6751748,0.23318698,0.70489085,0
0.79566723,0.097521976,0.30911967,0.14555252,0.04253489,0.36993262,0.8917536,0.16109064,0.42169803,0.06504676,0.9054808,0.42926207,0.063790396,0.7175021,0.5083529,0.5669964,0.045255773,0.32133713,1
0.4983623,0.38259962,0.06674697,0.9663281,0.8318563,0.7588208,0.55666065,0.2845047,0.4488717,0.4668599,0.7015128,0.19109143,0.7375118,0.20022024,0.12189787,0.2417477,0.86703444,0.81936413,1
0.014020656,0.8622114,0.86978436,0.78657144,0.46027398,0.9049673,0.18066403,0.84500235,0.2777667,0.012966006,0.4419289,0.8712909,0.28799987,0.5031167,0.96041954,0.9260857,0.022085657,0.17841968,1
0.24947667,0.276091,0.62813026,0.51988864,0.5356087,0.57758933,0.29020023,0.2997864,0.91494095,0.3137639,0.48182738,0.0923775,0.65385324,0.8495334,0.14611636,0.33525744,0.8159574,0.030095434,1
0.6334599,0.5762869,0.05805179,0.3026266,0.31828895,0.53473264,0.15689662,0.66333544,0.557108,0.5271885,0.2826262,0.7634464,0.9259809,0.71451724,0.58661044,0.8081699,0.4361921,0.25581425,1
0.84851664,1.0032734,0.59739697,0.66807866,0.5316329,0.18479109,0.39926854,0.35133183,0.30814266,0.9614348,0.6704204,0.20963041,0.4593555,0.2902907,0.6243648,0.66433007,0.2399406,0.71578586,0
0.5710639,0.51014334,0.2195999,0.5400062,0.67752194,0.08181015,0.24432659,0.2696818,0.8929909,0.55491376,0.5023442,0.11709829,0.6539914,0.9141435,0.6043394,0.98702633,0.19034751,0.9109403,1
0.18410861,0.45009995,0.28310445,0.077115774,0.56043065,0.25433266,0.116019934,0.042046726,0.96939546,0.29005846,0.7438846,0.96273917,0.4372143,0.10236575,0.3771755,0.7129004,0.3277816,0.16001183,1
0.06835205,0.140065,0.16634715,0.39990044,0.80079925,0.83338046,0.6700529,0.8303606,0.24946669,0.7122521,0.2937815,0.01638056,0.39242214,0.75277776,0.5106509,0.82108164,0.9232268,0.94138783,1
0.77848303,0.85928285,0.091592275,0.08772451,0.50972146,0.1868498,0.7944663,0.79961115,0.1184983,0.9519815,0.26604432,0.2687712,0.7728358,0.7445976,0.41773438,0.92720795,0.1766891,0.76644194,0
0.8898386,0.37287694,0.067253076,0.24834073,0.24370852,0.14035246,0.2510021,0.8608284,0.08025686,0.609463,0.5775585,0.44150367,0.5368492,0.17119528,0.65691465,0.85619986,0.96972084,0.5628363,1
0.7999481,0.90037686,0.8010248,0.9638472,0.21652266,0.817373,0.27851006,0.9607605,0.14152133,0.7403979,0.38659424,0.07290809,0.9409064,0.22970052,0.57186556,0.05288118,0.3589592,0.09586323,0
0.096289165,0.1087112,0.15926218,0.40835455,0.80589104,0.8427663,0.6662398,0.824901,0.26578373,0.7344417,0.2929961,0.017876994,0.4043482,0.7473166,0.5023626,0.81923985,0.9477173,0.92705834,1
0.6253776,0.17168291,0.2704479,0.20820373,0.92876524,0.5083119,0.31450596,0.7038785,0.30159357,0.14880365,0.8969729,0.49764684,0.6514203,0.13566495,0.44370478,0.5894238,0.5665503,0.9056166,1
0.8005719,0.693442,0.710858,0.987658,0.9713318,0.02479151,0.94364727,0.74544114,0.7515993,0.4141146,0.58212525,0.9590834,0.2523124,0.56099147,0.23458983,0.66693586,1.0023333,0.62740666,1
0.3131748,0.79043686,0.5546145,0.9694797,0.49322975,0.69040334,0.2137186,0.28538758,0.46009526,0.72294563,0.6595517,0.09065671,0.37183866,0.26085806,0.41981384,0.37380844,0.7813266,0.56547916,1
0.7571141,0.03745209,0.09598022,0.531841,0.5194482,0.4395433,0.25857708,0.33468604,0.32696828,0.41034263,0.6945022,0.7807766,0.5244468,0.393926,0.1034122,0.55180484,0.08934008,0.16045764,1
0.68090904,0.90451765,0.5782176,0.58069646,0.68511415,0.10485229,0.31179953,0.11648375,0.056117717,0.10594484,0.26721174,0.94892204,0.19392021,0.35345113,0.37085193,0.2219474,0.7376197,0.6938916,1
0.96808475,0.7368548,0.1552175,0.48434544,0.33543473,0.09251964,0.23861897,0.7696004,0.2284751,0.52525955,0.3532154,0.9238594,0.6576917,0.77685004,0.339465,0.9167177,0.25719348,0.49582753,0
0.46171695,1.0012593,0.8166242,0.5915971,0.5443799,0.43413463,0.13192931,0.3746159,0.8615319,0.38919094,0.636998,0.111874595,0.4007945,0.8643592,0.88994646,0.15756872,0.12229752,0.57680804,1
0.31071582,0.24871977,0.84617156,0.0326201,0.9690457,0.30480686,0.7139895,0.42829806,0.9128965,0.13084632,0.10000912,0.9806464,0.19723909,0.2033694,0.5025385,0.18296412,0.69064444,0.61217254,1
0.107291795,0.9000758,0.81956303,0.28251514,0.077718854,0.12638617,0.078394145,0.5808102,0.37903318,0.48971832,0.9014486,0.44730768,0.43903226,0.13463624,0.31553906,0.30995047,0.22933547,0.4520396,1
0.8218456,0.6786556,0.33369493,0.4739125,0.34274575,0.24237315,0.29889113,0.19410807,0.58322954,0.6334593,0.26690078,0.37027574,0.17120539,0.889477,0.47386733,0.58450776,0.35339454,0.6961809,1
0.2243557,1.0054371,0.67990816,0.80920005,0.20109633,0.63029504,0.5590152,0.4787028,0.016857838,0.06447196,0.17580786,0.5483664,0.25719172,0.20106132,0.27364326,0.6637429,0.50579226,0.3088948,1
0.3191038,0.47477695,0.6856964,0.21949059,0.17305881,0.5402676,0.16529542,0.99333274,0.26920697,0.81656265,0.20876902,0.088396266,0.59593076,0.80540323,0.44476062,0.056850046,0.024088731,0.1984165,1
0.4800823,0.2296042,0.63048047,0.53625274,0.07929203,0.8720333,0.4362223,0.045252204,0.38998896,0.3508615,0.3260514,0.2970025,0.76613754,0.050932273,0.0004917004,0.7335881,0.6804797,0.00912807,1
0.56975174,0.21380602,0.9575953,0.1706132,0.5479696,0.7595178,0.13164258,0.46562874,1.0005776,0.7938492,0.86910045,0.17213432,0.9317006,0.0463088,0.268874,0.91009796,0.63169044,0.80555737,1
0.8833958,0.65153503,0.6620613,0.4880897,0.6889526,0.011540981,0.4669327,0.49074563,0.1771113,0.36978337,0.707191,0.6328974,0.44764307,0.7965093,0.26007837,0.14408496,0.5179454,0.86585844,1
0.70045763,0.8251922,0.44231728,0.23415989,0.7707135,0.10837865,0.20480072,0.50411296,0.41913155,0.57476026,0.9595669,0.30284488,0.5398509,0.68290526,0.8857533,0.0113906255,0.7229729,0.24293855,1
0.07796598,0.19889222,0.77127206,0.14506814,0.010549668,0.16652131,0.56560147,0.3133986,0.40627283,0.92987156,0.44783738,0.20241825,0.6842124,0.9397787,0.022321425,0.037763923,0.058420174,0.7293876,0
0.42813498,0.27352482,0.7644349,0.20261094,0.9462775,0.47509047,0.28581583,0.1638926,0.5646966,0.029911337,0.43691182,0.2533626,0.65264446,0.80612534,0.4328701,0.24526173,0.62057626,0.82987195,1
0.9702722,0.861172,0.43740895,0.080155045,0.14645135,0.21063215,0.7066234,0.37360227,0.9592477,0.122404635,0.6980211,0.9705495,0.0244887,0.35576794,0.096036546,0.19016021,0.008796295,0.9519775,0
0.55566317,0.93641204,0.4244042,0.40281698,0.6951848,0.2238467,0.33663473,0.86596817,0.5214412,0.29383755,0.078092225,0.92885935,0.63447696,0.13238768,0.9757997,0.13030404,0.5379233,0.99378455,0
0.1221988,0.01175909,0.25864032,0.9365303,0.5060256,0.47101557,0.56431776,0.61966,0.99936414,0.08035529,0.3316347,0.73060244,0.8177397,0.55000544,0.3237402,0.035087705,0.5938358,0.6475637,1
