loc,v(g),ev(g),iv(g),n,v,l,d,i,e,b,t,lOCode,lOComment,lOBlank,lOCodeAndComment,uniq_Op,uniq_Opnd,total_Op,total_Opnd,branchCount,target
4.0,1.0,1.0,1.0,4.0,8.0,0.67,1.5,5.33,12.0,0.0,0.67,2.0,0,0,0,3.0,1.0,3.0,1.0,1.0,no
1.3900761237770103,1.3389313423627347,1.3389313423627347,1.3389313423627347,1.2541985067720511,1.1015268626788879,1.1015268626788879,1.1015268626788879,1.1015268626788879,1.1015268626788879,1.1015268626788879,1.1015268626788879,1.8473283559068367,1,1,1,1.1694656711813673,1.016794027088204,1.1694656711813673,1.016794027088204,1.3389313423627347,no
4.553853767996543,1.0,1.0,1.0,5.0,11.61,0.5758448594405877,1.7769268839982715,6.665523690086707,20.627890392059914,0.0,1.1472332057588936,2.0,0,0,0,3.553853767996543,1.4461462320034573,3.553853767996543,1.4461462320034573,1.0,no
4.0,1.0,1.0,1.0,4.0,8.0,0.67,1.5,5.33,12.0,0.0,0.67,2.0,0,0,0,3.0,1.0,3.0,1.0,1.0,no
246.2868960367595,36.1842362079807,7.459211810399036,22.88817715598553,713.558223462153,4668.742564857321,0.025407881896009645,38.54357613030235,122.6014838975961,187869.2499628417,1.5563428500314407,10437.180672648246,181.77635431197106,24,28,7,20.459211810399037,72.29605905199517,440.5646290582833,272.9935944038698,73.20531965755755,yes
17.154027146252346,2.593432449464621,1.0,2.0,40.71462184304007,178.3233209763156,0.11780297348393864,8.688514286683187,21.33517698192229,1510.5466051811306,0.05780297348393863,83.9186329603997,11.747459595716968,0,2,0,10.593432449464622,9.967162247323106,24.934324494646212,15.780297348393862,4.186864898929242,no
4.0,1.0,1.0,1.0,4.0,8.0,0.67,1.5,5.33,12.0,0.0,0.67,2.0,0,0,0,3.0,1.0,3.0,1.0,1.0,no
58.474159853110024,5.185399632775057,1.9483197062200452,3.474159853110023,132.88760220334967,711.7999029581745,0.05762920073444989,17.760321975487965,41.268614684323225,12450.60874656242,0.23577520440669933,691.6980458530189,42.57752044066993,4,8,0,15.948319706220046,24.8662806610049,77.91796095478486,54.969641248564805,9.370799265550113,yes
4.0,1.0,1.0,1.0,4.0,8.0,0.67,1.5,5.33,12.0,0.0,0.67,2.0,0,0,0,3.0,1.0,3.0,1.0,1.0,no
4.0,1.0,1.0,1.0,4.0,8.0,0.67,1.5,5.33,12.0,0.0,0.67,2.0,0,0,0,3.0,1.0,3.0,1.0,1.0,no
11.590743909499775,1.9317906515832959,1.0,1.9317906515832959,15.068209348416705,54.01487156081597,0.3313641869683341,2.9904506912216613,18.067332192580082,161.49461593194675,0.02,8.969549308778339,5.931790651583296,2,0,0,5.931790651583296,6.068209348416704,8.931790651583295,6.136418696833408,2.8635813031665918,no
4.0,1.0,1.0,1.0,4.0,8.0,0.67,1.5,5.33,12.0,0.0,0.67,2.0,0,0,0,3.0,1.0,3.0,1.0,1.0,no
55.49606711675446,10.015731532982155,7.015731532982154,7.511798649736615,174.35028852276122,937.5250556281139,0.0675196644162277,14.577016247011557,65.97989519269046,13467.360105976204,0.31015731532982155,748.1898637212753,44.50393288324554,2,6,0,12.488201350263385,29.25589932486831,104.81489257355139,69.53539594920984,19.03146306596431,no
20.869003155189084,2.261993689621834,1.2619936896218338,2.130996844810917,59.773053638214414,270.7478939257186,0.11607009465567249,8.7455731216878,31.34879338384989,2349.7339635167705,0.08738006310378166,130.5405112994757,15.869003155189084,0,2,0,10.392990534432752,12.738006310378166,38.29704101745808,21.476012620756332,3.5239873792436676,no
3.2204816252932593,1.0,1.0,1.0,5.0,11.61,0.67,1.5,7.74,17.41,0.0,0.97,1.2204816252932593,0,0,0,3.0,2.0,3.0,2.0,1.0,no
12.494869581764318,2.0,1.0,1.8118586977205398,35.44583692963298,160.15303833541952,0.14316989115956222,7.414880549910879,23.259689837878458,1154.673534052986,0.05376282604558921,64.145097513796,10.81185869772054,0,0,0,10.059293488602698,10.62371739544108,15.683010884043778,14.683010884043778,3.0,no
6.376826504771887,1.0,1.0,1.0,8.688413252385944,24.874284830530147,0.2886952048568434,3.5163099392894575,7.132599301993712,87.66140149178021,0.01,4.867400698006288,3.376826504771887,0,0,0,5.311586747614057,2.0,6.0,2.6884132523859434,1.0,no
10.770883910501889,2.0,1.0,2.0,18.0,64.53,0.14,7.0,9.22,451.71,0.02,25.09,7.229116089498112,0,0,0,8.0,4.0,11.0,7.0,3.0,no
13.196039108501353,2.0,1.0,2.0,27.372273759509472,117.64659567308468,0.12196039108501353,8.200990222874662,14.372155933591781,963.347967163295,0.04196039108501353,53.51745802365,9.392078217002707,1,0,0,11.0,8.58811732550406,14.58811732550406,12.784156434005412,3.0,no
45.26707201968436,5.465855960631268,1.0,3.267072019684366,106.67072019684366,553.7127874972339,0.06732927980315635,14.855706258109615,37.2934892551977,8227.66180719895,0.18267072019684366,457.0939892888306,35.0,1,5,1,15.198783940946903,21.66463990157817,64.4036481771593,42.26707201968436,9.931711921262536,no
4.381018615746836,1.0,1.0,1.0,5.0,11.61,0.67,1.5,7.74,17.41,0.0,0.97,2.0,0,0,0,3.0,2.0,3.0,2.0,1.0,no
2.0,1.0,1.0,1.0,5.0,11.61,0.67,1.5,7.74,17.41,0.0,0.97,0.0,0,0,0,2.3936009922403567,1.393600992240357,2.3936009922403567,1.393600992240357,1.0,no
10.428530334392672,1.7142811482658524,1.0,1.7142811482658524,28.000031962139033,118.21012401309946,0.12857156555202442,7.749992009465242,15.61289266649167,906.3999236104877,0.04285718851734148,50.35428146788724,7.571405741329262,1,0,0,8.999968037860967,7.428562296531705,11.999968037860967,10.285686889595114,2.428562296531705,no
105.8648291733209,11.93992407703151,7.0,8.0,260.759696308126,1456.4472420606867,0.05,21.38281564485676,68.11153985955846,31147.57594019751,0.4895494305777363,1730.4241688365923,80.8648291733209,4,15,0,14.0,34.01501898074212,156.8498101925788,103.90988611554727,22.87984815406302,no
7.268271399260473,1.0,1.0,1.0,9.268271399260474,26.538923718502037,0.2780481419778142,3.6373260123106013,7.3462933623286695,96.15842484611748,0.01,5.340481419778142,4.0,0,1,0,5.0,2.268271399260473,6.0,3.268271399260473,1.0,no
4.127077623599889,1.0,1.0,1.0,7.127077623599889,20.202787662659517,0.3911045663480078,2.5635388117999445,7.877790867303985,52.03626525172946,0.01,2.891388581971859,2.0,0,0,0,5.127077623599889,2.0,5.127077623599889,2.0,1.0,no
116.93970341312648,15.881333132164485,13.175110842885982,10.822962851202492,343.76073995841745,2027.6546397008985,0.04,23.70120012070131,86.4915046697459,47917.111996373256,0.6782296285120248,2662.0621050661402,101.58562911553146,1,11,0,15.41244457855701,44.470814859519,205.82103654529095,137.9397034131265,30.76266626432897,yes
60.66888898545933,7.873749945679124,1.0,6.208194438408792,179.79513903978022,946.4438356312519,0.047918055615912086,20.204826363237363,47.378822315895555,19017.437368559065,0.3195902780795604,1056.5203164631444,47.75083336954725,5,4,0,14.20819443840879,24.167222246364833,111.41972235500658,68.37541668477363,14.747499891358247,no
33.84754853798145,3.0190564327523184,1.0,2.990471783623841,53.00952821637616,248.97002587423927,0.07,13.63809435672477,18.261329323097694,3394.668190107697,0.08,188.59269840201952,18.933302485366884,6,4,0,14.961887134495363,10.980943567247682,32.99047178362384,20.01905643275232,5.038112865504637,no
25.275857200024664,2.726791199996206,1.0,2.0,65.18037359998861,302.68783537194713,0.10363395599998103,9.64193615600093,31.439816023991384,2915.9981340997774,0.10363395599998103,161.99933931198763,18.636604400001897,1,5,0,9.546417600007588,13.273208800003795,33.27585720002466,23.183022000009487,4.453582399992412,no
4.0,1.0,1.0,1.0,4.0,8.0,0.67,1.5,5.33,12.0,0.0,0.67,2.0,0,0,0,3.0,1.0,3.0,1.0,1.0,no
8.0,1.0,1.0,1.0,10.0,30.0,0.3,3.33,9.0,100.0,0.01,5.56,4.0,0,1,0,5.0,3.0,6.0,4.0,1.0,no
86.74813398388964,10.395677831990804,4.593516747986206,5.593516747986206,196.82711327963216,1090.3543964126145,0.05,21.401978389159954,50.953860856501834,23334.27441440493,0.3616542265592643,1296.3510206212916,63.35245615189884,2,18,0,16.406483252013793,29.98919457997701,117.6941068837747,79.13300639585746,19.79135566398161,no
8.0,1.0,1.0,1.0,10.0,30.0,0.3,3.33,9.0,100.0,0.01,5.56,4.0,0,1,0,5.0,3.0,6.0,4.0,1.0,no
9.755578105368214,1.081473964877262,1.0,1.081473964877262,11.837052070245477,37.38494932238681,0.24755578105368214,4.040736982438631,9.278613939748576,150.7619067627062,0.01,8.3725997333666,5.0,0,2,0,6.0,2.918526035122738,7.9185260351227384,3.918526035122738,1.162947929754524,no
4.0,1.0,1.0,1.0,4.0,8.0,0.67,1.5,5.33,12.0,0.0,0.67,2.0,0,0,0,3.0,1.0,3.0,1.0,1.0,no
54.63378676061192,8.901360281835753,1.7324264787761643,6.366213239388082,120.53514704244768,633.0087695751248,0.05,19.732267650661512,32.12485218614945,12479.03198239646,0.21267573521223837,693.2830913627141,38.83106619694041,1,9,2,17.535147042447672,20.802720563671507,73.90136028183575,46.63378676061192,16.802720563671507,no
10.664127148733673,1.332063574366837,1.0,1.332063574366837,12.996190723100511,43.263360024790344,0.276565085949347,3.667936425633163,12.3026546604251,155.20170234120022,0.01332063574366837,8.619352422927086,5.3320635743668365,0,2,0,6.0,3.996190723100511,8.332063574366837,4.664127148733674,1.664127148733674,no
63.93475737234537,6.6391455765927745,1.8521941021237,5.786951474469075,132.82159275960316,683.1581198224577,0.05786951474469075,17.511247271143077,40.03873508467743,11823.662114093086,0.22934757372345374,656.8675305239386,49.01732064256705,5,5,0,14.278291153185549,21.1478058978763,80.5912235915052,52.23036916809797,12.278291153185549,yes
138.01890930371763,23.509454651858817,11.007563721487054,16.51701837334587,414.02269116446115,2613.3656164050813,0.034981090696282365,32.42279365479829,82.20296461783569,84865.56149070835,0.8700378186074352,4714.753405645295,107.03403674669174,7,16,5,22.007563721487053,57.48676348739765,246.0264730252047,167.99621813925648,46.018909303717635,yes
17.258620122856243,2.3045977641270845,1.0,1.6522988820635423,47.56034359952186,222.20680395228032,0.12956896646190627,7.884971202334822,27.18997070921975,1842.4019147701445,0.07433907825555205,102.35674909647813,12.824712297301037,0,2,0,11.652298882063542,12.781608943491662,29.301723476665614,18.258620122856243,3.6091955282541686,yes
8.890968841297923,1.3781937682595844,1.0,1.3781937682595844,13.756387536519169,43.03140637784303,0.249165189873746,4.243612463480831,11.316417818916788,174.47741986362718,0.013781937682595845,9.69373135345369,5.378193768259584,1,0,0,5.378193768259584,3.512775073038338,9.0,4.756387536519169,1.756387536519169,no
4.0,1.0,1.0,1.0,4.0,8.0,0.67,1.5,5.33,12.0,0.0,0.67,2.0,0,0,0,3.0,1.0,3.0,1.0,1.0,no
236.96462788179107,26.377210757388056,9.28356055624379,17.037982071019904,591.0176860591044,3840.56227762068,0.02792403585796019,32.59171365174902,120.17654935207908,124915.4336477672,1.279620179289801,6939.745454417566,173.60510318350748,24,31,3,21.245578485223884,69.16961434318408,379.6024932306965,211.41519282840795,51.75442151477611,yes
107.38707654774811,7.895940422435362,1.208119155129276,7.895940422435362,296.3121787326939,1601.7653464230132,0.03052029788782319,28.613161655502502,56.02677014273979,45817.20703370472,0.5320811915512927,2545.402728605348,87.85534464678898,2,15,0,14.104059577564637,28.312178732693916,181.52029788782318,114.79188084487072,14.791880844870724,no
51.640644894000204,4.2994625883331645,1.2994625883331645,3.2395700706665314,100.97645308299889,527.2070214324535,0.060598925176666325,16.836183711930122,31.57081174255258,8838.935126487884,0.1741924762366643,491.05038462574527,37.119785035333265,4,5,0,17.76042992933347,19.479140141333062,64.01817280033276,36.958280282666124,7.598925176666329,no
57.142098741379414,9.85756945797408,1.0,6.428618828663787,174.28452928340533,913.2457182149471,0.04571381171336214,21.141630021821094,43.95783577913804,19151.217339492625,0.3085690585668107,1063.953026902543,46.42828702801728,3,3,0,14.428618828663787,23.285524685344853,106.5703857693967,67.71414351400864,18.71513891594816,no
8.20139575523979,1.0,1.0,1.0,8.0,22.46,0.5,2.0,11.23,44.92,0.01,2.5,3.2013957552397896,0,2,0,4.0,3.0,5.0,3.0,1.0,no
4.0,1.0,1.0,1.0,5.0,11.61,0.67,1.5,7.74,17.41,0.0,0.97,2.0,0,0,0,3.0,2.0,3.0,2.0,1.0,no
47.92558698060742,7.395344182827148,4.395344182827148,5.716275346261718,121.40927160665917,645.7545194488172,0.0667906883656543,14.625724253461417,45.32890954848385,9296.760288444844,0.21753481855958007,516.4861478061079,38.35813767313086,3,3,0,15.283724653738282,24.432550692523435,74.5441702216123,46.86510138504687,13.790688365654296,no
8.0,1.0,1.0,1.0,10.0,30.0,0.3,3.33,9.0,100.0,0.01,5.56,4.0,0,1,0,5.0,3.0,6.0,4.0,1.0,no
53.56806848948074,6.28403424474037,4.997059928295647,6.28403424474037,145.41429108029314,713.531358262509,0.07142017122370185,14.614369179733668,50.21035656480973,10280.453379916555,0.23855042805925464,571.1338399668269,42.42605136711055,3,5,0,10.286974316444724,19.713025683555276,89.13319690725713,56.28109417303602,11.56806848948074,yes
70.26931528391903,8.399654528184474,2.866206037579299,6.533448490605175,192.53690320876044,1049.2102885960276,0.04466551509394825,22.196141643444363,47.19134263985238,23343.93932720543,0.3520069094363105,1296.8821476797566,56.401381887262104,4,6,0,16.533448490605174,27.066896981210352,119.86966075573456,72.66724245302588,15.799309056368948,yes
2.0,1.0,1.0,1.0,5.0,11.61,0.67,1.5,7.74,17.41,0.0,0.97,0.0,0,0,0,3.0,2.0,3.0,2.0,1.0,no
11.670788790787586,2.0,1.0,2.0,17.670788790787586,63.34813175892744,0.17,6.0,10.555765386564676,380.098666889841,0.02,21.114946548945106,8.0,0,1,0,8.0,4.0,11.670788790787586,6.0,3.0,no
123.81297582106995,12.65499474371086,5.461997897484344,9.923995794968688,330.88898002610125,1941.8011629957243,0.047309989487421725,23.568276128833137,83.35570915355727,45722.57888134937,0.6473099894874217,2540.146646743968,98.61997897484343,2,18,1,15.614006307546969,43.07600420503131,199.96498423113258,130.92399579496868,24.30998948742172,yes
6.0,1.0,1.0,1.0,15.0,49.83,0.43,2.33,21.36,116.27,0.02,6.46,4.0,0,0,0,4.0,6.0,8.0,7.0,1.0,no
53.35098492384218,3.8107846374172984,1.0,3.8107846374172984,103.74362275744917,529.2888951230068,0.07283823043874053,14.188049741440576,38.16203411430338,7445.247454612774,0.17567646087748107,413.6281919229319,38.20245405546434,2,3,0,14.621569274834597,19.662253769039456,65.7029382632443,38.04068449420486,6.621569274834597,no
47.5254448601645,4.841814953388167,2.841814953388167,4.841814953388167,98.31637009322367,494.93602427971274,0.07,13.781393831779607,35.921371289661835,6819.634552366544,0.16386061682203945,378.8695990276329,37.75332149575661,2,4,0,14.22787663559211,18.613938317796055,62.158185046611834,36.158185046611834,8.683629906776334,yes
4.0,1.0,1.0,1.0,4.0,8.0,0.67,1.5,5.33,12.0,0.0,0.67,2.0,0,0,0,3.0,1.0,3.0,1.0,1.0,no
138.66302542077284,24.18545179918472,11.477573621588114,17.30908633197453,401.98303549042885,2474.8223267215126,0.036460609112016984,28.386641832268705,87.43152026262844,70120.69991162611,0.8246060911201698,3895.597807211043,104.01696450957114,11,16,4,18.938182733605096,53.21334004643736,244.66302542077284,157.32001006965604,47.37090359836944,yes
5.831432114286016,1.0,1.0,1.0,7.211841289796307,21.01593304489921,0.5168567885713984,2.608176689469488,6.521636702041161,69.33025418775937,0.31669745812240635,4.1473329201634614,3.0706137632654356,0,1,0,3.7608183510205806,2.38040917551029,4.451022938775726,3.0706137632654356,1.0,yes
51.327659824057235,5.163829912028618,3.036702346050082,5.163829912028618,135.89255425224326,666.8104360559336,0.06581914956014309,15.622553079174246,43.78038369504427,10292.232328475018,0.22454787390035771,571.7891595014632,40.74574486804293,2,5,0,11.127127565978537,18.872872434021463,82.69202199416455,53.2005322580787,9.327659824057235,yes
10.0,2.0,1.0,2.0,19.028473175128784,69.47438478943164,0.1477135488134659,6.742881706217804,10.438740712527611,464.7870364217625,0.02257118293782196,25.817644771403614,8.0,0,0,0,8.0,4.514236587564392,11.514236587564392,7.514236587564392,3.0,no
12.303433870604035,1.7879292338255044,1.0,1.0,11.0,35.78926948774228,0.2593964616912752,3.909053074630872,9.228909453519465,139.46245168802147,0.01,7.745725290351677,3.2120707661744956,7,0,0,6.0,3.575858467651009,6.424141532348991,4.575858467651009,2.575858467651009,no
42.632969537016514,3.0,1.0,3.0,72.28838107805845,346.75919507940023,0.06026216461641677,16.613110278237563,20.894790357414387,5758.29360406621,0.12,319.90458641154135,28.816484768508257,3,5,0,15.868917691791612,11.973783538358322,47.18351523149174,25.10486584656671,5.0,no
2.9314197571839617,1.0,1.0,1.0,5.0,11.61,0.67,1.5,7.74,17.41,0.0,0.97,0.9314197571839617,0,0,0,1.9314197571839617,0.9314197571839617,1.9314197571839617,0.9314197571839617,1.0,no
4.2023611960414335,1.0,1.0,1.0,4.0,8.0,0.67,1.5,5.33,12.0,0.0,0.67,2.0,0,0,0,3.0,1.0,3.0,1.0,1.0,no
74.55495591915351,10.722522040423241,4.361261020211621,6.638738979788379,189.78017632338594,1054.8504247545588,0.03361261020211621,27.171019505294296,39.548176858516136,28507.818546385446,0.35083783060634866,1583.7658616843373,61.083783060634865,1,7,0,19.916216939365135,27.167566121269726,116.16756612126973,73.61261020211622,20.445044080846483,yes
56.26680598848768,7.484721828647562,1.0,4.745416548594268,149.47861056010657,815.0002188060664,0.04751527817135244,20.33843038631845,40.35069471994671,16587.09979061189,0.2724847218286476,921.5062443088382,49.01222253708195,0,4,0,16.50305563427049,27.763750354217194,81.9755549258361,67.50305563427048,13.969443657295123,no
4.0,1.0,1.0,1.0,4.0,8.0,0.67,1.5,5.33,12.0,0.0,0.67,2.0,0,0,0,3.0,1.0,3.0,1.0,1.0,no
10.550614988647823,1.1376537471619559,1.0,1.0,11.862346252838044,37.83351937925706,0.2527530749432391,3.965586563209511,9.54166036184725,150.0772988054396,0.01,8.334370852383957,4.724692505676089,1,2,0,6.0,3.1376537471619557,7.724692505676089,4.137653747161956,1.2753074943239118,no
45.0,5.626496158624294,1.0,3.3735038413757064,108.85554993788418,578.4958213621358,0.07,14.292521734830649,40.588150423695595,8252.402136002682,0.19120511524127118,458.4680369958809,35.74700768275141,1,5,0,16.0,23.747007682751413,66.48204609650847,42.37350384137571,10.252992317248587,no
4.0,1.0,1.0,1.0,4.0,8.0,0.67,1.5,5.33,12.0,0.0,0.67,2.0,0,0,0,3.0,1.0,3.0,1.0,1.0,no
4.0,1.0,1.0,1.0,5.0,11.61,0.67,1.5,7.74,17.41,0.0,0.97,2.0,0,0,0,3.0,2.0,3.0,2.0,1.0,no
109.00143692308058,10.76945183432009,6.5384246942799855,8.84630122288006,290.77232568048123,1692.083120667501,0.04461575305720015,24.019092603549943,71.67039541380967,40193.66095380324,0.5638520489152024,2232.9842410027877,86.2319850887605,4,12,2,16.692123471399924,39.84630122288006,174.3866418146008,116.38568386588044,20.53890366864018,yes
139.29735226707126,25.14867613353563,13.227814933448933,22.37969155574822,373.9048587562684,2188.759621129194,0.03231015422212589,29.221862085795212,74.81963047785243,64073.63541869253,0.7322781493344893,3559.650984935931,107.83852191140974,15,12,1,17.69304626663777,40.61710795548812,239.75298213396914,134.15187662229928,49.29735226707126,yes
4.0,1.0,1.0,1.0,4.0,8.0,0.67,1.5,5.33,12.0,0.0,0.67,2.0,0,0,0,3.0,1.0,3.0,1.0,1.0,no
4.0,1.0,1.0,1.0,4.0,8.0,0.67,1.5,5.33,12.0,0.0,0.67,2.0,0,0,0,3.0,1.0,3.0,1.0,1.0,no
54.09827018287805,4.345769057658535,1.0,3.8271154711707327,101.5186535864878,520.0279103585293,0.07,14.61,35.6035670956317,7595.522175673339,0.1717288452882927,421.9764993965263,39.13557735585366,2,3,0,15.172884528829268,19.69153811531707,63.654230942341464,37.86442264414634,7.69153811531707,no
9.054056749610929,1.4108113499221857,1.0,1.4108113499221857,13.82162269984437,43.59471201315615,0.2534054754898841,4.178377300155629,11.662816536173612,173.78723183564654,0.014108113499221857,9.655242607091822,5.410811349922185,1,0,0,5.410811349922185,3.6432453996887424,9.0,4.821622699844371,1.8216226998443712,no
5.0457180259004355,1.4771409870497823,1.0,1.0,14.045718025900435,47.511094802938054,0.4156857703885065,2.411113967798463,19.75203487364223,114.43777860972884,0.015228590129502177,6.359800392719546,3.0457180259004355,0,0,0,4.477140987049783,6.0,7.522859012950217,6.522859012950217,1.9542819740995647,no
4.0,1.0,1.0,1.0,4.0,8.0,0.67,1.5,5.33,12.0,0.0,0.67,2.0,0,0,0,3.0,1.0,3.0,1.0,1.0,no
7.6473781907599525,1.0,1.0,1.0,12.098252127173302,37.5083249820464,0.23647378190759952,4.225436968206674,8.960904408852354,157.47271987900587,0.01,8.749704717863853,3.450873936413349,1,1,0,6.0,2.549126063586651,8.549126063586652,3.549126063586651,1.0,no
12.223606881600618,1.7779508602000773,1.0,1.0,11.0,36.169177936534126,0.2744409827959985,3.6944877150500193,9.788850810755983,133.70148339439916,0.01,7.425699213966064,3.222049139799923,7,0,0,6.222049139799923,3.5559017204001546,6.666147419399768,4.333852580600232,2.5559017204001546,no
4.0,1.0,1.0,1.0,4.0,8.0,0.67,1.5,5.33,12.0,0.0,0.67,2.0,0,0,0,3.0,1.0,3.0,1.0,1.0,no
57.32805671978832,7.92590074037044,4.34388656042336,6.0899291002646,163.13741862216972,890.759313189902,0.0583597164010584,16.887480825698354,55.36522964488074,14775.025144429226,0.29507914920317524,820.8368613414237,48.49208507968248,1,5,0,14.49208507968248,30.0,92.6295037018522,70.50791492031752,14.85180148074088,no
45.184010201627466,5.736040806509861,1.9200510081373254,4.552030604882395,119.76015302441198,641.6188999047994,0.07,13.70847714354431,46.82151049324578,8792.463991545088,0.21552030604882394,488.47067508017074,37.36802040325493,1,4,0,15.63197959674507,25.36802040325493,75.1040612097648,44.65609181464718,10.472081613019721,no
4.0,1.0,1.0,1.0,5.0,11.61,0.67,1.5,7.74,17.41,0.0,0.97,2.0,0,0,0,3.0,2.0,3.0,2.0,1.0,no
26.062732568326716,2.5190116274640557,1.0,2.0,58.61976745071888,280.1424971559845,0.15847906980287554,6.826160463574914,46.84306978763905,1788.6950052220743,0.09404941862679721,99.36990523197791,18.252848842967275,0,1,0,9.519011627464057,17.69581396057511,35.847906980287554,22.771860470431328,4.038023254928111,no
36.442203857831835,3.407033976305306,1.0,3.407033976305306,110.30152433172572,549.3868929129,0.09296483011847347,11.177134802702874,49.80152194457328,6086.42338713469,0.18778898071084082,338.137575109156,26.628135905221225,1,5,0,11.0,20.371864094778775,69.33669421325224,40.96483011847347,5.814067952610612,no
17.427343576631852,1.4078124504662437,1.0,1.4078124504662437,56.572656423368144,260.58561783663987,0.11592187549533756,8.861585902083364,29.58246111210649,2303.4083095814713,0.08796093774766878,127.96558577527695,14.01953112616561,1,4,0,9.815624900932487,9.815624900932487,23.835156027098098,13.631249801864975,3.4078124504662437,no
256.5244722666937,24.279932238383427,17.300169404041426,21.0,550.7251498828595,3578.6915846291326,0.021399661191917146,41.27256398311211,86.44720341719557,148352.6690722562,1.1896121970909828,8241.816470850303,183.94267658385456,33,35,1,25.720067761616573,64.32040656969943,344.16359136567826,206.56155851718114,47.559864476766855,yes
2.000804049782715,1.0,1.0,1.0,5.0,11.61,0.67,1.5,7.74,17.41,0.0,0.97,0.0008040497827148663,0,0,0,3.0,2.0,3.0,2.0,1.0,no
4.0,1.0,1.0,1.0,6.0,15.51,0.4,2.5,6.2,38.77,0.01,2.15,2.0,0,0,0,5.0,1.0,5.0,1.0,1.0,no
4.0,1.0,1.0,1.0,9.0,25.27,0.0,0.0,0.0,0.0,0.01,0.0,2.0,0,0,0,7.0,0.0,9.0,0.0,1.0,no
5.143048372186643,1.0,1.0,1.0,6.0,15.51,0.4,2.5,6.2,38.77,0.01,2.15,2.381016124062214,0,0,0,5.0,1.0,5.0,1.0,1.0,no
10.961296351267935,2.0,1.0,2.0,21.038703648732067,80.10226738342551,0.14596759121830166,7.00936116883133,11.768244319109112,557.4696346209117,0.03,30.972115915275694,7.519351824366033,0,1,0,8.480648175633966,5.519351824366033,12.038703648732065,9.0,3.0,no
6.9096355249515575,1.909635524951557,1.0,1.909635524951557,10.090364475048442,30.271093425145327,0.22,4.5,6.729640553531972,136.21992041315397,0.01,7.567773356286332,4.9096355249515575,0,0,0,6.0,2.0,7.0903644750484425,3.0,2.819271049903114,no
55.71182285719978,4.0523958441454955,1.0,3.9738020779272523,101.07859376621825,514.769195506308,0.07,14.61,35.24418490907823,7518.445698153126,0.1702619792207275,417.6947173453035,39.86901038963626,2,3,0,15.026197922072747,19.10479168829099,63.947604155854506,37.13098961036374,7.104791688290991,no
6.490286242236515,1.0,1.0,1.0,1.0,0.0,0.0,0.0,0.0,0.0,0.0,0.0,1.0,0,0,0,3.094171745341909,2.792228993789212,3.094171745341909,4.188343490683818,1.0,no
11.355705170983882,2.0,1.0,2.0,18.64429482901612,68.25402411171316,0.1764429482901612,5.7422820683935525,11.916173640519176,391.40013113005557,0.02,21.741946138445805,8.0,0,1,0,8.0,4.644294829016119,12.0,6.644294829016119,3.0,no
4.0,1.0,1.0,1.0,4.0,8.0,0.67,1.5,5.33,12.0,0.0,0.67,2.0,0,0,0,3.0,1.0,3.0,1.0,1.0,no
4.135861269942927,1.0,1.0,1.0,5.031821632783764,13.991425261192127,0.6864138730057072,2.043793822709574,4.583841451363345,45.3500379606214,0.556499620393786,3.0427896272771067,2.3439405442612546,0,1,0,2.7919207256816727,1.8959603628408364,3.2399009071020908,2.3439405442612546,1.0,yes
95.14784994133103,13.543189996088735,1.9136200078225292,9.08637999217747,241.66612989439585,1332.8061235180876,0.04771594998044368,19.881277708487445,68.01795650015094,26289.468058072216,0.43944354982399314,1460.5262090206852,76.11711496675426,3,12,0,14.142025009778163,31.771594998044367,151.63539491981908,90.03073497457677,26.08637999217747,yes
8.0,1.0,1.0,1.0,13.709387251231295,43.45875758640321,0.5990612748768704,1.6773468128078237,25.973192899901967,73.05378793201602,0.01,4.054260781083539,5.41877450246259,0,0,0,3.0,6.0,7.0,6.709387251231295,1.0,no
6.0,1.0,1.0,1.0,15.0,49.83,0.43,2.33,21.36,116.27,0.02,6.46,4.0,0,0,0,4.0,6.0,8.0,7.0,1.0,no
10.11385887682219,1.943070561588905,1.0,1.0,27.715352807944527,112.91973669550977,0.18829211684766714,5.382375083338207,21.035875683837343,606.7988910250281,0.03943070561588905,33.710746965561164,6.0,0,2,0,8.11385887682219,8.715352807944525,16.11385887682219,11.601493931122334,2.88614112317781,no
17.40628370921651,5.59371629078349,1.0,4.59371629078349,49.45828838771132,215.0138682173612,0.13864572096927832,7.392296835413198,29.09621898752081,1589.668015531472,0.07,88.31491864323651,13.27085580614434,0,2,0,8.40628370921651,12.0,28.13542790307217,21.32286048463915,10.18743258156698,no
11.23862359075828,2.0,1.0,1.654827948844785,37.4872366650178,170.99758185277915,0.15416204358086505,6.926514920907281,27.3157940813392,1135.7968677306314,0.0569034410231043,63.09770241879472,10.654827948844785,0,0,0,9.274139744223925,10.30965589768957,14.583795641913495,13.583795641913495,3.0,no
45.33623488273358,5.622415658848905,2.867246976546716,4.4896626353956215,98.64309038805766,510.9644402271894,0.0775516868230219,12.78164306183449,40.69281842728799,6491.868556642245,0.1675516868230219,360.6615012424843,35.958650541582486,1,4,0,14.24483131769781,22.020674729208757,59.48966263539562,39.15342775266204,10.24483131769781,yes
67.43753634190271,9.972238374178984,6.013880812910508,6.506940406455254,196.95835756126849,1122.2505610472208,0.045069404064552544,21.19716897011443,53.429542872681644,23785.48446711454,0.37,1321.4188631399227,55.90283430962644,1,8,0,18.0,34.04164243873152,117.46529796772373,79.49305959354474,18.944476748357967,yes
47.08565732810162,7.371514007847577,4.642928339872981,5.914342671898385,129.82868534379676,681.9910368414805,0.06728585667974597,14.134108540181224,48.714482218049426,9595.619484646682,0.22914342671898386,533.08982058352,39.0,2,2,0,13.728585667974595,24.557271011771366,80.0,49.82868534379677,13.743028015695154,no
20.10248292336295,3.9795034153274105,2.9795034153274105,2.9897517076637055,40.23571072373478,179.55015001895813,0.07030744877008885,14.946913845697992,12.073444432819677,2677.6863948436553,0.06040993169345179,148.76252624985253,16.030744877008885,0,2,0,14.959006830654822,7.071738046354064,26.122979508035538,14.112731215699242,6.959006830654821,no
4.0,1.0,1.0,1.0,4.0,8.0,0.67,1.5,5.33,12.0,0.0,0.67,2.0,0,0,0,3.0,1.0,3.0,1.0,1.0,no
2.0896190358246898,1.342630780531902,1.342630780531902,1.342630780531902,1.2569730853989265,1.1135500367286817,1.1135500367286817,1.1135500367286817,1.1135500367286817,1.1135500367286817,1.1135500367286817,1.1135500367286817,1.856576951329755,1,1,1,1.6015845362766856,1.6015845362766856,1.6015845362766856,1.8884306336171757,1.342630780531902,no
53.08628847981493,6.130393029988433,4.043464343329478,5.956535656670522,98.86864665974554,505.84137169125285,0.07173857373317913,13.620064020684403,38.00740995116427,6810.8549563756205,0.1660850080661269,378.38496144505484,42.17385737331791,2,4,0,15.043464343329477,20.34739464321381,65.82454210957204,38.39021877969927,10.739213940023134,yes
113.85105164494513,14.0,7.899876277065279,11.949938138532639,268.55439216418256,1578.5427725839481,0.05,20.518096503889083,76.89176831942461,32418.519391971844,0.5265080419907568,1801.0295219136838,85.95117536787984,8,15,0,16.84981441559792,42.0,166.00247445869442,102.55191770548817,27.0,yes
4.0,1.0,1.0,1.0,4.0,8.0,0.67,1.5,5.33,12.0,0.0,0.67,2.0,0,0,0,3.0,1.0,3.0,1.0,1.0,no
29.55213409511011,3.0501940086463737,1.0,3.0501940086463737,83.9536861642811,376.4233248040823,0.07100388017292747,14.35493931501198,26.390827248285305,5386.331992102169,0.12250970043231868,299.2381673057241,22.351358060524614,0,4,1,11.0,11.351358060524614,54.50194008646373,29.45174607781736,5.100388017292747,no
6.735393365139744,1.0,1.0,1.0,8.632303317430129,22.965842653944105,0.5,2.0,11.482921326972052,45.938008341062506,0.01,2.55058426539441,3.632303317430128,0,0,0,3.367696682569872,3.0,5.0,3.632303317430128,1.0,no
17.344374124539208,3.163906468865198,1.0,1.6120311770449338,33.61203117704493,132.67049203701504,0.15836093531134804,6.387968822955066,21.018969821512403,841.9190624188224,0.04612031177044934,46.77503897130617,7.224062354089868,0,2,0,8.836093531134802,10.508280593404406,29.732342947494274,18.568436478629074,4.103750583640529,no
16.5346749457052,2.9332750023606433,1.0,2.0,50.33449995278713,221.25495841443453,0.12533799981114851,8.26779700821504,27.952659892354657,1798.5006193058764,0.07333624988196782,99.91259025309245,12.867424969311633,0,1,0,9.933275002360643,11.067599962229703,32.53379998111485,17.800699971672277,4.866550004721287,no
4.0,1.0,1.0,1.0,4.0,8.0,0.67,1.5,5.33,12.0,0.0,0.67,2.0,0,0,0,3.0,1.0,3.0,1.0,1.0,no
32.6069252887515,3.4007694765279437,1.601154214791916,3.200384738263972,69.39499840256836,322.26277335100406,0.08599230523472057,11.161058030225922,29.31176018433103,3569.6022025791476,0.10599230523472056,198.30845463012415,21.398845785208085,1,3,0,12.00192369131986,15.803462644375749,49.80923371833533,31.408464241807383,5.0,no
12.05980082321838,1.0,1.0,1.0,12.364119506068972,35.122258929816105,0.38516278847494273,2.605980082321838,13.62498324263909,90.97716939584184,0.01,5.055162788474943,4.211960164643676,2,1,0,4.788039835356324,2.635880493931028,9.516278847494268,3.0598008232183798,1.0,no
22.716040247432268,2.918868642123505,1.0,2.918868642123505,51.28395975256773,240.78322644497146,0.10081131357876495,9.941991079118306,24.255988036514644,2392.4397403939165,0.08040565678938248,132.9142948029545,17.797171605308762,0,3,0,12.837737284247009,12.837737284247009,30.634908889555774,19.675474568494018,4.918868642123504,no
13.421111803942662,2.0,1.0,2.0,21.22814907192355,83.47116467951142,0.16421111803942662,6.023484905743127,14.054153235205515,498.05815030014236,0.028070372679808872,27.672519257538838,7.8070372679808875,0,1,0,8.807037267980887,6.421111803942662,12.614074535961775,8.614074535961775,3.0,no
4.0,1.0,1.0,1.0,4.0,8.0,0.67,1.5,5.33,12.0,0.0,0.67,2.0,0,0,0,3.0,1.0,3.0,1.0,1.0,no
75.49474045982045,9.378944655134665,5.0,6.0,186.89472327567333,1072.0128946492666,0.04873685114955112,20.72252372007883,51.80105620407269,22230.104644938212,0.3525262977008978,1235.0032521986427,56.88420419531422,2,9,3,18.873685114955112,34.49474045982045,111.26314885044889,75.63157442522444,17.75788931026933,yes
4.0,1.0,1.0,1.0,6.444292608514359,16.4425866698086,0.3424647904590759,0.7667122174456923,2.724384079323693,6.133697739565538,0.004888585217028718,0.3424647904590759,2.0,0,0,0,4.955434086811487,0.5111414782971282,5.933151130217231,0.5111414782971282,1.0,no
3.7599965771268637,1.0,1.0,1.0,5.0,11.61,0.67,1.5,7.74,17.41,0.0,0.97,1.7599965771268635,0,0,0,3.0,2.0,3.0,2.0,1.0,no
5.288474132520884,1.0,1.0,1.0,8.48079022086814,25.65487994022814,0.36269373501903357,2.855762933739558,9.872197120060537,71.02014952987074,0.01,3.945189914821032,2.192316088347256,0,0,0,5.711525867479116,2.384632176694512,6.096158044173628,2.384632176694512,1.0,no
125.00227273288512,12.41685606107376,3.83371212214752,9.41685606107376,304.58541667181134,1799.3178529515571,0.035277146463087466,28.247356062308484,65.04966792710098,51658.87949812103,0.5972285353691253,2869.9369787816972,94.91799242751632,13,13,0,19.722853536912535,40.36142676845627,187.58541667181134,117.0,23.83371212214752,no
7.656653760225577,1.0,1.0,1.0,12.313307520451154,40.333359285076796,0.45193152643158074,2.2746769918195384,18.451815368461773,90.23607865986,0.01,5.012874668660142,3.030038719323269,0,0,0,6.596576321579039,10.030038719323269,16.56653760225577,13.0,1.0,no
30.142225829496972,2.1071112914748484,1.0,2.1071112914748484,125.07288059215696,648.3999247866298,0.09571554834100607,10.974756944356336,62.005312094657384,6919.968255451703,0.22035998376726362,384.4453596227578,22.392446789173032,1,3,0,11.535556457374243,24.607553210826968,79.10799513017909,45.96488546197787,3.2142225829496973,no
50.4400431240409,3.602860223145778,1.0,3.602860223145778,106.75852676438622,546.27631976899,0.07595709665281333,13.724378297615084,41.43892288322253,7379.938396090089,0.18191419330562666,409.99991089389385,36.22717211988489,2,3,0,14.205720446291556,20.389989218989776,67.574257991688,39.18426877269822,6.205720446291556,no
219.18669073959902,26.052932210860487,5.579398316290732,14.81616526357561,574.2174408497913,3711.7065537418657,0.02763233052715122,33.281897390470334,115.4443630256099,121947.17831977124,1.2379112715973268,6774.840915634659,160.66022463416877,21,29,3,21.42060168370927,66.6852627380117,368.8998475846283,205.31759326516294,51.10586442172097,yes
49.611171270783686,13.388828729216314,1.4027928176959212,6.798603591152039,156.17346823188876,820.0363995577205,0.04,23.336380165736365,35.138335138123516,19143.816219543623,0.2759720718230408,1063.5435708555542,44.20837845308776,0,2,0,16.409774861935723,22.208378453087764,92.38882872921631,63.784639502672434,25.77765745843263,no
10.0,2.0,1.0,2.0,21.37883843040828,80.7737657541878,0.1653412882280621,6.15529039239793,13.22392354003381,494.67193064264126,0.028447096076020695,27.48052818951386,8.0,0,0,0,8.0,5.689419215204139,12.68941921520414,8.68941921520414,3.0,no
59.129292266494296,5.16161533311787,1.0969691998707218,4.032323066623574,146.3555537328593,811.5789665751881,0.05,19.235414318712774,42.20313073318251,15607.811541070503,0.27032323066623576,867.1023078372501,51.129292266494296,1,4,0,16.90303080012928,29.83838466688213,78.45252293273003,67.90303080012927,9.32323066623574,no
21.73409243583533,2.866608274166513,1.0,2.0,46.933742080834406,213.5543964282063,0.13133391725833488,7.728639806116596,27.678423929551116,1648.7426709968481,0.07133391725833488,91.59333350901841,16.067133806667897,0,3,0,11.0,12.400175177500461,29.53356690333395,17.40017517750046,4.733216548333026,no
8.23265220498631,1.0581630512465776,1.0,1.0,10.988771871191819,34.67398279817496,0.29651021692520535,3.3806018545845227,10.00505752554086,121.14343238915586,0.011744891537397328,6.7343120046684,4.2326522049863105,0,1,0,5.116326102493155,3.407141358726043,6.523467461219198,4.46530440997262,1.116326102493155,yes
7.240393426462606,1.3798032867686971,1.0,1.0,11.899016433843485,39.027924126491925,0.3379803286768697,3.0147632719819817,13.7513391174764,113.08042519631393,0.013798032867686971,6.285424277728211,3.2403934264626058,0,1,0,5.0,4.5192131470747885,6.759606573537394,5.139409860306091,1.759606573537394,yes
68.18577099705229,5.756396947058136,2.837597964705424,3.918798982352712,129.56396947058136,681.9001944336324,0.08837597964705424,11.652702289706399,64.23777364358139,7517.2668642264725,0.22972193385292627,417.62225812284487,37.89099236764534,1,6,0,14.378198473529068,32.70078371764339,113.61514504704645,72.4549618382267,5.0,yes
158.22647716590234,21.227522082329116,10.272869761330924,16.909304641996385,480.6786478103869,3018.3524975651553,0.02772739146777577,38.07813123472752,78.61824511367882,116178.13448050566,1.0072660778045568,6454.339415511084,126.9085209546763,6,19,3,22.40917402744304,55.36356511933454,285.2710411575841,195.40760665280288,41.45504416465823,yes
6.0,1.0,1.0,1.0,14.946090727926247,49.75452701909674,0.4283827218377874,2.339164576252538,21.25272054857323,116.52930359867474,0.02,6.474555503459913,3.946090727926247,0,0,0,4.053909272073753,6.0,8.0,6.946090727926247,1.0,no
61.909776728316366,4.687680857862378,1.0,3.0,77.09311699748167,351.84397790506114,0.0784384042893119,12.618235843483449,27.95182203103251,4445.768472565846,0.12,246.98951638961273,24.531521286793566,0,4,0,11.84384042893119,21.969925576105453,87.75361715724756,66.12897887297231,8.375361715724756,no
6.347333362624331,1.0,1.0,1.0,17.718499934095252,62.22466801706378,0.714608330770371,1.4731783382395756,48.27835459380708,84.77059820730881,0.018263333186878342,4.70663999297016,5.173666681312166,0,0,0,2.1736666813121657,3.521000043936498,4.521000043936498,4.10783338459258,1.0,no
4.0,1.0,1.0,1.0,4.0,8.0,0.67,1.5,5.33,12.0,0.0,0.67,2.0,0,0,0,3.0,1.0,3.0,1.0,1.0,no
11.76621138107577,2.0,1.0,2.0,21.63652033246961,82.38046669433072,0.1270136585677269,7.765682274938351,10.807407485923862,632.8115340548775,0.03,35.15839675191207,7.4675772378484595,0,2,0,8.76621138107577,5.23378861892423,12.402731713545377,9.23378861892423,3.0,no
4.0,1.0,1.0,1.0,5.862284018590569,11.385806155166451,0.67,1.5,7.593411716839603,17.078020652842632,0.0,0.9484428995352358,2.4311420092952845,0,0,0,2.5688579907047155,2.862284018590569,2.5688579907047155,4.586852055771707,1.0,no
26.219234585104026,4.197040833060919,1.0,3.0,61.97780624795689,286.62328929979856,0.08197040833060919,11.808527525416794,24.97941386930645,3337.593203759385,0.0919704083306092,185.42018209658656,18.40147958346954,2,2,0,12.605918333878162,12.19704083306092,38.985204165304594,22.992602082652297,7.394081666121838,no
75.52536731853604,8.406709148170055,4.525367318536045,5.762683659268022,182.27086208158227,1042.6270435800725,0.05,20.299484333113345,51.34836147366477,21172.29180853813,0.34288050977804063,1176.2351663955462,55.64402548890203,2,10,3,18.644025488902034,34.05073463707209,108.22012744451017,74.05073463707208,15.81341829634011,yes
24.324542384415153,4.209432201948106,1.0,2.395283899025947,53.60471610097405,239.6017685706684,0.07,13.51905677980519,17.71970834811361,3240.264549085311,0.08,180.0160409849639,14.766987293181629,3,3,0,12.581135596103788,9.790567798051894,32.39528389902595,21.209432201948108,7.418864403896212,no
54.63345690275626,8.900370708268767,1.7330861944874887,6.366543097243745,120.53382761102502,632.9863854210395,0.05,19.732557925574493,32.12326227128515,12478.768891069363,0.2126691380551251,693.2684753611297,38.832715486218724,1,9,2,17.53382761102502,20.800741416537534,73.90037070826877,46.63345690275626,16.800741416537534,no
55.0,11.5326677215215,7.1306708860859995,8.29900158228225,171.81170094944875,921.478848101698,0.065326677215215,14.93461025315722,64.51270107599956,13400.134496251032,0.3042967246836825,744.4548240506901,43.130670886086,2,6,0,12.869329113914,28.36433702532525,104.1206867089085,67.69101424054026,22.065335443043,no
58.221687621707936,7.952151837874831,3.317383945958277,5.682616054041723,146.07814313533243,803.7750236988486,0.04317383945958277,21.073813587515655,38.58635928553192,16902.46614209992,0.26634767891916555,939.026425756572,50.90430367574966,1,4,0,19.460928432333784,26.365232108083447,87.90430367574966,58.173839459582766,14.904303675749661,no
4.0,1.0,1.0,1.0,4.0,8.0,0.67,1.5,5.33,12.0,0.0,0.67,2.0,0,0,0,3.0,1.0,3.0,1.0,1.0,no
4.0,1.0,1.0,1.0,4.0,8.0,0.67,1.5,5.33,12.0,0.0,0.67,2.0,0,0,0,3.0,1.0,3.0,1.0,1.0,no
570.4300837442185,83.72751332294385,35.86999238688923,59.831254758194234,1801.0322209207206,13407.309779296123,0.018831254758194232,68.66420621464917,203.48222836292456,897511.1802030499,4.46910714929871,49861.72869808241,433.1825399688315,39,82,6,28.454365007792113,144.8575209360546,1093.8220914978374,707.210129422883,165.16940687990135,yes
4.0,1.0,1.0,1.0,4.0,8.0,0.67,1.5,5.33,12.0,0.0,0.67,2.0,0,0,0,3.0,1.0,3.0,1.0,1.0,no
6.934785366294104,1.532607316852948,1.0,1.0,12.66303658426474,42.66007592159457,0.3532607316852948,2.8879359270120535,15.662917533830377,118.34299599241552,0.015326073168529478,6.57727997518913,2.934785366294104,0,1,0,5.0,5.130429267411792,7.065214633705896,5.597821950558844,2.065214633705896,yes
4.0,1.0,1.0,1.0,6.110713923577323,15.290405892036071,0.3871643342406388,0.8667858229268033,3.079978957466574,6.934286583414426,0.004221427847154645,0.3871643342406388,2.0,0,0,0,4.6885711388618585,0.5778572152845355,5.532856708292787,0.5778572152845355,1.0,no
6.0,1.0,1.0,1.0,13.24957493217843,45.03807869344651,0.37248441417987577,2.750141689273857,17.01616670393301,121.32013602170291,0.017498583107261434,6.742507084463694,3.250141689273857,0,0,0,5.500283378547714,4.999433242904574,8.250141689273857,4.999433242904574,1.0,no
3.0,1.0,1.0,1.0,1.0,0.0,0.0,0.0,0.0,0.0,0.0,0.0,1.0,0,0,0,1.0,0.0,1.0,0.0,1.0,no
57.94714813218896,4.4735740660944785,1.0,3.4735740660944785,140.7357406609448,774.9150877868109,0.05526425933905521,18.406661468394944,42.10579277801717,14290.205521808843,0.2594714813218896,793.9034357280855,46.78859252875583,0,8,0,17.0,28.420722198283435,79.05285186781104,61.68288879313374,7.947148132188957,no
14.416461775346155,5.416461775346155,1.0,4.562346331509616,41.51996254522116,168.6095949476053,0.2183292355069231,4.696993324737596,37.4561784509827,770.2788631984205,0.055623463315096155,42.79325840441606,12.416461775346155,0,0,0,6.291769112326922,10.270577219182695,26.395269882201926,15.124692663019232,9.83292355069231,no
12.065931087249286,3.0,1.0,2.355310362416428,36.84248289933143,165.25325860591835,0.1435531036241643,6.965495160805157,23.902482899331424,1145.1690812690417,0.05355310362416429,63.62039462980134,9.355310362416429,0,0,0,11.289379275167143,11.065931087249286,23.065931087249286,13.776551812082142,5.0,yes
4.0,1.0,1.0,1.0,5.0,11.61,0.67,1.5,7.74,17.41,0.0,0.97,2.0,0,0,0,3.0,2.0,3.0,2.0,1.0,no
4.0,1.0,1.0,1.0,4.0,8.0,0.67,1.5,5.33,12.0,0.0,0.67,2.0,0,0,0,3.0,1.0,3.0,1.0,1.0,no
5.279949405930309,1.0,1.0,1.0,1.0,0.0,0.0,0.0,0.0,0.0,0.0,0.0,1.0,0,0,0,2.367969643558186,1.8239595247442475,2.367969643558186,2.7359392871163712,1.0,no
28.156773799709896,2.0,1.0,2.0,59.31354759941979,265.4184942007282,0.1,9.98589035802611,26.582786411495217,2650.0554974418496,0.09078386899854948,147.22508767204758,18.078386899854948,0,6,0,10.078386899854948,12.156773799709896,35.235160699564844,24.078386899854948,3.0,no
4.907858391714097,1.5460708041429516,1.0,1.0,12.092141608285903,40.38531512184381,0.35006778845572467,2.9539291958570484,14.344948557267902,116.79225957218624,0.01,6.490582473804236,2.9078583917140968,0,0,0,5.907858391714097,4.1842832165718065,7.907858391714097,4.1842832165718065,2.0921416082859032,no
55.2860116565162,10.855953373935204,7.855953373935205,8.141965030451404,179.70670275883694,964.7671482664142,0.06856994171741901,14.150603662727884,69.3124250693705,13520.108182873935,0.3185595337393521,751.1201373915991,44.7139883434838,2,6,0,11.858034969548596,29.5709825152257,108.28080766748272,71.4258950913542,20.711906747870408,no
12.909308542850694,2.0453457285746532,1.0,1.0453457285746532,31.13603718572396,132.59374037049284,0.20682579899977427,4.842003949579394,27.551649045692358,643.7844020180843,0.040453457285746536,35.76216314394121,9.954654271425348,0,0,0,8.181382914298613,10.954654271425348,18.181382914298613,12.954654271425348,3.0906914571493065,yes
12.676407616005644,2.0,1.0,1.107864127998119,29.597766336024453,124.44584516364634,0.20244951104013167,4.97485157055573,25.849412654115064,604.0868069379212,0.03784271744003762,33.55636942529785,9.784271744003762,0,0,0,8.0,10.244951104013168,17.244951104013168,12.352815232011286,3.0,yes
8.0,1.0,1.0,1.0,10.0,30.0,0.3,3.33,9.0,100.0,0.01,5.56,4.0,0,1,0,5.0,3.0,6.0,4.0,1.0,yes
4.0,1.0,1.0,1.0,4.0,8.0,0.67,1.5,5.33,12.0,0.0,0.67,2.0,0,0,0,3.0,1.0,3.0,1.0,1.0,no
6.0,1.0,1.0,1.0,5.0,11.61,0.67,1.5,7.74,17.41,0.0,0.97,2.0252596291449176,0,1,0,3.0,2.0,3.0,2.0,1.0,no
4.0,1.0,1.0,1.0,4.0,8.0,0.67,1.5,5.33,12.0,0.0,0.67,2.0,0,0,0,3.0,1.0,3.0,1.0,1.0,no
2.8838085614968465,1.0,1.0,1.0,4.0,8.0,0.67,1.5,5.33,12.0,0.0,0.67,0.8838085614968467,0,0,0,3.0,1.0,3.0,1.0,1.0,no
38.21671197644042,3.648724919452373,1.9730873791785595,3.3243624597261867,54.94617475835712,257.18689437339026,0.07,13.549178511276669,18.993328285189396,3482.8787289794227,0.08324362459726187,193.4916409087804,19.0,5,5,0,15.324362459726187,14.892349516714237,44.677048550142715,29.40651133205941,5.0,no
10.03195700948976,1.0,1.0,1.0,12.03195700948976,34.40257352056115,0.36773190031632536,2.7678252273744994,12.79298641771422,94.0666855322899,0.01,5.228113688450006,4.0,2,1,0,5.0,2.3226809968367466,9.386595015816267,2.645361993673493,1.0,no
56.91059592545282,7.880794567270427,7.791390492723247,7.850993209088034,159.01655517998103,781.9800958118852,0.07970198641817607,13.136159015164914,59.59629086668196,10266.582190145535,0.25910595925452823,570.361854566659,44.91059592545282,3,6,0,9.17880814909436,21.149006790911965,98.25496604544017,60.761589134540856,14.761589134540854,yes
6.778567265676512,1.7785672656765117,1.0,1.7785672656765117,10.22143273432349,30.664298202970464,0.22,4.5,6.816145604653502,137.9893419133671,0.01,7.666074550742616,4.778567265676512,0,0,0,6.0,2.0,7.221432734323488,3.0,2.5571345313530234,no
47.65281399525868,3.1735930023706587,1.0,3.1735930023706587,88.86060406637844,437.7474596852878,0.06520779007111976,16.704286184353656,27.834759867800837,7149.104608838433,0.14867965011853296,397.16931472879656,34.34718600474132,4,5,0,15.305627990517365,14.909523026077245,57.083116028447904,31.77748803793054,5.347186004741317,no
11.0,2.0,1.0,2.0,18.17599012958768,65.1600446639239,0.14,7.0,9.309754966089718,456.1255923513549,0.02,25.336386181422753,7.175990129587682,0,1,0,8.0,4.0,11.175990129587682,7.0,3.0,no
123.39019071167348,11.501841298384665,6.375460324596166,9.438650811490415,315.7546032459617,1880.3063571028658,0.03312269837701917,31.546190980531875,60.01261886166563,59750.85736506933,0.6250184129838466,3319.4957561370047,93.82147632962524,21,6,0,22.189571460682746,40.18957146068275,200.62822227217316,115.1263809737885,22.00368259676933,no
28.51697747274749,3.6853778159065635,1.0,2.6573110920467182,53.34268890795328,243.72607658881535,0.07,13.571462218409344,17.958153093762512,3308.2396434987595,0.08,183.7918528363932,16.601177644327027,4,4,0,13.629244368186873,10.314622184093437,32.65731109204672,20.685377815906563,6.370755631813127,no
53.943445609422824,9.056554390577173,2.485861402355707,6.257069298822147,145.88431667762077,800.8011014941626,0.04,22.708200386633692,35.26830336828269,18191.452351680582,0.26514138597644293,1010.6356704949237,47.45758420706712,0,3,0,20.200514908244973,25.45758420706712,88.05655439057718,57.82776228704361,17.113108781154345,no
62.954960015194786,8.018015993922086,6.981984006077914,6.990992003038957,193.83785605470123,1120.0258502843112,0.05,19.24089855294962,58.24109556348747,21542.58698081801,0.3695496001519479,1196.8136661076858,49.009007996961046,2,9,0,17.981984006077916,36.900912033428526,114.91892802735062,78.91892802735062,15.036031987844172,yes
75.38828070978388,10.305859645108058,4.152929822554029,6.847070177445971,186.44687716086446,1032.6423190842595,0.031529298225540285,28.456422994841642,36.677372954794514,29299.275016222568,0.3445878946766209,1627.7341609499722,60.458789467662086,2,8,0,20.541210532337914,25.917578935324173,114.91757893532417,71.52929822554029,19.611719290216115,yes
45.57248851719161,4.0,1.0,4.0,101.73972441259855,512.3467589115468,0.08144977034383213,12.181975032522299,42.92832057348829,6158.771005719319,0.16862442585958032,342.15179483873646,33.43493110314964,2,4,0,12.427511482808393,20.152396654724456,62.724885171916064,39.01483924068249,7.0,no
3.4662850505750225,1.0,1.0,1.0,5.0,11.61,0.67,1.5,7.74,17.41,0.0,0.97,1.4662850505750222,0,0,0,2.4662850505750225,1.4662850505750222,2.4662850505750225,1.4662850505750222,1.0,no
8.790008889381037,1.465001481563506,1.0,1.465001481563506,15.534998518436494,55.69064468118702,0.3406999703687299,2.925100207418891,19.075596799822826,162.6895962071974,0.02,9.03489979258111,5.465001481563506,1,0,0,5.465001481563506,6.534998518436494,8.465001481563506,7.069997036872988,1.9300029631270121,no
133.87687157803182,24.16462711934277,12.685034550491173,8.493197522950533,404.0006838350778,2501.57642986576,0.036986395045901066,28.619876909686,92.53364885410187,69986.46074174062,0.8327415058721203,3888.136882855284,109.86326662393287,1,17,0,18.205441981639574,54.67142959639224,236.94558018360425,167.05510365147353,47.32925423868554,yes
18.17209869025723,4.0,3.0,2.5430246725643073,47.741851964614156,225.2570575689351,0.09913950654871385,9.863141943359322,23.202034724264962,2203.5781114832266,0.07456975327435693,122.42267286017926,14.086049345128615,0,1,0,13.0,13.284876637178463,27.913950654871385,19.82790130974277,7.0,no
4.2543628072925035,1.0,1.0,1.0,5.0,11.61,0.67,1.5,7.74,17.41,0.0,0.97,2.0,0,0,0,3.0,2.0,3.0,2.0,1.0,no
53.871865340323566,4.192201989514652,1.0,3.0640673298382173,127.3844039790293,681.2076382564858,0.07064067329838218,15.109970803154608,45.206021974817155,10289.936599102517,0.23,571.6615133208786,41.42339403145604,0,9,0,14.807798010485348,25.935932670161783,74.44847130886752,52.93593267016178,7.384403979029304,yes
63.94128161532484,5.470640807662421,1.0,4.941281615324842,150.11654303908915,797.9533247378749,0.06,16.419394941548024,48.564828852187574,13113.161839203156,0.2664679596168789,728.506278531714,50.94128161532484,1,8,0,13.529359192337578,26.234873538700633,86.6467959616879,63.469747077401266,9.941281615324842,yes
4.509746477380072,1.0,1.0,1.0,5.0,11.61,0.5833430988453877,1.754873238690036,6.7510918338826595,20.37162703357822,0.0,1.133118872761623,2.0,0,0,0,3.509746477380072,1.4902535226199278,3.509746477380072,1.4902535226199278,1.0,no
21.865758103760903,3.3780806320796986,1.756161264159397,3.0,48.73151620752181,227.09210688853807,0.09621919367920302,10.241971604531008,22.242171511395775,2320.586836683766,0.07621919367920302,128.9228120827826,16.865758103760903,0,2,0,13.0,12.243838735840603,29.487677471681206,19.243838735840605,5.756161264159397,no
4.0,1.0,1.0,1.0,4.0,8.0,0.67,1.5,5.33,12.0,0.0,0.67,2.0,0,0,0,3.0,1.0,3.0,1.0,1.0,no
91.30404829325835,13.28693655288389,2.42612689423222,8.573873105767781,234.74728692786505,1297.9569365094446,0.04643468276441945,20.43734768024196,64.75200636650519,26254.88921844615,0.4279121448797751,1458.6055894638648,73.93896069951306,2,11,0,14.782658617790275,31.643468276441943,146.38219933411975,88.36508759374529,25.57387310576778,yes
20.878831984411843,2.242336031176312,1.2423360311763119,2.121168015588156,59.94014373500135,271.4766033242941,0.11636495953235532,8.72414627398218,31.483939785662855,2351.4893924159555,0.08757663968823688,130.6380132853655,15.878831984411844,0,2,0,10.363504046764469,12.757663968823689,38.42481579735397,21.515327937647378,3.4846720623526237,no
4.0,1.0,1.0,1.0,4.0,8.0,0.67,1.5,5.33,12.0,0.0,0.67,2.0,0,0,0,3.0,1.0,3.0,1.0,1.0,no
70.20525974829928,7.378946610733173,2.0342099580498805,5.655263347316707,183.62105338926682,985.370416892925,0.05,20.03705223758125,49.27242178758882,19753.073315835416,0.33,1097.390815790763,52.44736652683294,5,9,0,15.03420995804988,26.378946610733173,113.24210677853365,70.37894661073318,13.757893221466347,no
104.73777340883944,10.113503601359914,6.647749399773348,8.40900240090661,281.5890504190388,1639.456393937106,0.04352250600226652,24.429060249150055,68.21464147316448,39638.471835661025,0.5463600960362645,2202.1404618419456,82.62426980747954,4,11,2,17.238746998866738,39.40900240090661,168.37378301246588,113.21526740657292,19.22700720271983,yes
63.551345936238704,6.362163515940324,1.0,5.275672968119353,148.77841493038875,786.8296274408696,0.06,16.22827018904358,48.50120646339853,12765.23878726833,0.2653514461158226,709.1762449390827,50.91350945217903,2,7,0,13.362163515940324,25.621635159403237,86.89730812752259,61.88110680286615,11.724327031880648,yes
48.39963643727214,4.690942142066168,1.0,4.0,112.0550742730587,591.9064620534771,0.07,14.022699179243757,42.34507001322616,8278.915217292244,0.19763768568264675,459.941148343619,37.9271735738015,1,4,0,15.690942142066168,23.145652852397014,70.90942142066169,41.14565285239701,8.381884284132337,no
33.90833678543496,3.0,1.0,3.0,53.34832021534714,250.68267448190474,0.07036665285826016,13.584452091973588,18.512907518597345,3399.8796301569196,0.08054997928739022,188.88216093617794,19.05499792873902,6,4,0,14.92666942834797,11.054997928739022,33.21999171495609,20.12832850039105,5.0,no
9.984466724449165,1.0,1.0,1.0,12.015533275550835,38.08924048349615,0.25,4.0,9.52227128768516,152.3569619339846,0.01,8.461028625641093,4.968933448898328,0,2,0,6.0,3.0,8.015533275550835,4.0,1.0,no
4.038615807750649,1.0,1.0,1.0,4.9067917528222615,13.588551203538401,0.6961384192249351,2.0114249760084304,4.472703780286455,43.97470928104488,0.5702529071895512,2.979441154763279,2.3022639176074207,0,1,0,2.7363518901432275,1.8681759450716138,3.1704398626790344,2.3022639176074207,1.0,yes
54.47538883509825,7.15846294503275,6.82184812304585,7.15846294503275,150.2381701623799,738.0126356263625,0.0783169258900655,13.179399817145743,56.15021884262215,9702.250957805709,0.2448523330105895,539.009959707311,42.6436962460917,3,5,0,9.6732296439738,20.49507776701965,93.10924061522925,57.12892954715065,13.3169258900655,yes
7.856682326281884,1.0,1.0,1.0,8.519396786596706,25.558190359790117,0.33,3.0,8.519396786596706,76.67457107937035,0.01,4.259698393298353,2.779095179895059,0,0,0,5.480603213403294,2.779095179895059,5.480603213403294,3.2984919664917656,1.0,no
35.426674730529356,3.0,1.0,3.0,77.95046985458407,359.1128433190925,0.06540951804962189,15.49613458323205,23.34493059162002,5551.421469585696,0.12,308.41054619519434,25.213337365264678,1,4,0,13.295240975189056,11.459048195037811,50.78666263473532,27.163807219848756,5.0,no
108.43050558725463,9.708483238236127,1.0,8.0,292.01353911078235,1629.866849011036,0.035694944127453755,25.526661623861173,64.72872465409273,41524.77794323252,0.5413898882549075,2306.930533550166,86.7220223490185,0,18,0,14.569494412745376,33.69494412745376,175.8745502852916,116.13898882549076,18.416966476472254,no
4.0,1.0,1.0,1.0,5.0,11.61,0.67,1.5,7.74,17.41,0.0,0.97,2.0,0,0,0,3.0,2.0,3.0,2.0,1.0,no
223.22994146489188,18.473737303733046,4.109018764019068,18.473737303733046,584.4410518059553,3757.296406949506,0.022180375280381366,51.512965225456554,72.49476763616516,199937.83999571708,1.2560555517053176,11107.654797140649,150.75223618220758,38,30,0,26.69177483177118,58.05649337148515,360.286434836377,224.15461696957834,35.94747460746609,no
96.58415779862888,7.689468890784443,1.6210622184311125,7.689468890784443,289.3289833191167,1603.764548798155,0.04844734445392222,22.521431262629136,71.3843247290936,36189.97183368047,0.5362106221843111,2010.5518650476731,79.67101668088333,2,11,0,13.465796663823333,33.15526555460778,178.32898331911667,111.0,14.378937781568887,no
4.0,1.0,1.0,1.0,4.0,8.0,0.67,1.5,5.33,12.0,0.0,0.67,2.0,0,0,0,3.0,1.0,3.0,1.0,1.0,no
6.802963237373738,1.8029632373737379,1.0,1.8029632373737379,10.197036762626261,30.591110287878784,0.22,4.5,6.800044263333333,137.65999629545453,0.01,7.647777571969696,4.802963237373738,0,0,0,6.0,2.0,7.197036762626262,3.0,2.6059264747474757,no
11.0,2.0,1.0,2.0,17.75316062949155,64.46855754916791,0.17376580314745774,5.84936787410169,11.063792755389859,376.2368436317664,0.02,20.897465291003407,8.0,0,1,0,8.0,4.376580314745775,11.376580314745775,6.376580314745775,3.0,no
50.92230192599811,4.076881185189087,1.0,3.0,75.53844059259454,348.3815349007411,0.08461559407405456,11.68381955259507,29.904683668141786,4070.3122359830886,0.12,226.12871382523335,24.076881185189087,0,4,0,11.538440592594544,19.384405925945437,72.30670785194356,52.22982666675446,7.153762370378175,no
4.0262185672963735,1.0,1.0,1.0,7.0,19.65,0.4,2.5,7.86,49.13,0.01,2.73,2.0,0,0,0,5.0,2.0,5.0,2.0,1.0,no
4.0,1.0,1.0,1.0,6.636774297338473,11.184438682691997,0.67,1.5,7.46174836945246,16.77984189552469,0.0,0.9290806425665382,2.8183871486692365,0,0,0,2.1816128513307635,3.6367742973384725,2.1816128513307635,6.910322892015417,1.0,no
23.212797829501522,3.0607993798575777,1.0,3.030399689928789,51.212797829501525,240.90893187311494,0.10091199069786368,9.935552657350968,24.31777245278534,2391.095678466946,0.0803039968992879,132.83982746969687,18.151998449643944,0,3,0,12.969600310071211,13.091199069786366,31.182398139572733,20.03039968992879,5.121598759715155,no
7.858313836429042,1.0,1.0,1.0,9.858313836429042,29.32982444630937,0.2957494150928713,3.389508188699802,8.679789270329636,99.25614764125247,0.01,5.517494150928712,4.0,0,1,0,5.0,2.8583138364290424,6.0,3.8583138364290424,1.0,no
10.0,2.0,1.0,2.0,18.86900234086331,68.70772875370038,0.14651751755647485,6.782749414784172,10.249767773923026,462.759364764077,0.02217250585215828,25.704819156160795,8.0,0,0,0,8.0,4.434501170431656,11.434501170431655,7.434501170431656,3.0,no
2.9197605316336137,1.0,1.0,1.0,5.0,11.61,0.67,1.5,7.74,17.41,0.0,0.97,0.9197605316336139,0,0,0,3.0,2.0,3.0,2.0,1.0,no
129.17063061153328,16.390210203844433,4.739021020384444,13.651189183459989,324.39021020384445,1960.7438206822396,0.04,26.54410342453107,73.9666352508565,52019.45859871511,0.6547804204076889,2889.9732798819055,104.69258857076441,6,15,0,20.0,46.0,202.30237836691998,122.08783183692445,31.780420407688865,yes
62.32562649737508,5.0,1.8106247860892735,3.2702082620297577,71.40645954549412,328.33759072664395,0.07729791737970243,12.564527005612435,26.265354729964912,4109.438062518274,0.11189375213910727,228.30319618216498,23.378750427821455,0,4,0,13.08083304811903,23.729791737970242,87.24479344925605,66.51500171128582,7.919166951880969,no
4.02324085096894,1.0,1.0,1.0,5.0,11.61,0.67,1.5,7.74,17.41,0.0,0.97,2.0,0,0,0,3.0,2.0,3.0,2.0,1.0,no
4.0,1.0,1.0,1.0,5.167388893063299,11.566478887803541,0.67,1.5,7.711543888179239,17.34555527617063,0.0,0.9658152776734175,2.0836944465316494,0,0,0,2.9163055534683506,2.1673888930632987,2.9163055534683506,2.5021666791898953,1.0,no
13.944787976090993,1.9723939880454964,1.0,1.9723939880454964,22.027606011954504,87.98812941485956,0.16972393988045498,5.802698765499072,15.176872785654597,510.1937214763034,0.03,28.348524745343546,7.944787976090993,0,1,0,9.027606011954504,6.917181964136489,13.138030059772518,8.889575952181985,2.9447879760909927,no
2.8534020186960656,1.0,1.0,1.0,4.0,8.0,0.67,1.5,5.33,12.0,0.0,0.67,0.8534020186960656,0,0,0,3.0,1.0,3.0,1.0,1.0,no
60.77862396579803,7.704831954397381,6.5572479315960726,6.704831954397381,114.99238430781767,616.4333815446258,0.050737920114006546,18.714782051384354,33.06530191995119,11510.76501860546,0.20368960057003274,639.4835711491858,38.44275206840393,1,4,0,22.409663908794762,27.0,105.08140770358298,58.073792011400656,12.557247931596072,yes
94.68777224541516,8.308297033944644,6.537554449083033,7.537554449083033,235.13449491377136,1317.6648213811222,0.05,19.877467330550182,66.56521727699905,26103.183432938735,0.4399606927935981,1450.1771999377452,69.99606927935982,1,19,0,14.462445550916968,34.075108898166064,140.98820783807943,94.14628707569194,15.61659406788929,no
4.0,1.0,1.0,1.0,5.0,11.61,0.67,1.5,7.74,17.41,0.0,0.97,2.0,0,0,0,3.0,2.0,3.0,2.0,1.0,no
5.2498911814867,1.0,1.0,1.0,4.0,7.585036127746416,0.8349856359562444,1.312516322776995,6.1099320972477,10.187657786844284,0.0,0.5675089231180905,2.0,0,0,0,3.0,1.24997823629734,6.7496735444601015,3.4997823629734004,1.0,no
32.355888084664855,5.141184112886476,1.0,2.785296028221619,72.42355233865942,336.32454765279084,0.10785296028221619,8.95617436895622,37.76860764673165,3001.5974295674614,0.11570592056443238,166.75263497597007,22.926480141108094,0,7,0,9.429407943556763,15.570592056443237,42.71177616932971,29.711776169329713,9.282368225772952,no
4.7558483586562,1.6220758206719001,1.0,1.0,13.7558483586562,46.806711511534566,0.41133772537984303,2.435752889514223,19.263604484335694,113.88122884861991,0.013779241793281,6.329364077658901,2.7558483586561997,0,0,0,4.6220758206719,6.0,7.3779241793281,6.3779241793281,2.2441516413438003,no
4.0,1.0,1.0,1.0,5.0,11.61,0.67,1.5,7.74,17.41,0.0,0.97,2.0,0,0,0,3.0,2.0,3.0,2.0,1.0,no
46.698970953031626,3.867352697978917,1.0,3.4336763489894584,98.31131951665212,502.9410381049339,0.06433676348989459,16.076263732633116,32.70577959508091,7864.804580842105,0.1703573444292621,436.93225563461357,35.301029046968374,3,5,0,16.0,18.2041161878735,63.23985063079971,35.07146888585242,6.734705395957834,no
4.0,1.0,1.0,1.0,5.0,11.61,0.67,1.5,7.74,17.41,0.0,0.97,2.0,0,0,0,3.0,2.0,3.0,2.0,1.0,no
56.09106386899056,4.4832698809463745,1.9888465872975831,3.494423293648792,116.83269880946375,600.3457964569566,0.07988846587297584,12.60754758929022,51.578646849543446,7247.968661567183,0.20213751408717145,402.6608932175882,34.70817470236594,1,5,0,13.741634940473187,25.910772698380665,90.69885785703474,56.54087351182968,5.0,yes
4.0,1.0,1.0,1.0,4.0,8.0,0.67,1.5,5.33,12.0,0.0,0.67,2.0,0,0,0,3.0,1.0,3.0,1.0,1.0,no
3.8026168726985476,1.0,1.0,1.0,5.0,11.61,0.67,1.5,7.74,17.41,0.0,0.97,1.8026168726985476,0,0,0,3.0,2.0,3.0,2.0,1.0,no
85.63265095312964,7.592910626645225,4.061940417763484,4.530970208881742,147.92910626645227,799.5441998918486,0.10061940417763485,10.275317030016081,82.49884133094235,7905.735420301132,0.2695130635773132,439.2043547141258,42.482276566613066,0,7,0,15.296455313322612,42.49552334210787,146.67239127961406,95.41138283306532,5.0,yes
46.50124748796334,4.498752512036658,1.0,3.0,93.99168341357772,478.81611440983704,0.06499584170678886,16.23134728700041,30.24386235922036,7655.999109366362,0.15998336682715544,425.3327264500009,34.49958417067889,3,5,0,16.0,17.99584170678886,58.4970891947522,35.49459421882552,7.997505024073316,no
4.0,1.0,1.0,1.0,5.0,11.61,0.67,1.5,7.74,17.41,0.0,0.97,2.0,0,0,0,3.0,2.0,3.0,2.0,1.0,no
49.186707098894296,4.023338387361787,1.0,4.023338387361787,126.15169951785161,619.3750726415806,0.06,16.665098938654026,37.17911713315646,10319.421737863328,0.2103500758104268,573.300613206206,39.15169951785162,2,5,0,12.011669193680893,18.046676774723576,76.09335354944714,50.05834596840447,7.046676774723574,yes
51.95272487650953,3.7109089197506804,1.0,3.7109089197506804,105.19182066361513,537.4487412563694,0.0743363662037398,13.965326891044016,39.73607542472928,7413.876491693689,0.1786727324074796,411.8853606496494,37.253634737631465,2,3,0,14.421817839501362,20.01181878087262,66.60181972224387,38.59000094137126,6.421817839501361,no
9.148328125063633,1.0,1.0,1.0,12.851671874936367,40.73979984354828,0.25,4.0,10.18282078119973,162.95919937419313,0.01,9.054687031204821,3.296656250127266,1,2,0,6.0,3.0,8.851671874936367,4.0,1.0,no
3.0542655907138814,1.0,1.0,1.0,6.0,15.51,0.4,2.5,6.2,38.77,0.01,2.15,1.369510393809254,0,0,0,5.0,1.0,5.0,1.0,1.0,no
25.140373070522493,2.714423718304306,1.0,2.0,52.56825447900096,249.72844492250002,0.14999033971869857,6.998953699702928,39.218241138271395,1665.6100255281851,0.0842788140847847,92.53166754821687,17.85576281695694,0,2,0,10.428847436608612,15.998067943739715,32.14133909865264,20.426915380348326,4.428847436608612,no
33.66135357802785,2.1886368009553108,1.0,2.0,65.22726398089378,327.10527874420256,0.18490905592357515,5.676456067324482,61.90816187643783,1780.8750330786122,0.11056815995223446,98.93711420925146,22.54772158758096,0,1,0,9.188636800955312,22.981811184715028,38.490905592357514,26.73635838853627,3.3772736019106215,no
4.0,1.0,1.0,1.0,4.0,8.0,0.67,1.5,5.33,12.0,0.0,0.67,2.0,0,0,0,3.0,1.0,3.0,1.0,1.0,no
11.3002483395339,2.0,1.0,2.0,24.898261623262698,94.79838175142156,0.140992549813983,7.099355125533477,13.61250499600592,664.7439812917419,0.03,36.929056309771184,8.3995033209322,0,0,0,8.3002483395339,5.6997516604661,15.1985099627966,9.6997516604661,3.0,no
19.632842589765698,2.0,1.0,2.0,32.6328425897657,136.18542924829092,0.167377447069755,6.118014881861026,22.429616900909252,830.1361390424771,0.049475489413951,46.119142528373274,15.632842589765698,0,1,0,9.1049021172098,8.9475489413951,20.632842589765698,12.0,3.0,no
