COMPACTNESS,CIRCULARITY,DISTANCE_CIRCULARITY,RADIUS_RATIO,PR.AXIS_ASPECT_RATIO,MAX.LENGTH_ASPECT_RATIO,SCATTER_RATIO,ELONGATEDNESS,PR.AXIS_RECTANGULARITY,MAX.LENGTH_RECTANGULARITY,SCALED_VARIANCE_MAJOR,SCALED_VARIANCE_MINOR,SCALED_RADIUS_OF_GYRATION,SKEWNESS_ABOUT_MAJOR,SKEWNESS_ABOUT_MINOR,KURTOSIS_ABOUT_MAJOR,KURTOSIS_ABOUT_MINOR,HOLLOWS_RATIO,target
85,42,66,122.0,54,6,148.0,46,19,141,172.0,317.0,174.0,88,6,14,180,182,bus
116,53,110,231.0,67,12,217.0,31,24,165,231.0,692.0,222.0,67,16,28,192,206,saab
102,51,104,217.0,67,10,204.0,32,23,162,220.0,621.0,195.0,68,3,19,188,197,saab
90,48,85,157.0,64,11,161.0,43,20,167,175.0,375.0,186.0,74,3,16,185,195,van
91,46,101,199.0,65,9,196.0,34,23,146,219.0,574.0,199.0,73,5,8,186,194,opel
106,54,101,222.0,67,12,222.0,30,25,173,228.0,721.0,200.0,70,3,4,187,201,saab
92,38,71,174.0,66,7,154.0,43,19,133,181.0,355.0,130.0,70,4,24,189,195,saab
100,51,89,199.0,65,6,201.0,32,23,159,219.0,622.0,205.0,74,6,7,193,193,bus
96,45,87,169.0,67,10,154.0,44,19,149,167.0,351.0,174.0,67,9,8,192,201,van
86,47,75,165.0,68,6,154.0,43,19,146,176.0,356.0,190.0,74,7,3,188,194,bus
84,43,70,123.0,54,8,151.0,45,19,146,173.0,332.0,176.0,81,1,12,181,184,bus
103,51,105,174.0,56,11,210.0,32,24,163,222.0,650.0,222.0,73,8,9,187,196,saab
105,51,105,197.0,60,11,191.0,35,22,162,207.0,545.0,194.0,64,18,4,196,205,saab
96,46,88,174.0,68,10,155.0,43,19,148,173.0,354.0,182.0,69,14,15,194,202,van
82,41,70,155.0,64,7,148.0,45,19,138,172.0,328.0,152.0,72,5,17,187,195,bus
101,42,62,175.0,67,6,149.0,43,19,139,169.0,341.0,165.0,65,7,11,202,209,bus
107,57,106,179.0,51,8,257.0,26,28,172,275.0,954.0,232.0,83,2,20,181,184,bus
109,53,103,210.0,63,11,219.0,30,25,172,229.0,707.0,212.0,71,6,3,188,199,saab
85,44,66,125.0,58,6,148.0,45,19,145,170.0,323.0,185.0,84,8,1,180,183,bus
87,40,81,162.0,68,10,146.0,46,19,139,167.0,317.0,157.0,70,0,13,189,199,van
105,51,93,160.0,51,7,217.0,30,24,165,240.0,703.0,208.0,81,9,25,188,188,bus
93,42,88,188.0,62,10,183.0,36,21,141,208.0,504.0,168.0,70,3,12,189,197,opel
91,39,77,153.0,59,8,139.0,48,18,139,159.0,289.0,123.0,62,8,17,201,209,van
84,37,70,150.0,61,7,137.0,49,18,140,156.0,278.0,121.0,64,0,23,196,205,van
110,51,104,191.0,57,12,213.0,31,24,162,226.0,674.0,190.0,68,18,2,191,199,saab
89,42,89,147.0,61,11,151.0,44,19,145,170.0,338.0,163.0,72,11,23,187,199,van
101,56,100,168.0,55,11,214.0,31,24,175,219.0,681.0,224.0,74,2,3,185,192,opel
98,49,84,219.0,74,7,190.0,34,22,154,208.0,558.0,209.0,74,4,7,195,195,bus
102,54,98,167.0,53,10,217.0,31,24,174,228.0,692.0,223.0,72,0,31,187,198,opel
111,58,105,183.0,51,6,265.0,26,29,174,285.0,1018.0,255.0,85,4,8,181,183,bus
106,52,107,211.0,62,8,200.0,33,23,161,218.0,602.0,200.0,67,9,17,194,201,opel
106,53,98,154.0,47,4,237.0,28,26,164,263.0,838.0,222.0,82,4,17,185,184,bus
110,58,106,180.0,51,6,261.0,26,28,171,278.0,998.0,257.0,83,9,13,181,182,bus
91,36,77,157.0,56,7,155.0,42,19,126,177.0,361.0,123.0,65,8,15,195,201,saab
85,33,40,115.0,57,3,112.0,61,17,119,130.0,184.0,127.0,86,12,21,181,183,saab
78,38,63,115.0,51,6,142.0,47,19,130,162.0,299.0,146.0,77,2,4,181,185,saab
89,40,58,137.0,58,7,122.0,54,17,140,146.0,225.0,150.0,63,7,4,199,206,van
90,37,80,171.0,58,9,157.0,42,20,132,172.0,373.0,115.0,60,3,18,201,209,saab
84,40,71,131.0,55,7,150.0,45,19,134,167.0,330.0,165.0,80,12,1,180,186,opel
100,54,102,206.0,65,10,198.0,33,23,164,224.0,587.0,240.0,72,4,11,187,196,saab
88,36,78,160.0,62,6,140.0,48,18,123,161.0,287.0,129.0,66,4,35,194,202,opel
92,46,83,154.0,56,6,160.0,41,20,148,185.0,382.0,184.0,71,10,5,186,191,saab
87,47,81,149.0,62,9,147.0,45,19,152,171.0,325.0,181.0,72,0,6,188,198,van
88,38,58,137.0,60,5,148.0,46,19,131,163.0,319.0,157.0,86,12,0,180,183,saab
93,45,86,201.0,69,7,184.0,35,22,145,203.0,523.0,183.0,72,0,4,194,197,bus
88,39,88,194.0,69,8,168.0,40,20,133,199.0,416.0,151.0,74,3,22,186,192,opel
89,47,80,131.0,54,11,160.0,43,20,163,175.0,369.0,174.0,77,1,7,182,193,van
81,46,71,141.0,61,7,153.0,44,19,148,177.0,347.0,190.0,80,1,14,182,187,bus
101,53,91,194.0,65,6,204.0,32,23,161,231.0,636.0,214.0,78,5,14,192,192,bus
84,37,53,121.0,59,5,123.0,55,17,125,141.0,221.0,133.0,82,7,1,179,183,van
90,39,85,160.0,59,7,163.0,41,20,131,189.0,396.0,158.0,71,7,13,186,192,saab
89,47,85,147.0,58,10,153.0,44,19,151,175.0,349.0,186.0,74,13,7,186,197,van
87,39,70,148.0,61,7,143.0,46,18,136,164.0,307.0,141.0,69,1,2,192,199,bus
94,49,79,203.0,71,5,174.0,37,21,154,196.0,465.0,206.0,71,6,2,197,199,bus
115,52,100,203.0,62,10,217.0,31,24,165,229.0,697.0,214.0,72,14,4,188,197,saab
94,38,88,179.0,60,7,170.0,39,21,131,188.0,435.0,144.0,66,2,28,195,204,saab
104,53,108,206.0,61,11,217.0,31,24,168,226.0,694.0,209.0,67,0,9,188,201,saab
98,46,77,199.0,71,7,166.0,39,20,150,184.0,422.0,180.0,69,13,9,200,203,bus
104,52,101,206.0,62,10,198.0,33,23,161,207.0,587.0,204.0,64,2,5,195,204,opel
98,55,108,168.0,53,11,224.0,30,25,178,231.0,737.0,217.0,73,8,30,187,198,opel
89,41,75,143.0,56,7,146.0,46,19,137,170.0,317.0,156.0,76,18,5,184,188,opel
106,53,98,203.0,63,11,220.0,30,25,167,228.0,710.0,214.0,71,10,24,188,197,opel
89,44,82,136.0,54,6,149.0,45,19,144,170.0,332.0,168.0,68,10,14,188,193,opel
87,42,64,150.0,64,10,133.0,50,18,142,157.0,264.0,159.0,67,7,1,193,201,van
86,43,61,119.0,53,8,150.0,46,19,144,169.0,326.0,172.0,85,8,8,179,182,bus
91,38,76,172.0,61,8,167.0,40,20,134,196.0,415.0,145.0,71,0,28,189,198,opel
100,55,101,189.0,57,10,222.0,30,25,177,225.0,731.0,211.0,71,7,17,188,197,opel
100,46,90,172.0,67,9,157.0,43,20,150,170.0,363.0,184.0,67,17,7,192,200,van
88,35,60,143.0,59,7,128.0,52,18,129,147.0,246.0,109.0,62,1,6,202,209,van
88,42,64,151.0,62,8,130.0,51,18,142,150.0,253.0,161.0,63,3,2,203,210,van
97,46,94,209.0,67,10,195.0,34,22,147,224.0,573.0,194.0,70,0,14,188,197,opel
89,44,70,158.0,64,6,141.0,47,18,143,164.0,299.0,173.0,66,9,11,193,199,bus
89,36,77,172.0,62,8,157.0,42,19,125,174.0,367.0,126.0,63,5,22,198,205,opel
89,44,80,191.0,66,6,162.0,40,20,143,189.0,396.0,180.0,66,13,11,194,199,opel
101,51,105,212.0,68,10,209.0,32,24,162,222.0,653.0,224.0,73,5,23,186,195,opel
86,39,58,125.0,55,5,117.0,57,17,134,140.0,204.0,148.0,69,7,6,190,194,van
99,41,77,197.0,69,6,177.0,36,21,139,202.0,485.0,151.0,72,4,10,198,199,bus
92,46,82,170.0,58,8,165.0,40,20,149,181.0,409.0,164.0,61,8,11,200,208,opel
98,48,101,203.0,65,9,197.0,33,23,152,216.0,584.0,174.0,68,2,5,189,197,saab
93,47,85,161.0,65,12,155.0,43,19,157,179.0,354.0,178.0,76,2,9,184,196,van
98,58,101,208.0,65,12,226.0,30,25,182,225.0,748.0,216.0,71,6,1,185,196,opel
86,43,70,126.0,56,6,148.0,46,19,145,166.0,317.0,171.0,86,6,9,179,182,bus
98,44,88,176.0,67,10,158.0,43,20,149,173.0,367.0,154.0,66,14,9,194,202,van
85,45,82,133.0,56,11,159.0,43,20,156,170.0,362.0,173.0,76,10,21,183,193,van
94,46,77,169.0,60,8,158.0,42,20,148,181.0,373.0,181.0,67,12,2,193,199,saab
85,43,66,130.0,57,6,151.0,45,19,143,173.0,333.0,168.0,86,4,9,180,183,bus
81,46,71,130.0,56,7,153.0,44,19,149,172.0,342.0,191.0,81,3,14,180,186,bus
103,53,106,172.0,55,10,212.0,32,24,168,220.0,660.0,223.0,73,16,24,187,197,saab
88,48,90,178.0,60,8,175.0,38,21,152,200.0,460.0,198.0,68,13,16,192,199,saab
82,36,51,114.0,53,4,135.0,50,18,126,150.0,268.0,144.0,86,15,4,181,182,saab
86,36,66,128.0,57,8,131.0,52,18,127,148.0,252.0,139.0,76,5,27,183,187,opel
84,45,66,154.0,65,6,145.0,46,19,144,168.0,312.0,177.0,73,2,3,184,188,bus
90,43,81,231.0,97,46,150.0,45,19,149,200.0,332.0,164.0,91,5,9,186,196,van
101,55,107,200.0,61,11,225.0,30,25,178,228.0,730.0,204.0,74,8,35,187,201,opel
94,39,89,194.0,62,9,172.0,38,21,135,191.0,444.0,121.0,63,4,23,201,209,opel
82,45,68,150.0,69,5,148.0,45,19,144,169.0,322.0,184.0,80,5,0,181,184,bus
91,43,70,133.0,55,8,130.0,51,18,146,159.0,253.0,156.0,70,1,8,190,194,van
87,42,70,139.0,59,7,149.0,45,19,142,177.0,327.0,156.0,78,6,9,185,188,bus
89,38,74,138.0,59,7,136.0,49,18,133,167.0,278.0,128.0,72,7,7,189,193,van
89,40,77,159.0,65,9,144.0,46,19,141,168.0,314.0,143.0,70,0,5,190,200,van
104,52,94,208.0,66,5,208.0,31,24,161,227.0,666.0,218.0,76,11,4,193,191,bus
96,47,77,204.0,72,6,167.0,38,20,150,188.0,429.0,182.0,69,6,16,199,203,bus
80,34,42,110.0,57,3,114.0,59,17,119,131.0,191.0,121.0,87,4,7,179,183,opel
83,44,70,166.0,69,5,143.0,46,18,143,166.0,306.0,170.0,69,7,6,188,193,bus
90,38,75,164.0,64,7,151.0,43,19,131,168.0,345.0,139.0,66,0,0,195,204,bus
78,36,60,116.0,56,6,123.0,55,17,124,141.0,221.0,121.0,78,3,16,178,185,opel
95,53,95,202.0,65,10,193.0,34,22,160,220.0,559.0,237.0,71,3,2,188,196,saab
105,53,105,184.0,57,11,211.0,31,24,168,224.0,661.0,218.0,71,0,15,186,197,saab
81,45,68,137.0,60,7,152.0,45,19,151,167.0,333.0,179.0,81,3,13,179,183,bus
103,48,96,232.0,71,10,205.0,32,23,153,226.0,633.0,197.0,71,2,15,188,196,opel
95,42,96,197.0,65,9,178.0,37,21,141,199.0,474.0,149.0,67,1,29,193,200,opel
84,38,83,141.0,54,7,149.0,45,19,132,177.0,327.0,149.0,74,6,29,185,191,saab
101,55,105,182.0,59,10,215.0,31,24,177,221.0,678.0,223.0,74,12,26,186,195,opel
86,37,77,144.0,54,7,154.0,43,19,127,179.0,352.0,145.0,71,14,13,186,191,opel
85,37,80,158.0,59,8,153.0,44,19,126,179.0,348.0,136.0,69,6,21,191,197,opel
106,54,103,161.0,47,4,247.0,27,27,166,266.0,892.0,242.0,85,4,11,181,183,bus
83,46,73,137.0,59,6,148.0,45,19,146,167.0,327.0,183.0,75,8,0,185,191,bus
91,52,98,196.0,62,9,193.0,34,22,161,216.0,562.0,244.0,69,3,1,190,199,opel
84,44,65,128.0,55,8,150.0,46,19,148,169.0,325.0,176.0,82,1,11,179,183,bus
90,46,73,137.0,58,11,161.0,43,20,158,170.0,373.0,186.0,76,0,9,182,193,van
89,45,81,246.0,102,43,155.0,44,20,160,200.0,347.0,177.0,90,9,17,183,192,van
90,47,85,149.0,60,10,155.0,43,19,155,179.0,355.0,186.0,75,1,5,185,196,van
107,53,103,221.0,66,11,209.0,32,24,163,222.0,653.0,212.0,66,0,1,191,201,opel
106,48,107,202.0,61,10,207.0,32,24,153,227.0,635.0,200.0,70,5,28,190,203,saab
86,42,64,122.0,54,6,148.0,46,19,143,170.0,319.0,171.0,87,1,3,179,182,bus
99,50,88,204.0,64,10,185.0,35,22,159,209.0,517.0,193.0,66,12,11,194,201,opel
103,55,103,211.0,65,11,212.0,31,24,165,229.0,673.0,249.0,72,5,16,188,196,opel
92,43,70,124.0,52,6,139.0,49,18,144,164.0,282.0,172.0,79,4,16,183,185,van
92,35,58,136.0,58,6,122.0,55,17,132,142.0,222.0,116.0,64,6,17,197,203,van
86,45,71,155.0,66,7,146.0,45,19,144,167.0,322.0,176.0,72,5,6,189,196,bus
93,43,76,149.0,57,7,149.0,44,19,143,172.0,335.0,176.0,69,14,0,189,194,saab
95,46,104,208.0,66,9,191.0,35,22,148,210.0,543.0,169.0,68,0,28,190,200,saab
86,38,58,119.0,56,4,118.0,57,17,129,140.0,208.0,152.0,78,9,2,184,186,van
92,46,79,176.0,64,8,162.0,41,20,149,183.0,396.0,178.0,67,2,10,191,198,opel
85,35,47,110.0,55,3,117.0,57,17,122,136.0,203.0,139.0,89,5,9,180,184,van
97,59,108,227.0,70,11,224.0,30,25,186,225.0,732.0,218.0,70,10,25,186,198,opel
98,39,68,121.0,49,7,134.0,51,18,142,164.0,261.0,134.0,75,4,1,186,186,van
107,54,98,203.0,65,11,218.0,31,25,167,229.0,696.0,216.0,72,1,28,187,199,saab
88,36,53,113.0,57,3,118.0,57,17,128,137.0,204.0,136.0,88,7,14,180,183,van
107,54,108,228.0,68,12,218.0,31,25,170,223.0,700.0,224.0,67,13,25,190,204,saab
103,54,91,179.0,57,11,220.0,31,25,170,220.0,707.0,198.0,72,1,32,186,198,opel
85,38,75,132.0,54,7,147.0,46,19,131,171.0,318.0,145.0,75,7,25,183,188,saab
90,42,63,144.0,59,7,131.0,50,18,142,154.0,259.0,162.0,65,15,3,197,204,van
93,39,63,146.0,58,7,128.0,52,18,134,149.0,246.0,158.0,63,9,7,198,204,saab
94,49,87,159.0,64,10,157.0,43,20,158,179.0,363.0,203.0,75,4,0,183,194,van
100,46,81,187.0,61,9,166.0,40,20,154,189.0,415.0,175.0,63,13,9,198,207,saab
84,44,77,150.0,59,5,152.0,44,19,143,175.0,344.0,177.0,77,8,2,183,187,saab
90,34,66,136.0,55,6,123.0,54,17,118,148.0,224.0,118.0,65,5,26,196,202,saab
100,51,109,231.0,70,11,220.0,30,25,163,238.0,722.0,206.0,73,11,19,189,198,opel
89,37,54,119.0,53,5,134.0,50,18,127,151.0,266.0,146.0,79,16,14,184,185,saab
97,55,103,197.0,63,11,215.0,31,24,172,219.0,677.0,219.0,75,5,24,185,194,opel
104,55,109,230.0,67,12,218.0,30,24,174,230.0,706.0,226.0,67,8,22,191,202,opel
98,38,66,130.0,55,7,130.0,51,18,138,160.0,251.0,123.0,69,3,12,191,194,van
101,55,108,228.0,69,12,215.0,31,24,168,229.0,684.0,214.0,71,2,16,188,199,saab
93,37,70,126.0,52,9,127.0,53,18,137,156.0,238.0,119.0,71,2,13,191,190,van
100,50,81,197.0,67,6,186.0,34,22,158,206.0,531.0,198.0,74,6,1,197,198,bus
94,45,85,160.0,63,10,158.0,43,20,157,174.0,367.0,162.0,68,1,6,189,199,van
99,54,100,199.0,62,9,200.0,33,23,166,222.0,600.0,241.0,70,2,7,189,198,opel
86,38,86,175.0,60,9,170.0,39,21,134,191.0,433.0,138.0,68,1,28,191,199,saab
106,54,100,227.0,67,4,250.0,27,27,162,280.0,923.0,262.0,88,5,11,182,182,bus
89,40,69,147.0,58,6,132.0,50,18,137,155.0,260.0,151.0,61,16,6,203,209,opel
92,38,60,130.0,62,5,114.0,58,17,132,135.0,194.0,137.0,72,14,5,190,194,van
93,48,84,150.0,63,11,156.0,44,20,165,171.0,354.0,188.0,73,8,15,185,195,van
88,40,55,114.0,53,7,132.0,53,18,139,142.0,249.0,158.0,87,0,7,176,183,van
91,37,76,138.0,55,8,132.0,51,18,135,157.0,256.0,124.0,69,0,12,191,192,van
94,46,79,181.0,62,8,167.0,40,20,148,190.0,418.0,193.0,67,12,15,191,198,opel
85,39,77,151.0,59,8,150.0,45,19,134,176.0,331.0,133.0,73,0,16,184,193,opel
81,38,53,123.0,58,6,134.0,51,18,128,147.0,259.0,148.0,83,10,6,177,184,opel
80,44,68,120.0,53,8,151.0,45,19,146,170.0,333.0,190.0,80,4,16,180,185,bus
98,38,72,192.0,69,5,166.0,38,20,131,189.0,427.0,138.0,70,1,3,200,202,bus
89,36,68,141.0,59,8,139.0,47,18,130,166.0,291.0,127.0,73,7,1,189,196,van
98,39,81,191.0,64,9,166.0,40,20,138,184.0,415.0,131.0,62,8,19,197,205,saab
99,51,92,203.0,65,5,209.0,31,24,159,232.0,671.0,214.0,78,5,11,191,189,bus
99,46,105,209.0,64,11,197.0,34,23,152,212.0,575.0,159.0,65,0,33,194,205,opel
97,53,105,225.0,71,12,221.0,30,25,167,226.0,713.0,202.0,70,3,20,186,200,saab
88,44,85,139.0,56,11,157.0,43,20,155,176.0,363.0,175.0,76,5,16,184,195,van
108,56,102,246.0,75,6,239.0,28,26,167,264.0,855.0,228.0,82,9,13,186,185,bus
93,42,64,158.0,68,9,134.0,49,18,142,163.0,268.0,170.0,71,7,13,192,201,van
103,49,100,194.0,60,10,185.0,35,22,160,202.0,518.0,178.0,62,13,8,198,208,saab
93,40,73,139.0,58,6,136.0,49,18,138,166.0,275.0,137.0,73,0,0,187,188,van
89,43,77,147.0,54,8,144.0,46,19,146,163.0,308.0,174.0,64,13,5,194,201,saab
98,55,101,219.0,69,11,225.0,30,25,178,231.0,748.0,216.0,74,6,14,187,195,opel
88,39,70,166.0,66,7,148.0,44,19,134,167.0,332.0,143.0,69,5,13,193,201,bus
85,42,70,130.0,56,7,150.0,45,19,145,177.0,328.0,172.0,82,10,14,181,185,bus
98,47,109,202.0,59,11,199.0,34,23,154,207.0,586.0,165.0,61,1,33,194,208,saab
103,41,83,194.0,63,9,175.0,38,21,142,199.0,455.0,138.0,65,7,30,197,206,opel
86,42,65,113.0,50,8,152.0,45,19,141,169.0,332.0,171.0,85,4,16,179,183,bus
104,53,101,199.0,65,11,213.0,31,24,168,216.0,667.0,221.0,72,12,12,187,198,saab
89,36,72,141.0,56,7,138.0,48,18,126,163.0,286.0,130.0,72,1,1,187,192,opel
90,39,57,114.0,48,7,135.0,51,18,139,155.0,261.0,151.0,85,12,8,183,182,van
89,42,66,125.0,53,7,131.0,51,18,144,162.0,254.0,162.0,73,10,17,188,191,van
107,57,102,184.0,55,7,234.0,28,26,171,243.0,822.0,229.0,77,7,11,187,187,bus
110,56,109,199.0,57,5,251.0,27,27,169,272.0,928.0,268.0,82,11,10,183,183,bus
90,46,80,143.0,62,11,159.0,43,20,156,169.0,366.0,186.0,74,17,7,185,193,van
91,39,83,170.0,60,8,172.0,38,21,134,197.0,445.0,152.0,72,0,10,188,194,saab
89,42,75,140.0,55,6,145.0,46,19,139,170.0,312.0,166.0,71,15,26,191,198,opel
93,39,86,180.0,59,9,167.0,39,20,134,186.0,418.0,129.0,63,6,17,197,204,saab
90,36,74,171.0,60,8,157.0,42,19,128,177.0,367.0,123.0,61,6,21,197,204,saab
92,40,66,111.0,48,7,139.0,50,19,140,159.0,277.0,148.0,85,12,19,182,183,van
93,41,79,159.0,63,8,144.0,46,19,150,165.0,309.0,134.0,67,4,9,195,203,van
88,44,70,151.0,61,8,143.0,46,18,143,163.0,311.0,173.0,68,7,8,196,203,bus
93,36,63,139.0,57,8,132.0,50,18,136,158.0,260.0,121.0,67,3,27,193,201,van
102,53,101,238.0,72,4,238.0,28,26,163,267.0,844.0,242.0,85,7,22,184,184,bus
83,40,53,114.0,53,6,132.0,53,18,140,142.0,247.0,157.0,86,8,7,176,183,van
97,41,88,184.0,59,9,175.0,38,21,140,192.0,459.0,147.0,63,1,5,196,205,saab
85,36,51,115.0,56,5,119.0,57,17,124,139.0,207.0,127.0,81,13,5,181,184,van
96,52,104,222.0,67,9,198.0,33,23,163,217.0,589.0,226.0,67,12,20,192,201,opel
96,41,69,153.0,56,7,141.0,47,18,141,162.0,297.0,169.0,61,11,8,202,209,saab
102,45,83,198.0,65,5,194.0,33,22,146,225.0,576.0,167.0,79,0,27,193,191,bus
91,42,81,193.0,69,5,169.0,38,20,137,184.0,434.0,156.0,68,3,23,198,204,bus
82,45,68,139.0,64,6,147.0,46,19,143,169.0,320.0,184.0,80,0,1,181,184,bus
100,48,95,209.0,68,7,199.0,32,23,150,216.0,605.0,200.0,73,7,11,192,194,bus
90,40,83,178.0,61,8,178.0,37,21,132,199.0,472.0,157.0,71,1,14,187,193,opel
89,38,78,153.0,61,7,146.0,46,19,127,166.0,314.0,142.0,69,0,9,187,194,opel
83,45,73,161.0,68,8,142.0,46,18,144,169.0,305.0,179.0,71,10,3,191,199,van
88,42,77,151.0,58,8,140.0,47,18,142,165.0,293.0,158.0,64,10,11,198,205,saab
96,44,85,166.0,66,10,155.0,43,19,150,167.0,355.0,159.0,67,3,10,192,202,van
89,41,76,183.0,73,7,157.0,42,19,136,181.0,373.0,153.0,74,8,12,191,195,bus
94,43,64,173.0,69,7,150.0,43,19,142,169.0,344.0,177.0,68,9,1,199,206,bus
87,44,70,179.0,75,6,146.0,45,19,141,167.0,326.0,178.0,69,6,1,194,201,bus
96,40,70,120.0,50,8,137.0,50,18,141,162.0,269.0,139.0,80,10,13,183,183,van
88,40,69,146.0,59,7,130.0,51,18,134,147.0,252.0,144.0,64,1,1,193,200,opel
89,37,51,111.0,54,5,120.0,56,17,127,138.0,213.0,147.0,82,7,4,181,183,van
108,51,103,197.0,60,11,211.0,31,24,160,222.0,661.0,187.0,67,7,3,190,200,opel
91,41,93,197.0,65,9,183.0,36,21,137,202.0,504.0,153.0,66,11,24,193,200,opel
92,37,75,191.0,71,6,161.0,40,20,128,180.0,393.0,135.0,69,1,14,195,202,bus
86,41,64,148.0,61,5,150.0,45,19,138,165.0,333.0,173.0,80,5,8,182,185,saab
83,40,59,116.0,53,7,132.0,52,18,137,145.0,250.0,157.0,84,12,6,177,183,van
82,44,72,136.0,61,7,147.0,46,19,143,173.0,317.0,183.0,81,6,17,181,185,bus
93,46,85,169.0,66,9,151.0,44,19,147,169.0,339.0,179.0,67,0,4,195,204,van
89,40,79,154.0,64,9,144.0,46,19,139,168.0,311.0,149.0,71,8,7,188,197,van
88,44,77,167.0,59,6,151.0,44,19,145,175.0,343.0,177.0,64,9,12,202,208,opel
104,53,108,204.0,64,11,220.0,31,25,172,226.0,707.0,203.0,71,14,30,189,203,saab
81,44,72,139.0,60,6,153.0,44,19,146,180.0,347.0,178.0,81,1,15,182,186,bus
91,45,79,176.0,59,9,163.0,40,20,148,184.0,404.0,179.0,62,0,10,199,208,saab
90,42,63,126.0,55,7,152.0,45,19,142,173.0,336.0,173.0,81,0,15,180,184,bus
73,37,53,111.0,54,6,126.0,55,18,128,135.0,227.0,147.0,82,1,15,176,184,opel
90,48,81,144.0,60,9,150.0,44,19,156,173.0,333.0,200.0,75,2,0,185,195,van
82,40,73,141.0,57,8,153.0,44,19,133,173.0,342.0,153.0,75,11,9,181,187,opel
89,40,89,174.0,58,8,177.0,37,21,133,202.0,471.0,155.0,70,7,18,189,196,saab
93,46,82,145.0,58,11,159.0,43,20,160,180.0,371.0,189.0,77,2,4,183,194,van
92,45,76,162.0,57,7,159.0,41,20,147,184.0,381.0,177.0,69,8,10,190,195,saab
110,54,102,201.0,64,11,213.0,31,24,171,222.0,669.0,221.0,73,17,16,188,198,saab
88,37,57,132.0,62,6,135.0,50,18,125,151.0,265.0,144.0,83,16,16,180,184,saab
93,41,75,124.0,51,7,140.0,49,18,141,164.0,284.0,149.0,77,5,15,184,185,van
85,42,66,120.0,53,7,149.0,46,19,143,169.0,321.0,160.0,85,10,7,180,182,bus
89,47,83,322.0,133,48,158.0,43,20,163,229.0,364.0,176.0,97,0,14,184,194,van
91,39,83,176.0,59,7,169.0,39,20,132,190.0,426.0,142.0,67,0,24,192,199,saab
85,34,53,127.0,58,6,116.0,58,17,121,137.0,197.0,127.0,70,3,20,185,189,saab
107,53,108,211.0,63,11,219.0,31,25,168,228.0,704.0,198.0,69,10,21,190,203,saab
107,55,98,199.0,59,7,240.0,27,26,168,258.0,866.0,245.0,80,3,1,186,184,bus
83,42,66,156.0,67,7,150.0,45,19,144,174.0,333.0,159.0,78,4,2,182,188,bus
104,52,96,188.0,59,9,188.0,35,22,161,206.0,530.0,205.0,67,11,8,193,200,opel
97,42,101,186.0,59,9,186.0,36,22,138,208.0,511.0,168.0,67,7,41,194,206,saab
82,44,72,118.0,52,7,152.0,44,19,147,174.0,340.0,177.0,82,2,2,180,185,bus
102,54,101,190.0,58,10,222.0,30,25,171,224.0,728.0,203.0,71,13,6,189,198,opel
82,43,73,158.0,68,7,151.0,44,19,145,181.0,337.0,173.0,80,2,17,183,188,bus
108,57,106,177.0,51,5,256.0,26,28,170,285.0,966.0,261.0,87,11,2,182,181,bus
94,49,82,137.0,56,10,159.0,43,20,160,176.0,367.0,186.0,76,10,7,183,192,van
111,54,103,171.0,50,11,221.0,30,25,172,227.0,727.0,201.0,69,15,6,190,198,opel
96,55,98,161.0,54,10,215.0,31,24,175,226.0,683.0,221.0,76,3,6,185,193,opel
106,55,98,224.0,68,11,215.0,31,24,170,222.0,679.0,214.0,68,2,29,189,201,opel
99,57,100,177.0,54,13,224.0,30,25,188,223.0,726.0,213.0,72,4,7,185,198,opel
100,36,73,199.0,73,6,162.0,40,20,127,189.0,401.0,125.0,72,6,19,200,204,bus
90,43,72,157.0,64,8,136.0,49,18,145,158.0,279.0,167.0,64,4,6,201,209,van
109,55,96,191.0,57,6,241.0,28,26,170,267.0,857.0,242.0,85,8,9,184,184,bus
90,39,89,181.0,62,8,175.0,38,21,132,200.0,458.0,154.0,70,11,15,189,195,saab
109,49,109,193.0,59,10,207.0,32,24,156,225.0,635.0,213.0,70,13,31,191,202,saab
82,44,72,150.0,64,7,154.0,44,19,144,181.0,350.0,177.0,80,0,16,183,187,bus
86,44,78,164.0,68,9,142.0,46,18,147,168.0,305.0,171.0,70,1,11,190,201,van
92,45,74,187.0,74,7,157.0,41,19,143,179.0,375.0,183.0,70,8,6,195,201,bus
90,49,83,187.0,63,7,176.0,37,21,154,205.0,467.0,222.0,70,1,2,189,195,saab
85,43,66,121.0,54,7,150.0,46,19,147,169.0,324.0,175.0,87,0,5,179,182,bus
99,55,101,219.0,68,10,224.0,30,25,178,228.0,737.0,213.0,74,11,20,187,196,opel
90,41,71,169.0,68,7,150.0,44,19,138,175.0,336.0,157.0,71,3,18,192,197,bus
95,43,96,202.0,65,10,189.0,35,22,143,217.0,534.0,166.0,71,6,27,190,197,opel
87,36,53,117.0,58,4,118.0,57,17,125,138.0,205.0,138.0,85,9,15,180,183,van
110,46,100,197.0,61,9,193.0,34,22,149,209.0,561.0,160.0,65,11,7,194,203,saab
86,39,62,129.0,59,6,116.0,57,17,135,137.0,203.0,145.0,64,7,9,199,204,van
105,52,107,207.0,60,11,218.0,31,24,167,221.0,701.0,197.0,66,0,20,191,203,opel
89,50,83,195.0,65,6,178.0,37,21,156,207.0,481.0,210.0,71,1,6,189,194,opel
97,44,96,195.0,63,9,185.0,36,22,144,202.0,512.0,165.0,66,4,8,191,199,saab
93,44,98,197.0,62,11,183.0,36,22,146,202.0,505.0,152.0,64,4,14,195,204,saab
93,43,88,170.0,66,9,150.0,45,19,147,164.0,334.0,143.0,65,2,17,196,206,van
111,50,103,199.0,60,11,211.0,31,24,156,223.0,663.0,188.0,68,9,9,190,200,saab
100,45,100,209.0,65,8,201.0,32,23,147,231.0,611.0,189.0,72,5,5,189,195,opel
84,36,75,136.0,55,6,140.0,48,18,125,166.0,290.0,138.0,71,4,36,189,195,saab
92,43,69,158.0,56,7,149.0,44,19,143,170.0,333.0,168.0,63,14,18,198,203,opel
86,40,62,140.0,62,7,150.0,45,19,133,165.0,330.0,173.0,82,2,3,180,185,saab
107,52,103,186.0,57,11,214.0,31,24,162,217.0,676.0,189.0,66,6,5,189,198,opel
98,50,90,192.0,63,9,177.0,37,21,155,195.0,472.0,197.0,65,10,1,193,201,saab
119,54,106,220.0,65,12,213.0,31,24,167,223.0,675.0,232.0,66,20,1,192,202,saab
114,57,102,181.0,52,6,257.0,26,28,169,287.0,968.0,261.0,85,2,21,182,184,bus
96,49,98,187.0,59,6,213.0,31,24,152,228.0,680.0,210.0,77,8,28,188,189,bus
89,47,81,147.0,64,11,156.0,44,20,163,170.0,352.0,188.0,76,6,13,184,193,van
101,56,104,185.0,53,6,257.0,26,28,168,275.0,956.0,230.0,83,5,26,180,184,bus
105,45,100,195.0,61,10,198.0,33,23,149,214.0,586.0,186.0,67,8,5,192,200,saab
108,56,103,234.0,73,10,221.0,30,25,174,232.0,718.0,214.0,73,8,3,187,197,saab
88,43,70,177.0,74,19,152.0,44,19,143,180.0,342.0,168.0,76,1,9,186,189,bus
95,49,82,139.0,56,11,159.0,43,20,162,173.0,365.0,185.0,75,7,10,182,191,van
90,44,69,152.0,64,7,135.0,49,18,145,165.0,272.0,162.0,75,3,2,187,191,van
99,47,91,226.0,74,5,202.0,32,23,148,234.0,629.0,186.0,79,4,11,192,191,bus
107,54,98,210.0,66,11,218.0,31,24,169,221.0,704.0,216.0,71,14,0,188,197,saab
89,35,52,121.0,57,4,122.0,55,17,125,139.0,220.0,128.0,82,5,13,181,184,saab
95,46,105,219.0,68,9,201.0,33,23,148,223.0,602.0,201.0,69,5,38,191,202,opel
87,45,77,153.0,59,7,154.0,44,19,145,181.0,350.0,172.0,75,15,14,184,189,opel
94,35,66,147.0,62,9,131.0,50,18,127,159.0,258.0,115.0,66,8,7,196,201,van
87,38,85,177.0,61,8,164.0,40,20,129,186.0,402.0,130.0,63,1,25,198,205,opel
108,53,104,181.0,56,11,220.0,31,25,167,226.0,712.0,214.0,72,15,18,189,199,saab
91,41,64,148.0,61,8,129.0,51,18,142,161.0,249.0,153.0,68,6,12,194,201,van
105,46,100,195.0,61,9,193.0,34,22,150,207.0,557.0,161.0,65,5,9,194,202,opel
92,42,75,172.0,60,8,147.0,45,19,142,174.0,322.0,160.0,62,22,10,206,211,opel
83,46,71,156.0,70,6,151.0,44,19,147,174.0,338.0,198.0,80,3,11,181,186,bus
91,46,75,185.0,75,7,154.0,42,19,147,178.0,362.0,192.0,72,8,8,192,199,bus
97,41,92,197.0,63,10,179.0,37,21,140,197.0,481.0,136.0,63,4,3,197,204,opel
104,55,105,216.0,68,11,205.0,32,23,169,221.0,623.0,216.0,71,9,18,189,196,opel
81,47,69,146.0,64,6,151.0,44,19,147,171.0,340.0,195.0,75,5,0,183,188,bus
100,43,92,197.0,62,10,180.0,36,21,143,200.0,489.0,153.0,64,6,9,195,205,saab
109,52,95,189.0,58,4,227.0,29,25,158,262.0,776.0,217.0,82,0,19,187,186,bus
98,39,68,136.0,56,8,131.0,52,18,144,159.0,251.0,134.0,72,4,10,186,187,van
100,49,80,206.0,70,6,183.0,35,21,156,206.0,517.0,198.0,73,3,13,198,199,bus
103,54,107,189.0,56,11,223.0,30,25,174,225.0,729.0,200.0,70,0,29,187,201,opel
83,36,54,119.0,57,6,128.0,53,18,125,143.0,238.0,139.0,82,6,3,179,183,saab
93,43,78,166.0,59,7,151.0,44,19,141,182.0,342.0,174.0,68,15,2,193,197,opel
106,54,105,164.0,48,5,247.0,27,27,165,269.0,891.0,243.0,84,12,1,181,182,bus
86,36,70,143.0,61,9,133.0,50,18,130,153.0,266.0,127.0,66,2,10,194,202,van
85,43,64,128.0,56,8,150.0,46,19,144,168.0,324.0,173.0,82,9,14,180,184,bus
94,48,87,162.0,64,10,157.0,43,20,161,179.0,363.0,186.0,75,4,15,184,195,van
98,55,101,228.0,70,9,210.0,31,24,168,236.0,661.0,245.0,72,1,6,188,197,opel
88,43,84,136.0,55,11,154.0,44,19,150,174.0,350.0,164.0,73,6,2,185,196,van
104,55,105,223.0,70,10,223.0,30,25,177,237.0,737.0,218.0,75,14,11,188,196,opel
93,39,78,164.0,66,8,139.0,48,18,140,157.0,290.0,126.0,64,4,7,201,208,van
106,52,101,213.0,64,11,201.0,33,23,158,214.0,607.0,204.0,65,2,4,192,204,saab
104,55,100,201.0,66,10,214.0,31,24,173,224.0,680.0,221.0,74,1,1,185,194,saab
79,38,55,120.0,55,5,142.0,48,19,128,153.0,295.0,145.0,81,4,2,180,183,saab
90,49,85,141.0,57,11,159.0,43,20,167,173.0,365.0,186.0,75,1,11,182,192,van
80,45,71,128.0,56,7,151.0,45,19,147,171.0,337.0,176.0,79,3,16,181,187,bus
91,39,82,164.0,68,10,143.0,46,19,137,164.0,308.0,158.0,68,13,9,191,201,van
85,43,66,123.0,55,7,150.0,45,19,146,172.0,326.0,173.0,83,4,15,180,183,bus
87,44,98,211.0,70,10,189.0,35,22,141,214.0,535.0,178.0,71,2,21,187,194,opel
95,41,82,170.0,65,9,145.0,46,19,145,163.0,314.0,140.0,64,4,8,199,207,van
102,54,98,177.0,56,10,219.0,31,25,171,219.0,706.0,223.0,72,5,17,186,196,opel
85,45,65,128.0,56,8,151.0,45,19,145,170.0,332.0,186.0,81,1,10,179,184,bus
89,38,82,156.0,59,8,153.0,43,19,129,179.0,351.0,137.0,70,1,1,187,192,saab
90,41,78,145.0,55,7,138.0,48,18,138,161.0,284.0,158.0,67,0,1,192,197,opel
92,41,66,125.0,52,7,139.0,50,18,143,160.0,275.0,161.0,81,7,19,182,184,van
104,52,100,191.0,59,9,197.0,33,23,158,218.0,583.0,234.0,70,10,10,191,198,saab
108,54,105,203.0,62,11,202.0,33,23,164,216.0,608.0,235.0,68,12,3,190,200,saab
107,45,92,197.0,62,10,188.0,35,22,148,202.0,526.0,159.0,64,12,20,195,203,opel
83,42,71,152.0,64,7,149.0,45,19,142,172.0,331.0,158.0,74,2,2,184,190,bus
83,37,54,131.0,61,4,135.0,50,18,127,152.0,271.0,141.0,85,3,6,180,183,saab
96,45,80,162.0,63,9,146.0,46,19,148,161.0,316.0,161.0,64,5,10,199,207,van
91,41,84,141.0,57,9,149.0,45,19,143,170.0,330.0,158.0,72,9,14,189,199,van
92,42,69,153.0,58,8,140.0,48,18,138,165.0,290.0,151.0,64,10,21,199,206,opel
85,35,64,129.0,57,6,116.0,57,17,125,138.0,200.0,123.0,65,1,23,196,203,van
107,54,96,201.0,62,12,218.0,31,24,170,221.0,694.0,217.0,71,2,21,187,198,saab
87,39,74,152.0,58,6,151.0,44,19,136,174.0,337.0,140.0,70,1,33,187,196,saab
96,41,77,177.0,64,5,177.0,36,21,134,205.0,485.0,148.0,74,0,4,196,198,bus
92,39,91,191.0,62,8,176.0,37,21,137,196.0,466.0,151.0,67,3,23,192,200,opel
104,51,108,193.0,59,11,217.0,31,24,163,232.0,694.0,203.0,72,15,22,190,201,saab
91,40,76,171.0,67,7,149.0,44,19,135,169.0,332.0,144.0,68,4,17,192,200,bus
89,46,84,163.0,66,11,159.0,43,20,159,173.0,368.0,176.0,72,1,20,186,197,van
95,49,92,193.0,62,10,178.0,37,21,154,200.0,478.0,171.0,64,2,0,198,206,opel
90,48,78,142.0,59,11,160.0,43,20,160,173.0,370.0,185.0,76,10,11,183,192,van
107,55,103,213.0,68,11,219.0,30,25,172,221.0,709.0,216.0,70,10,7,187,197,saab
105,54,106,215.0,68,10,208.0,32,24,166,217.0,640.0,218.0,69,14,23,189,199,saab
101,56,100,215.0,69,10,208.0,32,24,169,227.0,651.0,223.0,74,6,5,186,193,opel
98,38,78,191.0,65,8,169.0,39,20,136,197.0,430.0,141.0,67,9,20,192,199,saab
88,40,78,186.0,73,6,158.0,41,20,134,185.0,379.0,148.0,73,1,11,193,197,bus
96,40,100,178.0,58,8,181.0,37,21,134,205.0,486.0,160.0,68,5,34,192,202,saab
98,46,88,191.0,63,6,192.0,34,22,147,215.0,563.0,174.0,73,2,26,194,197,bus
97,38,75,188.0,68,6,171.0,37,20,129,199.0,450.0,137.0,74,2,6,197,199,bus
104,50,96,211.0,65,10,187.0,35,22,156,207.0,527.0,195.0,65,3,7,195,206,saab
104,57,103,216.0,69,11,219.0,30,25,176,228.0,708.0,219.0,73,4,3,186,196,opel
94,46,91,175.0,70,12,157.0,43,20,155,172.0,358.0,192.0,69,15,21,190,200,van
95,48,104,214.0,67,9,205.0,32,23,151,227.0,628.0,202.0,74,5,9,186,193,opel
94,45,72,179.0,69,6,156.0,41,19,144,181.0,373.0,191.0,69,5,5,193,198,bus
89,36,69,142.0,57,7,135.0,50,18,126,154.0,266.0,128.0,66,3,36,193,203,opel
89,44,68,113.0,50,7,150.0,45,19,147,171.0,328.0,189.0,88,6,5,179,182,bus
103,46,106,209.0,66,10,203.0,33,23,149,217.0,612.0,210.0,70,9,10,191,199,saab
104,54,101,197.0,64,11,213.0,31,24,172,218.0,669.0,222.0,74,14,4,187,196,saab
90,36,85,184.0,64,6,160.0,41,20,125,187.0,385.0,139.0,66,9,31,195,203,saab
99,57,109,220.0,66,11,221.0,30,25,176,234.0,725.0,236.0,70,10,25,188,200,opel
104,57,103,222.0,72,12,221.0,30,25,177,223.0,718.0,218.0,72,11,12,186,195,opel
99,51,88,188.0,62,5,203.0,32,23,158,222.0,625.0,219.0,77,8,26,191,190,bus
96,46,88,160.0,64,9,151.0,44,19,148,173.0,339.0,182.0,70,15,11,192,199,van
100,44,93,193.0,62,8,186.0,35,22,147,202.0,521.0,151.0,66,0,2,193,198,opel
108,53,103,202.0,64,10,220.0,30,25,168,224.0,711.0,214.0,73,11,10,188,199,saab
79,43,72,141.0,62,8,153.0,44,19,144,175.0,344.0,174.0,78,0,8,182,188,bus
100,46,104,184.0,60,9,197.0,34,23,147,222.0,578.0,198.0,73,13,13,189,197,saab
86,43,69,123.0,54,6,150.0,46,19,144,174.0,325.0,177.0,87,3,7,180,182,bus
93,34,66,140.0,56,7,130.0,51,18,120,151.0,251.0,114.0,62,5,29,201,207,opel
98,55,104,213.0,67,9,206.0,32,23,167,223.0,629.0,220.0,72,5,19,187,196,saab
88,37,51,105.0,52,5,119.0,57,17,128,135.0,207.0,125.0,86,8,16,179,183,van
88,40,79,183.0,62,7,176.0,38,21,138,200.0,462.0,150.0,66,0,29,189,199,opel
86,40,66,138.0,59,4,137.0,49,18,133,162.0,279.0,151.0,74,6,14,186,190,saab
86,37,60,115.0,54,5,119.0,56,17,132,141.0,209.0,129.0,72,2,8,186,190,van
96,43,82,161.0,55,5,186.0,34,22,141,215.0,534.0,162.0,75,0,6,195,196,bus
85,39,57,126.0,56,6,114.0,58,17,135,134.0,195.0,145.0,64,17,7,197,202,van
97,50,108,211.0,65,10,214.0,31,24,156,232.0,683.0,218.0,72,7,29,188,197,opel
97,37,78,181.0,62,8,161.0,41,20,131,182.0,389.0,117.0,62,2,28,203,211,opel
94,47,85,333.0,138,49,155.0,43,19,155,320.0,354.0,187.0,135,12,9,188,196,van
94,43,69,161.0,59,7,152.0,43,19,143,175.0,349.0,187.0,67,12,11,193,198,saab
92,40,82,163.0,63,9,146.0,45,19,140,165.0,319.0,137.0,64,9,0,199,206,van
108,49,109,204.0,61,11,212.0,31,24,159,229.0,665.0,215.0,71,16,11,190,199,saab
97,43,73,173.0,65,6,153.0,42,19,143,176.0,361.0,172.0,66,13,1,200,204,bus
83,44,68,144.0,61,8,147.0,45,19,143,170.0,325.0,180.0,74,1,1,185,191,bus
113,57,109,194.0,56,6,260.0,26,28,175,288.0,982.0,261.0,85,11,21,182,183,bus
97,47,81,183.0,64,8,168.0,39,20,150,193.0,426.0,182.0,70,11,2,192,198,opel
93,37,76,183.0,63,8,164.0,40,20,134,191.0,405.0,139.0,67,4,7,192,197,saab
87,42,64,150.0,64,10,133.0,50,18,141,157.0,265.0,159.0,67,7,0,193,201,van
104,49,89,168.0,54,4,212.0,31,24,153,238.0,682.0,198.0,78,1,23,190,189,bus
101,53,108,184.0,54,12,216.0,31,24,172,220.0,685.0,187.0,68,4,24,190,201,opel
94,49,87,137.0,54,11,158.0,43,20,162,178.0,366.0,186.0,75,5,5,183,194,van
88,44,71,165.0,70,7,144.0,46,19,141,167.0,312.0,172.0,71,4,4,188,193,bus
100,47,88,190.0,60,10,171.0,38,21,155,186.0,440.0,169.0,59,15,18,201,210,saab
86,43,68,152.0,62,7,150.0,44,19,142,179.0,337.0,164.0,75,4,9,188,192,bus
95,47,81,176.0,59,7,168.0,39,20,152,196.0,425.0,185.0,67,4,4,191,198,saab
85,45,73,167.0,69,8,143.0,46,18,148,173.0,307.0,176.0,71,2,0,190,199,van
94,37,72,193.0,72,6,158.0,41,19,133,184.0,385.0,127.0,70,0,14,200,204,bus
97,46,101,210.0,66,8,192.0,35,22,151,208.0,546.0,169.0,66,1,32,191,200,opel
83,41,70,155.0,65,7,144.0,46,19,141,168.0,309.0,147.0,71,4,12,188,195,bus
85,36,72,127.0,56,7,127.0,54,18,125,144.0,233.0,123.0,70,3,30,184,194,opel
