a,all,also,an,and,any,are,as,at,be,been,but,by,can,do,down,even,every,for,from,had,has,have,her,his,if,in,into,is,it,its,may,more,must,my,no,not,now,of,on,one,only,or,our,should,so,some,such,than,that,the,their,then,there,things,this,to,up,upon,was,were,what,when,which,who,will,with,would,your,BookID,target
18,12,0,0,65,0,4,2,1,0,6,12,9,9,10,0,1,1,28,2,8,1,0,35,10,7,41,8,27,18,3,0,5,0,12,1,38,6,11,16,0,1,4,1,2,12,0,9,5,22,66,6,1,0,0,1,15,3,1,36,2,8,0,2,1,0,8,4,0,8,Milton
17,13,6,0,106,0,22,2,1,6,0,18,8,0,10,0,1,0,28,0,0,0,0,35,30,6,50,2,11,38,1,3,8,0,13,1,38,7,10,13,0,5,3,2,0,15,2,7,2,33,104,4,0,0,0,3,18,4,1,30,0,8,0,0,3,0,9,12,0,8,Austen
32,7,0,0,86,1,25,2,1,9,6,14,12,5,10,1,0,3,24,1,18,0,0,88,45,1,39,0,29,25,0,2,5,0,6,1,25,5,10,15,0,2,3,1,0,16,1,13,1,31,61,5,6,0,0,0,15,3,1,51,1,11,0,0,1,0,5,16,0,7,Shakespeare
21,13,0,2,58,4,11,2,2,11,0,11,9,0,4,5,1,3,21,0,8,4,0,12,9,0,29,7,22,20,1,1,7,0,13,2,27,5,10,12,0,1,5,0,0,12,3,6,5,25,66,5,2,2,2,9,31,3,0,41,9,6,0,0,4,0,14,2,0,10,London
14,12,0,0,80,0,6,2,1,12,1,17,4,0,5,0,1,0,22,0,13,0,0,83,1,3,50,2,13,19,0,0,6,0,48,1,27,7,10,12,0,5,4,0,0,16,0,3,3,46,103,4,3,0,0,0,15,4,3,43,1,9,0,0,6,0,9,7,0,8,London
32,11,0,0,79,1,9,2,1,6,1,10,6,2,9,0,9,2,28,0,14,0,0,83,15,5,35,0,12,25,1,0,6,0,9,1,38,4,33,17,0,5,6,1,0,10,0,2,0,28,133,1,1,0,5,5,50,3,0,13,11,20,0,0,2,0,5,3,0,7,Milton
17,14,6,0,90,1,21,2,1,14,0,11,12,0,4,0,1,3,22,6,2,1,0,15,12,4,41,3,17,25,3,2,5,0,34,1,28,11,13,14,1,5,4,1,0,15,2,9,2,32,63,5,1,2,1,0,17,3,4,23,7,7,0,0,10,0,9,14,0,6,Austen
30,11,0,0,50,2,11,2,2,3,1,14,10,0,10,0,2,3,24,0,2,0,0,11,12,3,30,1,11,22,2,3,13,0,20,1,24,6,10,25,0,1,4,0,0,22,1,3,2,24,100,11,2,0,3,3,21,3,2,34,8,19,0,0,3,0,22,12,0,10,Austen
53,7,1,0,92,0,13,2,1,12,3,16,12,0,9,2,3,1,25,0,14,0,0,11,19,6,47,2,13,12,2,1,11,0,3,1,36,8,32,20,0,1,2,0,1,13,2,3,4,30,49,3,4,1,3,0,30,3,0,60,4,6,0,0,2,0,6,4,0,9,Austen
20,12,3,0,72,1,20,2,1,3,0,20,9,0,9,0,2,7,17,0,3,0,0,78,4,0,43,4,29,15,1,4,11,0,49,1,36,6,10,15,0,1,2,6,0,13,0,8,0,25,45,4,10,1,1,0,31,9,1,56,0,10,0,1,1,0,9,18,0,9,Shakespeare
29,14,0,0,92,0,10,2,1,5,0,13,4,0,3,0,4,1,27,0,5,0,0,78,10,0,50,3,17,12,2,0,11,0,9,1,28,14,15,27,0,1,3,4,0,10,5,10,2,26,97,6,4,0,3,6,15,4,1,56,0,5,0,0,6,0,7,10,0,10,London
15,12,0,0,53,0,20,2,4,14,0,16,13,0,6,1,2,2,16,0,12,0,0,13,10,2,31,0,26,27,1,0,13,0,9,2,12,6,30,15,0,5,7,1,0,11,0,3,4,40,133,9,1,2,0,1,15,7,1,37,5,7,0,1,10,0,13,6,0,8,London
24,7,0,0,57,2,11,7,2,7,0,10,2,4,3,4,2,4,27,0,22,3,0,26,7,9,32,1,31,46,0,7,5,0,25,1,38,6,15,17,1,1,6,0,2,14,1,13,7,20,47,7,3,0,2,0,15,10,1,12,0,6,0,0,3,0,22,4,2,9,Milton
36,9,0,0,67,0,11,2,1,15,1,15,10,0,5,1,1,3,18,1,1,0,0,10,24,11,38,4,21,43,2,1,5,0,10,1,38,5,12,14,0,1,1,0,0,22,0,8,1,21,35,6,1,0,1,6,15,3,6,63,5,8,0,0,3,0,5,4,0,9,London
25,12,0,0,93,2,8,2,2,12,8,11,14,0,6,11,3,3,25,0,11,0,0,51,6,0,31,1,14,17,1,0,4,0,1,1,24,5,10,14,0,1,3,0,3,11,1,10,2,29,83,3,1,0,1,2,19,3,6,36,0,22,0,0,3,0,17,4,0,3,Austen
14,4,0,0,39,0,18,2,1,2,5,12,12,4,3,0,1,0,21,1,16,0,0,11,5,0,40,2,33,3,0,3,8,0,27,1,36,7,10,17,0,1,5,1,1,12,0,4,4,23,49,6,7,0,0,0,15,11,9,5,5,8,0,0,2,0,20,6,0,12,Shakespeare
26,9,2,0,57,4,17,2,1,14,5,11,3,0,3,4,0,0,19,2,13,0,0,77,11,1,36,4,26,23,0,1,7,0,14,7,20,5,12,6,2,1,4,0,0,12,3,3,2,31,72,13,4,0,8,0,18,13,1,57,9,7,0,0,10,0,12,9,3,7,Shakespeare
36,13,0,0,91,2,3,2,1,3,0,22,13,0,19,1,1,0,22,0,8,3,0,71,18,3,38,2,23,12,3,0,6,0,1,2,19,5,10,14,2,5,4,0,0,9,1,11,2,19,43,5,1,0,0,0,15,6,1,49,0,6,1,1,0,0,17,9,0,8,Shakespeare
41,8,0,0,98,0,22,2,1,6,0,11,9,0,9,1,1,2,24,0,0,0,0,34,13,3,50,4,12,16,0,6,13,0,26,1,38,6,17,17,0,1,0,0,0,16,0,1,3,23,90,11,0,2,3,5,15,4,1,63,8,8,0,0,4,0,7,4,0,7,Shakespeare
22,9,1,0,52,0,11,2,1,11,0,22,12,1,2,0,0,2,24,0,7,2,0,15,14,0,43,2,37,17,1,0,6,0,9,1,37,6,24,27,0,10,3,23,0,16,0,3,4,22,72,2,0,0,2,0,23,4,1,25,7,10,0,0,4,0,2,3,0,9,Milton
23,8,0,0,66,0,16,2,1,9,6,13,11,0,3,1,1,2,17,0,4,3,0,12,18,1,43,3,14,6,0,3,11,0,10,1,30,10,30,9,0,10,3,0,0,13,2,13,2,37,63,4,0,0,0,3,33,7,1,5,1,14,0,0,6,0,5,7,0,3,Austen
19,10,0,0,62,0,4,2,1,13,4,7,8,0,3,4,0,2,24,1,24,0,0,15,11,5,50,2,40,9,0,4,4,0,10,1,35,5,10,14,0,10,2,0,0,12,0,9,3,28,67,6,3,1,0,6,21,8,0,63,4,8,0,0,9,0,17,11,0,10,Shakespeare
28,17,0,0,61,2,19,2,1,17,0,12,9,8,15,0,0,3,28,2,21,3,0,42,24,6,27,4,29,37,0,1,6,0,42,5,35,4,19,12,2,1,13,0,3,9,0,8,4,24,105,6,3,0,1,3,15,7,6,45,2,8,0,0,12,0,10,11,0,9,Austen
24,10,0,0,68,2,18,5,2,11,0,7,11,5,5,1,1,0,20,2,8,0,0,12,21,5,39,8,26,6,3,0,12,0,8,3,32,7,10,11,0,1,9,0,0,15,1,2,2,16,87,4,2,0,0,4,18,8,2,63,3,7,0,0,3,0,10,7,0,10,Austen
36,4,1,0,60,0,16,2,1,0,0,14,9,0,8,3,1,0,18,1,11,0,0,83,38,6,47,1,23,31,0,2,4,0,3,2,38,5,26,13,0,5,3,0,0,12,3,3,1,22,62,2,2,0,3,0,47,6,1,48,6,7,0,2,7,0,8,4,0,3,London
20,11,0,0,52,0,9,2,1,11,8,20,12,0,16,0,0,0,28,0,16,0,0,6,1,2,45,6,29,21,0,0,8,0,9,1,37,14,10,12,0,5,4,1,0,15,2,3,1,37,65,6,7,0,0,4,35,7,1,25,10,20,0,0,9,0,12,11,0,8,Austen
43,9,0,0,59,2,17,2,1,18,5,12,3,0,4,4,3,1,12,4,10,0,0,32,20,1,29,2,37,8,1,8,4,0,2,6,16,11,25,10,1,1,12,0,0,10,5,6,3,25,137,4,3,0,0,3,29,3,0,61,1,16,0,0,6,0,10,6,0,10,Milton
34,19,0,0,88,0,2,2,1,10,5,16,6,0,9,2,2,2,17,0,5,0,0,83,34,5,48,5,40,32,1,3,6,0,19,1,15,14,13,14,0,1,4,1,0,13,3,11,3,25,120,3,4,0,0,4,21,2,1,20,0,6,0,5,1,0,14,2,0,10,London
27,10,0,0,68,1,4,2,6,20,3,16,3,0,7,0,0,2,16,4,25,0,4,15,2,6,37,1,27,23,1,2,5,0,16,1,33,3,10,8,0,5,14,0,1,9,2,2,2,25,65,6,2,0,3,0,29,1,0,53,1,8,0,0,1,2,20,7,0,9,Shakespeare
23,7,2,0,97,1,11,2,1,10,2,15,7,0,16,1,1,0,18,0,27,0,0,35,14,3,38,4,12,16,3,3,12,0,22,1,38,9,17,17,0,2,5,5,0,12,3,8,4,23,62,5,2,2,0,1,21,8,4,63,0,7,0,0,3,0,10,4,0,10,Shakespeare
20,15,0,0,69,2,22,2,1,9,0,10,8,0,8,1,5,2,14,0,2,0,0,12,54,4,29,5,31,11,2,4,7,0,19,1,38,4,10,22,1,10,2,7,0,22,2,13,4,25,96,26,3,1,0,0,15,4,2,63,1,8,0,0,8,0,5,12,0,9,Austen
29,15,1,1,76,0,10,2,1,3,3,15,4,2,4,0,1,1,21,0,12,1,0,14,11,0,32,0,10,11,1,3,12,0,22,1,32,12,12,14,0,1,2,0,0,14,2,8,2,17,100,5,2,0,0,3,50,1,4,30,11,8,0,4,2,0,16,7,0,9,Austen
21,10,2,0,58,2,17,2,1,10,0,12,10,0,10,1,0,7,24,2,9,0,0,14,26,4,40,3,29,8,0,2,4,0,6,1,29,9,41,17,0,1,4,0,0,12,0,4,2,25,142,4,3,4,6,2,15,4,2,63,2,7,0,0,3,0,9,10,0,8,Austen
15,12,0,0,74,0,11,2,1,4,0,24,14,0,13,1,0,2,21,1,4,0,0,8,1,2,47,4,40,14,1,0,7,0,42,1,38,6,13,17,0,7,0,1,0,22,5,3,2,28,49,4,2,1,0,0,31,4,5,42,2,10,0,0,6,0,11,6,0,10,Austen
18,6,0,0,51,1,10,2,1,12,6,13,5,0,5,1,0,2,20,0,7,0,0,71,14,2,46,4,36,13,0,5,6,0,33,1,33,5,10,17,0,1,4,10,0,14,1,3,1,15,39,6,1,0,7,2,20,8,1,55,5,5,0,0,3,0,19,7,0,3,Austen
13,19,0,0,96,1,11,2,1,10,5,13,5,1,8,3,0,0,24,0,18,0,0,4,4,0,45,0,29,8,1,0,11,0,13,2,8,7,10,17,0,1,3,1,1,21,1,6,2,40,96,2,1,1,7,0,39,13,1,28,0,10,0,0,21,0,14,12,0,2,Austen
17,12,1,0,56,1,7,2,1,13,4,6,4,0,4,0,0,7,20,2,18,1,0,10,26,1,25,5,40,13,3,0,12,0,4,3,30,7,10,11,0,8,3,1,0,15,1,4,1,21,75,8,11,0,3,0,22,4,0,39,8,20,0,0,2,0,17,7,3,12,Austen
46,7,0,0,71,0,21,2,1,23,0,14,9,5,4,0,0,3,27,2,4,0,0,78,4,4,28,2,39,17,2,3,4,0,28,1,31,7,16,13,0,6,2,0,0,15,3,13,6,18,99,10,2,3,1,2,30,7,0,27,0,11,0,0,3,0,16,2,0,7,Milton
22,29,0,0,67,1,22,2,3,0,5,17,14,0,6,1,1,4,14,2,10,0,0,35,23,0,29,1,26,19,0,3,7,0,9,1,32,6,10,22,0,1,8,1,1,18,1,7,3,20,46,4,7,1,0,0,15,3,1,28,1,7,0,2,2,0,9,2,0,2,Austen
11,13,0,0,70,0,21,2,2,15,6,12,8,2,9,1,3,0,25,1,0,1,14,72,10,1,27,3,26,26,9,3,4,0,7,1,38,8,42,14,0,2,3,12,0,10,3,2,3,33,81,4,2,0,3,4,17,4,0,41,0,8,0,0,3,0,9,3,0,9,London
38,7,2,0,94,1,10,2,1,18,6,14,6,4,1,1,1,2,23,0,9,1,2,15,3,0,43,2,21,25,0,0,5,0,35,1,38,6,23,10,0,2,2,0,1,11,0,3,0,25,28,5,4,0,1,2,39,1,0,34,11,7,0,0,2,0,14,7,0,10,London
12,14,6,2,77,2,8,2,7,19,2,15,12,0,6,4,1,2,25,5,8,0,0,15,6,0,28,2,14,20,1,6,9,0,4,1,21,5,10,13,0,1,5,1,2,22,0,5,2,23,56,4,2,0,1,3,26,4,0,37,0,4,0,2,3,2,8,7,0,9,Austen
26,7,4,0,46,0,22,2,1,12,1,16,10,1,8,1,1,7,27,2,20,1,0,15,11,0,42,3,13,18,0,3,5,0,43,1,37,7,10,17,4,5,5,1,0,15,0,2,3,20,67,5,2,1,4,8,34,3,1,58,11,18,0,0,3,0,19,11,0,10,Austen
23,19,1,4,72,0,22,2,3,12,0,12,10,0,11,1,5,3,13,1,0,3,0,75,49,2,29,2,12,0,2,9,5,0,24,2,30,5,26,15,0,7,8,6,0,8,0,7,5,18,134,2,3,0,0,1,36,4,2,35,5,8,0,5,4,0,19,9,0,9,Austen
33,11,0,2,56,6,7,2,6,14,6,5,4,0,2,1,2,3,21,1,2,2,0,49,8,1,29,13,24,32,4,8,10,0,6,2,38,10,33,10,0,7,7,5,0,10,2,9,2,22,50,7,3,2,1,3,27,2,1,0,6,8,0,2,12,4,12,6,0,3,Shakespeare
27,10,0,0,71,0,14,2,1,7,0,17,8,0,18,1,0,4,17,3,17,0,0,10,21,5,35,3,24,3,1,3,13,0,8,1,38,6,27,17,1,1,7,0,1,12,0,13,2,18,27,3,3,2,2,4,22,2,0,61,3,14,0,0,2,0,10,6,0,8,Milton
31,16,3,0,64,2,17,2,1,10,0,18,11,0,5,0,0,4,19,0,20,0,0,15,2,0,37,1,14,20,0,3,8,0,5,1,27,6,16,21,0,1,5,0,1,14,0,10,2,42,70,5,6,2,1,0,15,11,2,63,1,18,0,0,3,0,14,6,0,9,Austen
16,13,1,0,65,0,4,2,1,13,3,18,9,0,8,1,1,2,22,0,18,0,0,72,6,3,39,6,35,20,0,0,3,0,44,1,24,6,10,24,1,1,22,0,0,12,0,11,0,25,90,6,0,1,1,6,15,2,5,27,8,7,0,0,2,0,8,8,0,3,Shakespeare
30,7,1,0,76,1,9,2,3,5,4,11,1,0,6,1,1,9,14,0,1,0,0,88,20,3,37,3,40,14,0,0,5,0,7,7,38,4,16,11,0,1,3,0,0,11,1,3,3,18,42,13,1,2,2,2,19,4,2,34,0,11,0,0,2,0,14,3,0,8,Shakespeare
20,8,0,0,74,5,10,2,1,13,7,21,8,0,4,11,2,0,20,0,23,0,0,15,12,2,41,2,40,0,2,1,10,0,7,1,32,7,10,15,0,1,5,2,0,22,0,9,1,24,78,9,1,0,0,7,15,8,3,51,0,6,0,0,2,0,6,16,0,10,Austen
38,8,1,0,80,1,11,3,1,8,4,18,18,0,12,2,0,1,20,2,21,0,0,78,7,1,43,1,27,17,0,1,13,0,6,1,10,14,25,12,0,1,4,1,1,15,1,2,2,23,56,8,0,0,0,7,15,8,1,26,0,6,0,0,8,0,15,7,0,2,Shakespeare
32,16,0,0,96,3,7,2,7,13,9,10,4,0,3,1,0,0,22,0,2,0,0,10,16,2,25,5,26,6,9,3,6,0,40,1,36,6,10,13,3,7,3,0,0,11,4,12,1,30,85,6,3,0,0,2,46,2,1,53,10,14,0,1,8,2,26,2,0,8,London
17,4,0,0,48,0,9,3,1,15,5,17,5,0,9,7,2,2,17,0,27,0,0,78,9,2,43,2,40,10,0,4,4,0,17,1,36,11,39,20,0,1,3,0,1,12,1,3,5,17,66,4,1,3,0,3,20,2,1,28,9,13,0,2,3,0,6,7,0,8,London
15,11,3,0,64,0,9,2,1,15,0,24,1,7,3,1,0,0,21,0,15,1,0,57,7,4,21,2,40,16,1,3,5,0,39,1,29,5,13,23,5,2,4,0,0,22,2,8,4,25,67,14,4,0,0,0,15,3,5,52,2,6,0,0,3,0,8,5,0,8,Austen
21,10,1,0,50,1,10,2,1,3,1,14,10,0,3,0,3,1,26,2,30,3,0,35,10,0,40,4,24,12,3,0,9,0,20,1,38,5,21,26,0,1,4,0,2,13,3,3,7,26,88,15,3,0,0,5,20,1,2,62,0,7,0,1,3,0,6,4,0,9,London
7,9,0,0,56,0,4,2,1,5,2,11,3,0,4,1,1,0,23,0,3,0,0,13,53,0,43,4,29,20,0,9,12,0,8,1,19,5,31,17,0,1,5,0,0,16,0,13,2,20,38,13,2,2,0,0,43,4,2,43,0,9,0,0,9,0,9,6,0,10,Austen
24,13,0,0,72,1,19,5,1,4,0,18,5,0,4,0,1,5,24,0,11,0,0,15,14,0,43,5,12,14,2,5,7,0,32,1,26,7,20,17,0,1,3,0,0,12,0,9,3,20,44,4,2,3,8,0,18,4,1,41,3,5,0,0,3,0,8,10,0,9,Shakespeare
40,9,0,0,95,0,10,2,1,6,0,15,10,1,8,0,2,0,28,0,7,0,0,14,5,0,40,6,29,25,0,0,12,0,17,1,38,15,17,15,3,9,7,2,2,13,0,2,3,24,60,7,1,0,0,0,15,8,2,56,3,6,0,3,8,0,9,4,0,8,Austen
34,13,4,0,64,0,4,2,3,15,7,14,5,0,12,1,3,0,23,1,7,1,0,81,12,0,37,3,40,19,0,4,11,0,28,1,33,7,18,23,0,1,5,3,3,16,0,7,9,22,39,27,2,0,0,1,27,11,1,57,0,11,0,0,8,3,16,7,0,10,Shakespeare
37,13,0,0,111,0,14,2,1,15,0,18,8,4,8,0,1,9,28,0,5,0,0,15,5,0,39,2,12,17,0,0,6,0,9,1,37,4,14,17,0,9,2,0,1,14,0,10,2,29,113,7,3,0,2,0,20,13,0,63,5,8,0,0,1,0,9,11,0,10,Austen
29,9,0,0,64,1,4,2,1,9,1,21,4,3,3,4,4,0,21,0,8,0,0,9,19,0,34,5,14,0,1,0,10,0,8,1,20,4,23,17,0,1,4,0,0,13,0,13,2,29,68,3,1,2,0,0,23,4,6,52,3,9,0,0,3,0,21,3,0,10,Austen
32,16,0,0,65,0,15,2,1,3,4,13,2,1,2,1,1,2,23,0,4,0,0,77,16,0,32,5,19,30,5,0,12,0,4,1,31,4,10,16,0,1,4,2,0,12,0,8,6,19,54,13,3,2,0,0,19,1,1,32,5,6,0,0,3,0,11,8,0,10,Austen
29,8,0,0,79,1,10,5,1,14,2,14,10,6,21,0,0,4,15,0,12,1,0,44,17,1,28,2,39,19,6,4,8,0,21,1,27,5,18,27,2,1,12,4,0,21,0,8,1,13,51,5,0,2,1,4,30,2,2,39,0,12,0,0,6,0,14,5,0,3,Austen
20,14,0,0,64,0,11,2,1,10,0,18,14,5,8,1,3,0,28,0,0,0,0,15,1,3,45,0,28,22,0,0,7,0,32,1,38,12,10,13,0,10,4,0,0,12,0,3,3,22,126,12,3,2,3,4,15,4,1,48,1,8,0,0,3,0,17,3,0,9,Austen
26,10,0,0,79,1,9,4,7,17,0,13,13,1,4,0,2,3,18,1,18,0,0,21,6,0,50,3,29,14,0,4,3,0,6,3,29,5,10,14,0,4,14,0,0,12,1,3,2,11,61,10,3,0,0,5,18,4,4,58,1,7,0,2,3,0,9,9,0,9,London
19,24,0,0,73,0,22,2,1,3,0,14,10,0,5,1,1,4,24,0,12,1,0,15,16,0,50,2,24,26,0,0,13,0,6,1,8,7,10,14,0,1,4,1,0,16,0,4,7,25,52,3,1,0,0,0,15,8,1,38,6,8,0,0,9,0,19,3,0,9,Austen
33,11,1,1,82,3,13,2,1,6,1,13,3,0,2,1,1,0,18,0,3,0,0,13,20,1,41,2,24,20,4,0,9,0,5,1,38,11,10,15,0,2,4,0,0,12,0,3,2,18,111,5,1,3,1,1,34,5,1,10,1,6,0,1,7,0,16,7,0,9,Austen
8,12,0,0,46,0,14,6,1,21,6,19,5,1,16,0,0,8,26,1,17,0,0,10,1,0,38,3,9,22,1,0,10,0,11,1,28,4,23,25,0,1,4,3,0,14,1,3,2,16,80,4,7,0,1,1,40,1,1,47,2,18,0,0,4,0,8,5,0,6,Milton
12,13,0,0,78,0,15,2,1,4,1,18,8,0,4,0,2,0,27,0,7,0,0,27,1,0,37,1,25,17,4,1,4,0,37,1,19,7,30,12,1,2,4,0,0,16,0,7,2,36,52,5,2,2,1,3,26,3,1,50,2,6,0,0,3,0,15,3,0,7,Austen
18,9,0,0,80,0,2,2,1,13,9,14,8,0,11,1,2,1,23,4,3,0,0,11,24,0,30,3,15,10,2,2,3,0,32,1,30,14,40,27,0,1,3,1,1,13,0,2,3,22,119,7,2,3,4,0,24,3,1,50,10,24,0,0,3,0,9,18,0,8,Austen
21,17,0,0,59,0,10,2,2,11,2,14,3,0,13,1,1,6,19,3,16,0,0,42,12,0,50,0,12,20,1,0,10,0,27,1,38,3,27,15,0,1,4,0,1,15,4,3,6,27,100,7,3,2,0,3,25,3,1,42,0,5,0,4,3,0,20,3,0,9,Austen
32,8,3,0,57,0,20,2,1,5,5,14,14,1,6,1,7,1,25,0,18,0,5,83,25,0,26,7,18,6,3,0,7,0,2,4,20,5,13,16,0,1,3,1,1,12,0,7,2,17,93,5,4,0,0,1,29,3,2,50,2,20,0,0,4,0,11,10,0,7,London
38,10,0,0,94,0,10,2,1,14,0,18,9,2,13,2,4,4,28,0,2,0,0,15,6,3,39,3,29,15,2,0,9,0,3,1,35,2,17,12,0,5,6,12,2,14,0,2,6,21,62,3,9,0,0,0,46,2,1,19,6,16,0,0,9,0,11,4,0,8,Austen
31,11,1,0,75,1,11,2,1,16,3,11,9,0,12,0,0,3,28,1,3,0,0,88,8,0,41,3,29,17,0,3,12,0,28,1,35,8,19,16,0,1,4,0,0,11,0,6,1,33,45,12,2,0,0,0,37,7,1,63,1,6,0,0,5,0,7,10,0,10,Austen
17,25,0,0,62,2,11,2,1,16,1,12,3,8,13,5,0,2,26,3,10,0,0,14,6,0,38,2,28,22,0,0,12,0,15,1,38,6,13,27,0,1,3,0,1,14,0,11,2,27,86,5,2,0,0,0,23,4,1,63,4,8,0,0,5,7,13,9,0,8,Austen
29,10,0,0,81,0,4,2,1,3,8,6,7,0,3,1,1,4,26,1,4,0,0,61,6,0,39,3,14,8,1,3,10,0,9,1,38,4,13,17,0,2,9,0,0,16,2,4,1,22,100,8,1,0,0,0,15,4,2,55,0,8,0,0,1,0,6,12,0,10,Austen
20,10,1,0,59,0,21,2,1,17,2,22,14,0,4,0,1,0,24,2,3,0,0,33,8,0,33,7,23,22,0,0,10,0,7,1,38,7,10,13,0,5,2,0,0,15,0,3,4,32,51,6,2,1,3,1,16,4,1,63,1,8,0,0,2,0,8,16,0,10,Milton
14,7,0,0,80,0,7,2,1,12,0,24,8,0,22,1,0,0,28,0,31,0,0,35,9,7,41,2,12,2,0,0,5,0,40,1,36,5,17,15,0,8,8,1,0,14,3,12,7,27,102,6,2,1,0,0,41,11,0,48,1,24,0,0,3,0,3,10,0,3,Austen
13,8,0,0,82,3,20,2,9,6,1,11,0,0,1,1,1,2,13,0,23,0,0,30,19,7,33,2,34,25,0,2,4,0,14,4,13,3,15,15,1,1,5,3,1,8,0,3,6,25,61,4,10,2,1,1,23,2,0,6,1,4,0,0,8,5,24,10,0,12,London
23,19,0,3,58,0,10,2,1,18,1,10,9,1,3,1,1,2,17,0,8,1,0,35,7,6,43,1,34,22,0,2,7,0,5,1,31,6,13,22,0,5,4,0,0,12,0,8,1,18,95,5,1,0,2,3,19,3,1,31,0,16,0,0,7,0,16,10,0,12,Austen
50,12,0,0,80,0,11,2,1,21,1,15,4,0,5,0,0,3,21,2,10,0,0,78,12,1,31,2,14,25,1,6,8,0,5,1,33,5,10,16,0,1,5,3,0,9,1,4,5,21,119,5,0,2,0,0,15,3,8,63,2,6,0,0,2,0,5,4,0,9,Austen
18,7,2,0,55,1,4,2,8,5,5,21,7,0,7,3,0,0,22,0,27,0,0,68,2,0,35,1,35,13,1,1,3,0,1,3,29,7,23,11,0,4,5,0,0,12,0,10,5,26,160,8,1,0,6,0,18,4,6,30,4,8,0,0,9,0,9,11,0,8,London
32,12,0,0,71,1,10,2,1,3,2,24,9,4,2,0,2,2,28,0,9,7,0,15,5,7,39,3,24,20,0,0,5,0,7,1,38,10,15,6,0,1,2,3,0,16,0,7,6,30,79,8,1,0,0,10,32,3,0,24,8,6,0,1,3,0,9,1,0,3,Milton
38,11,0,0,82,0,16,2,3,12,7,10,6,8,11,0,5,0,20,0,9,1,0,54,20,1,28,2,11,14,3,4,10,0,16,1,28,6,17,11,0,1,32,0,0,13,0,11,2,21,105,5,1,1,8,1,33,7,3,10,1,7,0,0,3,0,8,3,0,9,Austen
11,12,0,0,67,0,11,2,1,6,3,14,11,5,11,1,1,9,25,0,10,0,0,11,8,3,43,3,11,0,1,3,5,0,27,1,38,7,17,12,0,2,4,0,0,12,0,9,4,14,95,5,1,0,0,3,45,10,1,58,4,5,0,0,4,0,12,5,0,8,Austen
26,7,0,0,115,0,10,2,1,5,4,15,13,0,3,0,3,4,20,0,15,1,0,15,49,1,50,3,28,16,3,1,4,0,6,1,38,5,10,23,0,1,4,0,0,7,0,7,7,20,112,7,1,1,0,5,15,2,0,28,6,6,0,6,3,0,14,7,0,8,London
23,9,0,0,54,1,10,2,1,0,1,13,9,0,9,0,0,4,19,4,11,0,0,15,23,0,31,1,14,24,0,0,11,0,8,1,34,4,39,15,0,1,3,0,0,14,0,3,5,21,63,11,1,0,3,3,35,6,1,25,1,6,0,0,2,1,7,12,0,11,London
26,10,0,0,71,2,9,2,1,4,0,13,6,3,8,0,4,0,21,2,8,0,0,10,14,2,31,10,10,20,1,7,8,0,31,1,34,10,36,12,1,4,1,0,1,10,0,1,1,11,97,5,2,0,0,2,36,3,4,13,0,4,0,2,8,5,16,3,0,7,Austen
39,10,1,0,84,0,11,2,1,6,1,18,11,0,12,2,0,4,20,0,9,0,0,15,10,1,37,1,29,20,2,0,10,0,9,1,33,5,18,13,1,1,4,1,0,16,0,3,5,24,49,7,4,0,1,1,20,2,0,56,1,17,0,0,3,0,6,14,0,9,Austen
26,15,1,0,44,0,20,2,1,4,2,14,7,0,5,1,0,2,23,5,9,0,0,78,7,0,40,0,36,24,0,9,6,0,7,1,38,12,10,19,0,2,5,0,0,13,2,7,3,23,74,15,1,1,2,0,32,8,1,63,1,13,0,0,2,0,6,9,0,10,Shakespeare
22,10,0,0,90,0,25,2,1,9,5,21,12,0,12,0,2,0,25,1,4,2,0,55,4,0,50,3,29,24,1,3,5,0,9,1,38,11,15,12,0,4,3,0,0,16,3,13,2,25,82,12,3,0,0,0,15,3,0,21,7,6,0,0,4,0,2,18,0,10,Austen
19,11,0,0,99,0,10,4,4,18,7,11,5,2,22,0,3,3,13,1,5,1,0,13,6,0,32,2,10,44,0,0,8,0,24,1,37,6,10,11,0,7,4,0,0,14,2,0,1,23,73,4,3,1,0,0,22,4,0,51,2,8,0,3,8,0,23,3,0,2,Austen
32,12,6,0,75,0,18,2,1,7,5,18,10,8,13,0,0,3,20,0,24,0,0,15,3,3,50,3,26,0,0,1,8,0,33,1,28,5,14,14,0,8,3,5,0,17,0,9,4,20,73,12,1,2,2,1,30,6,7,41,12,6,0,0,9,0,8,8,0,2,Milton
26,13,1,0,69,1,11,2,1,7,0,16,8,8,3,0,2,0,20,0,8,0,0,80,4,0,43,0,29,18,0,0,10,0,34,1,38,5,22,13,0,5,3,17,0,16,0,9,4,24,109,7,5,1,1,1,18,12,2,32,0,24,0,0,9,0,14,3,0,3,London
29,9,0,0,69,0,11,2,1,20,1,10,6,1,6,1,1,0,19,0,0,0,0,11,11,5,43,4,14,11,0,2,9,0,12,1,38,6,10,17,1,1,3,0,0,16,1,3,5,18,44,5,0,2,6,3,20,4,1,63,7,12,0,0,5,0,9,4,0,8,Austen
22,5,1,0,84,0,4,2,6,16,2,18,4,0,6,1,4,4,23,4,6,0,0,15,4,3,36,1,40,29,0,4,3,0,2,1,20,5,18,17,0,2,2,0,3,11,1,3,1,25,66,4,1,1,2,6,18,3,0,10,5,7,0,0,6,0,18,2,0,9,Austen
28,15,0,0,59,1,4,2,1,14,0,21,7,12,3,0,1,2,20,0,8,0,0,32,8,4,31,1,33,18,1,4,6,0,23,1,7,7,27,27,0,2,2,2,1,22,0,3,2,22,127,3,3,0,0,1,15,4,1,8,7,6,0,1,21,0,11,4,0,10,London
16,13,2,0,103,1,7,2,1,3,7,19,16,0,3,5,0,2,24,2,3,0,0,14,5,4,30,4,24,32,1,0,11,0,10,1,35,5,33,11,0,1,28,1,0,15,1,8,2,23,91,3,8,0,3,1,19,4,1,3,0,8,0,1,3,0,13,9,0,3,Austen
20,20,6,0,46,1,10,2,1,22,7,14,8,0,9,1,9,4,23,4,18,0,0,10,8,3,35,5,27,23,3,0,11,0,13,1,34,9,25,13,0,1,11,0,3,15,2,6,2,19,72,4,1,0,0,2,15,10,2,34,5,10,0,0,5,0,14,9,0,9,Austen
47,14,0,0,61,2,7,2,7,20,6,8,10,4,12,0,7,1,18,2,10,0,0,58,11,0,22,6,26,27,3,2,6,0,8,5,24,8,18,11,0,1,22,0,4,9,1,2,10,26,82,9,8,0,0,3,47,9,0,34,5,6,0,0,3,0,20,7,0,9,Austen
26,9,0,2,63,5,8,2,3,3,0,8,9,0,3,1,1,2,22,2,7,1,0,52,19,4,26,3,34,18,2,3,6,0,29,2,38,5,11,11,0,2,3,0,0,9,0,7,2,20,52,5,2,2,1,1,22,7,2,43,0,11,2,2,1,1,8,4,0,7,Austen
28,13,2,0,56,2,9,2,1,14,3,16,8,0,12,0,0,0,20,1,37,0,7,32,9,0,32,1,11,10,2,1,5,0,11,3,27,6,12,8,0,0,12,2,1,18,0,8,7,18,50,3,1,0,1,2,27,4,2,36,5,10,0,0,9,3,11,9,0,7,Austen
18,10,1,0,68,3,3,2,1,13,4,17,12,7,4,4,4,3,20,0,0,0,0,15,15,3,31,4,24,19,0,3,7,0,9,1,38,6,41,12,0,2,3,0,0,11,3,8,2,25,104,5,2,2,0,1,29,11,1,28,3,8,0,0,2,0,17,2,0,8,Austen
29,22,0,0,90,0,22,2,1,15,7,19,10,6,10,1,3,2,20,0,25,0,0,14,11,0,43,3,14,18,0,6,11,0,37,1,33,5,14,15,0,5,5,0,0,16,3,13,13,41,61,7,3,0,0,3,18,4,4,56,2,6,0,0,3,2,3,3,0,9,Austen
19,12,0,0,113,1,10,2,1,15,0,17,7,0,8,4,0,0,24,3,24,0,0,78,9,0,46,2,11,7,1,5,7,0,45,3,38,14,10,12,0,1,4,0,0,18,1,3,1,29,57,7,2,1,0,2,15,3,1,59,1,11,0,0,6,0,11,14,0,12,London
17,21,0,0,78,0,4,6,3,14,6,17,5,4,6,2,2,0,28,0,3,0,0,50,13,0,38,1,23,19,0,0,4,0,24,1,30,5,19,23,2,1,4,0,0,11,0,3,2,19,49,3,2,0,1,0,30,3,6,55,4,6,0,1,2,4,12,10,0,2,Austen
37,8,0,0,99,1,11,2,1,13,0,14,13,0,11,0,1,3,16,0,2,0,0,11,10,0,38,4,29,7,2,0,13,0,36,2,17,13,10,11,0,1,3,1,0,14,0,2,2,31,108,6,2,1,8,3,15,8,1,33,3,6,0,0,21,0,17,1,0,10,Shakespeare
23,13,3,0,54,0,9,2,1,16,5,7,15,3,6,0,1,2,18,0,14,0,0,78,20,2,44,0,36,19,0,1,13,0,5,1,13,7,14,20,1,1,2,1,0,15,0,6,2,24,33,5,3,1,1,0,15,4,1,13,9,7,0,0,6,0,13,7,0,7,London
19,9,0,0,55,0,20,2,1,9,7,14,10,0,4,0,3,0,28,0,18,0,0,83,19,0,36,4,27,24,4,3,13,0,20,1,37,6,10,12,0,2,3,0,0,16,0,2,2,27,96,2,2,2,0,2,31,4,2,49,2,8,2,0,5,0,9,2,0,12,Shakespeare
23,9,1,0,86,0,11,2,4,8,0,17,16,12,3,0,1,0,13,1,7,0,0,35,5,0,37,0,40,26,3,3,8,1,9,1,30,4,17,10,0,2,5,2,0,13,3,13,6,36,37,12,2,0,0,1,17,2,0,60,2,6,0,0,5,0,14,4,0,9,Austen
33,7,0,0,63,2,11,2,4,17,5,15,14,6,9,0,0,4,28,1,30,0,0,57,7,1,41,1,30,19,0,4,5,0,31,1,29,5,10,16,1,10,6,0,0,11,1,13,1,19,64,7,1,0,0,7,30,3,7,58,13,19,0,0,2,0,19,3,0,3,Austen
25,19,0,0,81,3,25,4,2,13,5,8,5,7,3,2,0,1,20,2,2,1,0,6,27,5,34,7,20,34,0,3,4,0,25,4,32,5,16,20,1,4,4,1,0,13,2,2,2,28,58,7,4,2,1,11,15,3,1,63,10,14,0,0,3,0,19,11,1,12,Austen
39,16,0,0,47,6,10,2,1,20,1,18,9,0,4,0,0,1,18,0,3,0,0,13,10,8,30,5,13,35,4,4,4,0,4,1,25,10,12,11,0,6,1,0,0,11,0,4,7,26,77,5,1,0,0,3,22,3,1,51,17,7,0,0,5,0,13,11,0,9,London
32,18,0,0,83,0,10,2,4,12,8,22,11,1,4,1,1,5,26,4,21,0,0,14,9,1,32,4,40,15,0,0,3,0,7,1,37,8,10,27,0,9,6,1,0,17,3,3,7,21,39,4,3,0,1,3,25,4,2,13,1,8,0,3,1,0,12,4,0,10,Shakespeare
39,9,0,1,99,0,22,2,3,21,0,11,14,2,10,0,2,0,24,0,10,0,0,15,11,5,48,0,29,15,2,4,12,0,39,1,29,7,24,24,0,1,4,2,0,14,1,3,2,22,54,1,2,0,0,0,15,12,1,63,5,8,0,2,4,0,4,10,0,9,Austen
36,10,0,0,57,3,11,2,1,15,6,12,12,0,10,3,1,0,19,1,11,0,0,15,13,1,41,1,13,22,3,0,3,0,2,4,36,5,20,16,0,4,7,0,2,7,0,3,2,34,54,11,0,3,0,0,31,3,1,60,2,12,0,0,6,0,9,8,0,12,Austen
27,4,0,0,50,3,11,2,1,13,0,21,9,4,7,0,7,2,22,0,10,0,0,12,6,1,43,1,40,15,2,0,13,0,28,1,36,7,16,14,0,1,2,0,0,12,2,2,2,32,115,16,2,1,1,2,19,3,1,48,7,5,0,0,2,0,14,10,0,8,Milton
29,13,0,0,76,0,11,2,1,20,4,15,9,4,4,0,0,0,21,0,18,0,0,11,9,2,44,3,21,10,2,0,5,0,32,2,34,6,15,7,3,1,7,0,1,11,0,13,5,14,53,6,1,4,7,2,30,4,7,47,8,6,0,1,8,0,8,5,0,7,Milton
23,14,0,0,76,2,11,2,1,8,7,14,8,0,3,0,1,2,25,0,14,0,0,15,22,2,31,5,27,25,4,4,4,0,42,1,38,7,14,13,0,10,2,0,0,12,1,2,1,17,90,4,0,3,0,0,39,4,2,45,2,10,0,2,2,0,24,9,0,7,Shakespeare
42,9,1,0,79,2,11,2,1,9,2,16,4,1,8,0,4,3,27,0,18,0,0,78,10,2,34,1,21,27,0,0,10,0,45,6,37,12,10,13,0,1,4,0,1,14,0,3,6,26,52,7,0,3,0,7,30,3,1,62,5,8,0,0,1,3,11,5,0,10,Austen
27,6,0,0,105,1,22,2,1,15,1,12,10,12,5,1,1,8,24,1,20,1,0,83,13,4,46,0,28,2,0,7,7,0,22,1,38,12,10,24,2,2,2,0,0,16,0,11,1,20,53,6,1,2,2,0,26,3,0,24,5,8,0,0,5,0,14,13,0,8,Austen
17,15,1,0,105,0,19,2,9,20,6,12,9,7,7,0,1,0,21,2,32,0,0,83,14,2,50,10,36,1,2,2,6,3,2,1,20,10,10,9,1,1,5,3,1,8,1,1,3,14,72,5,3,0,3,5,42,3,1,28,0,4,0,0,9,2,14,2,0,8,Milton
8,5,0,0,57,0,21,2,2,5,7,18,10,0,12,2,2,1,25,1,22,0,0,83,7,4,32,3,35,21,3,0,11,0,4,1,26,5,10,12,2,7,20,1,1,16,1,6,3,26,57,3,1,0,3,2,27,1,1,26,0,10,0,3,7,0,8,5,0,12,Shakespeare
11,12,2,0,67,3,15,2,6,15,2,14,5,0,5,2,3,0,21,1,29,0,0,64,12,2,42,4,11,12,0,6,5,0,19,1,38,6,24,13,2,1,3,0,2,11,0,3,2,28,34,26,5,0,0,1,31,12,0,62,7,4,0,1,2,0,29,9,0,8,Austen
16,12,0,0,82,0,13,2,5,18,0,13,7,0,2,0,1,6,16,0,9,7,0,62,15,3,43,2,18,8,0,0,11,0,20,1,18,5,23,24,0,5,2,0,1,13,1,2,1,15,95,5,5,0,1,3,31,3,0,26,4,8,0,0,6,0,8,4,0,8,Shakespeare
16,10,1,1,59,5,6,2,1,20,8,12,5,2,11,1,1,1,17,3,16,0,0,14,11,0,39,4,26,9,4,3,3,0,37,1,29,6,10,11,0,1,5,0,4,10,2,2,5,19,60,6,3,1,0,0,15,9,9,45,4,9,0,0,9,0,21,9,0,8,Shakespeare
20,25,0,0,88,0,11,2,1,3,2,17,1,0,15,2,2,4,22,1,17,0,0,78,10,0,43,1,40,29,1,1,10,0,12,1,36,9,19,15,0,7,3,1,0,13,3,4,3,21,101,7,1,0,1,0,15,4,1,33,5,8,0,0,2,0,12,10,0,12,Shakespeare
43,11,0,0,68,0,11,2,1,15,3,16,6,0,1,1,1,4,20,0,8,0,0,83,5,2,41,5,22,17,0,3,11,0,7,1,38,6,13,10,0,2,2,4,0,12,1,7,0,23,57,6,2,2,1,3,21,3,1,25,3,6,0,0,9,0,11,3,0,3,Austen
40,8,0,2,68,0,19,2,6,13,2,11,8,0,11,0,1,1,19,0,18,0,0,15,9,2,28,10,25,18,4,6,2,0,9,4,38,6,17,12,0,7,3,1,0,11,0,12,1,26,43,6,2,0,1,3,22,4,2,42,8,14,0,0,2,0,19,7,0,10,Milton
17,6,2,0,131,1,4,2,1,11,0,17,4,0,12,0,1,1,22,0,3,1,0,48,17,0,50,0,14,14,0,0,13,0,13,1,30,6,23,27,0,1,5,3,0,22,0,3,8,34,41,2,1,0,0,0,18,4,0,34,1,8,0,0,12,0,7,3,0,8,Shakespeare
30,10,0,2,73,4,11,2,2,1,6,15,14,4,12,0,0,0,21,1,8,0,0,11,19,0,33,2,33,24,2,5,8,0,13,1,13,6,10,15,1,8,16,0,1,14,1,8,3,24,99,1,2,0,4,0,15,2,1,29,0,6,0,1,1,0,12,12,0,8,London
19,5,0,0,66,0,9,4,4,9,5,15,11,4,0,0,0,2,13,0,11,0,0,78,9,2,37,1,23,9,1,0,5,0,23,1,36,13,29,18,0,1,5,2,0,11,2,3,3,23,134,3,1,1,0,1,27,3,1,39,4,6,0,0,8,0,12,7,3,8,London
29,7,0,0,65,0,4,2,1,9,3,16,6,0,5,0,2,4,25,0,11,0,0,80,42,2,37,5,29,20,1,5,5,0,23,1,34,12,14,10,2,2,2,0,0,13,0,11,1,24,69,6,0,2,0,3,15,4,2,63,7,8,0,0,9,0,7,12,0,8,Austen
19,17,0,0,68,2,10,2,1,14,1,16,9,3,4,0,2,4,28,0,11,0,0,83,6,0,50,2,26,37,0,0,7,0,55,1,38,7,21,17,1,5,4,0,0,16,3,4,3,27,65,7,1,0,3,0,26,8,1,39,0,7,0,0,2,0,14,12,0,8,Austen
27,8,0,0,80,0,11,2,1,11,0,20,6,0,6,1,2,4,11,0,0,0,0,15,5,0,41,5,40,33,1,2,6,0,12,1,38,5,13,27,0,2,7,1,0,12,0,4,2,31,43,6,2,0,0,0,15,4,0,40,2,8,0,0,9,0,4,5,0,9,Austen
42,15,2,1,91,2,4,2,1,8,5,16,5,0,13,3,0,0,13,5,2,3,0,20,7,4,38,4,40,18,0,2,3,0,3,1,13,5,15,16,5,2,2,0,0,22,0,2,4,25,48,5,3,0,1,1,26,2,2,43,3,6,0,0,3,8,9,15,2,10,Milton
26,12,0,0,67,0,11,7,7,10,4,23,10,0,10,0,1,4,19,0,12,2,0,23,13,0,36,3,11,13,1,5,5,0,3,1,32,7,14,18,0,5,5,1,0,21,3,7,3,24,74,3,7,0,0,1,23,3,1,49,8,8,0,0,9,0,17,5,0,7,Milton
31,19,0,0,69,1,11,2,1,10,1,24,2,4,18,3,1,0,26,0,6,0,0,30,4,3,38,1,28,28,9,1,9,0,9,1,38,7,11,14,4,2,1,0,0,14,3,7,2,33,81,6,1,2,2,2,18,3,5,34,10,24,0,0,3,0,9,8,0,7,Austen
22,9,0,0,55,0,14,2,4,21,4,20,9,0,5,0,2,2,18,0,8,2,0,61,12,0,30,1,40,23,0,2,6,0,36,1,36,4,38,14,0,3,4,0,0,11,1,3,2,16,60,6,1,1,2,0,19,13,2,8,7,12,0,0,10,0,20,11,0,10,Milton
0,8,0,0,63,0,9,2,1,8,6,12,7,0,5,0,1,4,22,0,10,1,0,15,1,0,43,1,38,33,0,0,7,0,7,1,28,12,10,17,0,10,3,2,2,16,0,7,5,30,66,4,2,0,0,0,16,4,1,53,1,8,0,1,3,0,12,4,0,9,Shakespeare
16,14,0,0,76,2,22,4,4,19,0,13,10,0,8,6,1,3,27,2,6,0,0,35,3,1,40,3,22,17,1,2,11,0,1,1,38,7,10,23,2,1,5,3,0,7,0,2,2,31,94,4,2,1,4,1,31,4,2,15,5,5,0,0,3,0,13,9,0,6,Austen
29,11,1,0,55,0,11,2,6,16,1,12,8,0,14,2,5,2,28,4,6,0,0,83,43,1,30,4,18,22,0,2,5,0,7,1,31,15,18,14,1,2,5,0,0,7,1,1,5,27,50,5,5,0,2,5,24,3,5,63,1,8,0,0,1,0,7,3,0,9,London
18,7,3,0,83,0,14,2,1,21,0,14,9,0,5,1,0,3,11,0,0,0,0,15,21,3,33,3,37,11,0,3,10,0,39,6,25,14,10,12,0,1,4,0,0,13,0,6,2,25,85,10,1,0,4,0,18,4,8,52,0,20,0,0,5,0,19,8,0,3,Milton
28,5,0,0,55,0,17,2,1,4,0,18,9,4,2,1,2,1,23,1,4,0,0,14,15,6,34,4,14,13,1,3,8,0,19,1,20,12,10,14,2,2,3,0,0,11,0,3,1,26,53,7,1,0,0,0,28,4,1,11,2,8,0,0,2,0,7,7,0,7,Austen
18,10,0,0,46,1,11,3,3,3,9,17,9,0,7,2,2,0,27,0,26,1,0,54,21,3,36,7,40,18,8,4,13,0,28,4,25,6,37,19,0,0,5,7,0,15,1,11,3,21,82,6,1,3,0,4,25,1,5,47,6,4,0,0,3,0,25,6,0,9,Shakespeare
16,5,0,0,53,0,8,2,1,5,1,22,13,0,6,1,1,7,19,0,1,0,0,61,14,2,36,4,11,0,2,0,7,0,4,1,10,6,10,16,0,9,4,1,0,16,5,3,7,17,66,4,3,1,1,0,31,4,1,46,2,14,0,0,5,0,4,11,0,9,Austen
20,11,0,0,44,3,17,2,1,6,4,11,5,3,15,3,0,2,15,0,1,0,3,6,14,1,37,4,29,18,1,0,9,0,21,1,38,15,34,8,3,1,3,0,1,7,2,3,2,22,52,6,1,1,3,8,17,1,6,32,1,7,0,2,21,0,21,9,0,6,London
34,14,0,0,56,3,20,2,1,17,5,14,10,1,3,1,1,2,19,7,10,0,1,44,4,3,25,4,10,23,0,3,4,0,5,1,30,4,30,11,3,1,3,0,0,10,2,9,1,27,160,27,2,0,0,4,15,2,2,50,0,8,0,0,3,0,14,11,0,10,Austen
15,15,3,0,55,3,17,2,1,14,4,18,10,0,10,0,2,3,24,0,5,0,2,26,6,0,31,0,30,27,13,4,3,0,16,1,21,6,28,20,1,4,4,0,2,15,4,11,10,19,137,3,6,0,1,0,39,3,1,49,1,11,0,0,8,0,15,4,0,3,Milton
18,16,0,0,78,0,15,2,1,7,0,14,10,7,5,0,2,2,23,0,1,0,0,80,9,3,35,2,20,27,13,3,4,0,6,2,38,15,11,12,0,2,4,0,0,9,0,3,2,24,119,2,1,0,0,2,15,4,1,32,6,7,0,0,8,0,5,2,0,8,Austen
18,15,2,0,67,1,22,2,1,4,2,10,10,0,7,4,0,0,27,0,2,0,0,76,15,1,50,2,40,23,1,2,5,0,18,1,23,5,15,16,0,1,26,0,0,14,1,7,3,23,35,16,3,1,0,1,22,2,1,18,0,6,0,0,7,0,18,5,0,9,London
33,10,3,0,68,1,15,2,1,6,9,13,10,5,3,0,1,0,18,3,4,1,0,14,3,0,37,0,13,12,0,3,4,0,3,1,29,15,18,27,0,1,4,1,0,12,1,9,2,22,70,8,2,4,8,0,15,6,0,27,3,5,0,0,4,0,12,7,0,9,London
25,14,1,0,66,0,22,2,1,8,0,14,7,0,4,0,2,1,26,0,9,0,0,15,9,1,34,7,29,13,0,2,5,0,11,1,33,7,10,17,0,1,4,0,0,15,1,4,3,28,52,1,0,1,3,0,27,4,6,47,0,7,0,0,1,0,8,4,0,10,Shakespeare
24,8,0,0,82,1,11,2,1,10,2,13,10,4,7,0,1,1,18,0,4,0,0,83,4,2,50,2,24,21,1,7,10,0,19,1,38,5,11,12,0,4,6,0,0,4,0,2,1,29,57,7,2,0,1,3,20,2,2,45,1,26,0,0,7,0,12,4,0,10,Austen
19,7,0,0,92,0,22,2,1,9,5,14,7,0,18,0,2,4,19,4,3,0,0,83,11,2,41,2,40,31,1,2,8,0,5,1,24,11,15,15,2,1,4,0,1,22,2,11,5,21,47,5,0,0,0,0,29,7,0,48,1,12,0,0,5,0,10,10,0,9,Austen
30,7,0,0,67,2,9,2,1,12,4,19,7,0,7,0,2,0,26,5,3,3,0,35,14,2,50,0,14,25,0,0,8,0,5,1,37,6,13,19,0,2,5,1,0,14,4,13,6,20,85,6,5,2,5,0,20,11,1,31,4,7,0,0,1,0,9,3,0,6,Austen
22,11,0,0,46,0,22,2,1,12,0,15,6,0,9,0,2,3,28,0,8,0,0,13,39,2,44,2,14,7,0,1,10,0,45,1,38,7,10,15,0,1,4,0,0,16,2,4,1,19,58,4,0,0,1,3,19,3,1,25,6,22,0,0,2,0,5,3,0,10,Shakespeare
21,13,0,0,82,0,20,2,2,20,11,14,7,2,6,0,0,0,16,1,24,1,0,35,12,1,30,2,21,16,3,6,4,0,44,1,36,5,11,27,0,10,1,0,0,17,0,2,4,22,84,15,0,2,1,3,19,6,2,15,4,6,0,0,2,0,19,5,0,9,Shakespeare
26,20,0,0,79,3,11,2,1,11,0,16,9,4,10,0,7,0,28,0,4,0,0,15,16,0,43,2,40,5,0,0,8,0,8,1,38,6,10,15,0,2,6,1,0,14,0,3,4,20,59,6,2,0,0,4,16,13,1,53,5,13,0,2,3,0,8,3,0,8,Shakespeare
33,14,0,0,82,1,22,2,2,18,6,12,8,12,12,0,3,5,19,1,11,0,0,11,1,4,36,8,29,26,2,1,11,0,9,1,32,5,20,17,0,8,2,0,0,21,0,7,4,25,47,3,2,2,1,3,20,4,5,63,8,8,0,0,2,0,9,3,0,9,Austen
35,11,0,0,46,0,4,2,1,6,1,17,4,4,3,4,1,2,17,0,6,0,0,14,9,6,32,2,11,2,2,4,4,0,4,1,11,4,23,24,0,1,9,0,0,10,2,8,7,13,72,3,1,3,8,1,24,1,0,27,3,5,0,0,3,0,14,5,0,7,Austen
10,12,0,0,51,0,3,6,1,11,1,10,7,0,4,0,2,7,18,1,12,0,0,15,7,0,50,3,40,36,0,2,10,0,6,1,35,6,17,10,0,1,7,0,0,11,1,8,2,18,94,7,3,2,2,0,18,9,3,44,0,20,0,0,12,0,9,15,0,7,Milton
25,5,2,0,81,1,11,2,4,11,0,18,9,8,15,4,5,3,26,2,5,3,0,15,7,0,30,7,29,14,0,3,5,0,6,1,30,7,12,13,0,1,5,0,3,14,1,6,1,25,124,4,2,2,0,2,29,4,1,57,7,8,0,0,21,0,28,2,0,10,Austen
22,13,0,0,61,0,12,2,5,16,4,11,7,3,3,0,1,3,24,0,6,0,0,35,12,0,38,3,29,16,1,3,5,0,7,1,30,5,13,14,0,8,8,0,0,6,0,10,7,18,55,4,1,0,2,1,24,3,1,48,9,13,0,0,3,0,4,7,0,3,London
30,10,0,0,57,0,21,2,4,14,4,12,9,0,2,1,2,0,22,0,8,0,0,47,33,4,43,1,40,23,3,1,10,0,21,3,38,7,19,17,1,1,4,3,3,16,0,3,2,24,77,11,2,0,1,0,21,8,0,37,0,7,0,0,10,0,28,15,0,2,London
24,16,0,0,97,3,10,2,1,8,5,20,11,0,2,0,2,3,28,0,8,3,0,25,7,4,50,1,10,21,8,4,7,0,18,1,38,14,21,22,0,1,2,1,1,18,2,2,1,24,53,5,1,1,0,1,15,7,0,40,3,6,0,0,8,0,12,4,0,6,Shakespeare
31,8,0,0,78,0,22,2,1,18,7,9,4,0,5,0,2,3,28,2,8,0,0,5,5,1,49,3,12,16,4,0,12,0,6,1,37,4,10,16,0,1,2,2,1,16,0,8,2,21,51,11,1,0,1,0,29,4,2,61,6,14,0,0,3,0,16,3,0,12,London
10,11,0,0,59,1,10,3,2,9,10,10,7,0,8,1,2,0,13,0,38,0,4,63,9,2,24,3,12,14,1,2,6,0,9,1,35,14,13,9,0,1,7,4,0,15,0,8,6,44,89,6,2,0,0,5,15,3,1,26,0,21,0,0,4,0,23,13,0,7,Austen
32,12,0,2,131,1,10,2,1,10,0,19,18,0,17,0,1,5,28,0,24,0,0,14,8,1,39,0,28,10,1,6,9,0,41,1,36,5,12,14,0,9,9,0,1,12,1,7,6,18,128,4,2,1,0,0,39,4,2,26,0,11,0,0,2,0,12,11,0,8,Shakespeare
21,9,0,1,104,2,11,4,1,14,1,9,7,0,15,0,9,0,17,5,25,1,0,43,28,1,33,3,33,28,3,1,9,0,38,7,32,4,10,17,0,1,4,0,0,10,0,4,2,17,27,14,2,0,3,1,17,6,1,57,5,3,0,1,3,0,10,18,0,8,Shakespeare
33,8,0,2,95,0,18,2,1,4,2,11,15,0,4,0,1,0,28,0,5,0,0,15,7,0,48,1,24,17,0,0,10,0,3,2,38,5,27,15,0,4,5,0,0,8,1,8,1,16,27,8,2,0,1,1,35,6,2,63,0,12,0,0,3,0,11,4,0,10,London
22,18,1,0,87,0,13,2,1,12,3,19,9,0,5,0,0,2,28,0,20,1,0,56,9,2,36,2,37,0,0,0,12,0,24,1,28,6,10,12,0,2,3,0,0,12,2,7,2,26,85,9,3,1,3,0,34,8,4,2,5,17,0,0,2,0,7,12,0,6,Shakespeare
25,22,3,0,79,0,9,2,1,11,12,12,13,1,8,1,1,2,21,1,11,0,0,15,16,0,37,3,17,17,1,0,9,0,1,4,21,5,10,13,0,5,2,7,1,14,3,4,4,32,43,6,1,0,0,0,44,2,1,41,2,14,0,0,2,0,22,8,0,9,Austen
16,8,3,0,72,0,9,2,1,16,1,11,12,0,18,3,1,3,28,4,6,0,0,14,10,5,34,6,40,18,2,2,5,0,10,1,36,11,14,13,0,2,3,8,2,16,0,4,2,24,50,5,2,0,3,6,19,3,0,31,2,7,0,0,4,0,2,6,0,8,Austen
35,7,1,0,92,0,11,2,2,14,4,11,11,0,3,0,3,3,25,3,5,3,0,66,12,3,35,3,28,2,2,2,1,0,29,1,12,11,16,20,0,5,1,9,0,9,0,12,2,24,57,4,1,0,2,7,42,2,1,39,3,5,0,2,9,0,2,5,0,9,London
0,10,0,0,94,0,17,2,5,10,7,15,6,2,2,3,2,2,18,5,14,0,0,15,6,0,31,3,32,27,0,0,6,0,4,1,33,3,10,10,0,6,4,0,3,8,3,10,7,18,122,6,2,0,0,3,39,2,1,8,6,7,0,0,6,0,11,9,0,9,Shakespeare
36,9,0,0,50,0,20,2,1,21,4,10,12,0,11,1,5,3,28,0,4,0,0,15,5,1,36,2,14,25,0,5,13,0,11,1,38,5,17,23,0,1,12,0,0,12,0,2,1,21,46,6,1,3,0,2,25,3,2,63,3,12,0,0,3,0,2,12,0,9,Austen
44,5,0,0,87,0,21,2,1,18,0,16,5,0,5,0,3,0,16,0,11,0,0,15,44,8,40,2,31,29,0,1,12,0,4,2,38,7,10,13,3,5,4,0,0,10,2,3,2,22,74,10,1,2,0,5,19,3,1,58,10,20,0,2,3,0,10,9,0,6,Austen
19,11,0,0,104,0,12,2,1,11,1,11,2,0,4,3,9,1,17,2,3,0,0,48,33,3,44,4,36,11,13,0,5,0,8,1,26,4,10,19,0,7,2,0,3,8,1,2,1,21,47,3,7,0,0,3,52,12,2,32,9,5,0,2,10,0,11,7,0,6,Austen
29,10,0,0,60,3,10,2,1,5,6,13,12,3,8,3,0,3,28,1,11,0,0,12,19,7,31,3,26,26,1,1,8,0,18,1,36,4,10,12,0,1,7,5,0,11,1,9,2,18,50,2,2,0,5,1,32,4,1,33,5,6,0,6,5,0,15,5,0,8,Austen
15,6,0,1,60,2,16,2,1,17,3,13,10,1,15,0,1,0,27,0,16,1,0,32,5,3,35,0,14,15,6,4,12,0,5,1,38,14,10,16,0,9,3,0,1,16,2,1,8,22,121,5,1,0,5,0,22,8,1,5,4,14,0,0,2,0,7,2,0,9,London
14,9,1,0,101,1,11,2,1,6,0,13,9,0,16,1,2,0,20,0,0,0,0,15,12,2,50,2,40,9,1,3,12,0,10,2,38,5,19,16,0,1,3,0,0,13,1,4,5,23,65,6,2,3,0,2,15,4,0,63,6,14,0,0,4,0,4,5,0,10,Shakespeare
21,7,1,0,131,0,11,2,1,14,0,9,11,4,4,0,1,0,16,0,4,0,0,61,9,0,43,2,26,22,0,2,5,0,5,1,38,9,19,17,0,5,3,0,0,12,1,13,2,28,37,10,5,0,1,0,20,12,2,56,1,7,0,0,12,0,12,3,0,7,London
17,13,0,0,70,1,7,2,1,14,3,14,9,1,13,4,2,11,19,3,0,0,0,88,7,1,39,3,28,9,3,4,13,0,5,1,30,6,10,12,0,4,2,0,0,13,2,4,3,23,110,4,1,3,5,2,16,7,1,63,10,8,0,0,4,0,9,10,0,9,London
31,20,0,0,72,0,9,2,1,7,2,22,5,0,13,2,1,2,28,1,15,0,0,15,6,0,50,3,13,15,1,0,8,0,6,1,38,6,17,17,0,2,3,6,0,14,1,7,2,21,76,17,0,0,7,0,47,6,5,54,6,11,0,3,2,0,10,3,0,8,Austen
15,7,2,0,61,0,21,2,2,16,0,11,6,0,1,0,1,1,22,0,3,0,0,15,5,4,27,5,16,16,5,0,4,0,46,1,38,5,25,12,0,2,6,1,0,8,3,10,1,18,61,6,6,0,3,4,34,3,9,23,2,12,0,1,7,0,12,13,0,10,London
15,9,0,0,56,1,14,2,1,8,0,11,8,6,15,0,1,3,19,0,16,0,0,14,29,0,36,3,25,33,0,0,4,0,19,1,30,4,19,9,3,2,3,1,1,11,0,1,3,19,45,5,4,0,1,1,22,5,0,35,8,8,0,0,6,4,4,3,0,10,Austen
11,16,0,0,85,0,13,2,1,12,0,12,9,0,5,1,1,6,17,0,2,0,0,78,25,0,31,0,40,8,0,3,8,0,36,1,31,6,14,26,0,1,3,0,1,13,0,3,8,26,82,6,1,0,0,1,42,3,0,59,8,8,0,0,2,0,7,11,0,7,Austen
35,18,0,0,72,0,20,2,1,16,0,21,3,4,12,3,3,1,23,0,1,0,0,15,36,0,36,1,40,11,0,1,13,0,5,5,25,14,12,24,0,1,13,0,1,16,0,2,2,31,129,7,1,3,6,0,17,4,10,63,1,14,0,0,7,0,15,5,0,8,Shakespeare
44,21,0,0,64,0,15,8,1,4,0,17,3,0,14,4,0,1,24,0,12,0,0,76,44,0,42,2,22,11,0,5,6,0,5,1,35,7,19,10,0,1,4,0,1,12,2,2,2,36,40,12,1,3,3,0,15,13,4,42,12,13,0,0,8,0,11,11,0,8,Austen
33,7,1,0,95,3,8,2,1,20,4,18,11,0,5,1,1,1,23,0,5,2,4,78,4,0,42,4,23,3,3,3,9,0,16,2,26,5,25,11,0,0,5,0,1,7,0,8,2,16,68,11,5,2,0,11,21,3,0,50,0,12,0,0,3,0,8,3,0,9,Shakespeare
37,7,0,0,61,0,4,2,1,14,7,18,14,0,2,3,1,2,27,0,13,0,0,15,1,3,39,4,24,19,0,2,6,0,19,1,38,6,17,11,0,2,7,0,0,12,1,2,8,30,118,4,2,0,0,1,15,8,4,30,9,13,0,0,9,0,15,15,0,10,Shakespeare
33,11,0,0,75,0,8,2,1,9,6,16,6,0,5,1,1,0,28,0,1,0,0,15,7,5,36,3,40,25,0,6,13,0,62,1,33,6,18,12,0,2,4,2,0,13,1,3,2,25,67,3,2,2,4,0,42,3,1,51,5,14,0,0,3,0,13,17,0,3,Austen
24,7,0,0,84,0,16,2,1,15,4,21,6,5,12,5,1,1,17,2,2,1,3,58,7,5,29,5,10,18,0,5,11,0,16,1,36,7,25,12,1,5,4,1,0,12,0,2,2,18,104,5,3,2,0,7,35,3,10,60,1,8,0,0,2,0,14,4,0,12,Shakespeare
16,6,0,0,86,0,4,2,1,4,1,18,5,1,1,5,1,2,24,0,14,1,0,66,3,3,43,0,13,10,0,2,11,0,35,1,38,14,38,17,0,8,4,1,0,13,0,7,2,21,95,8,1,1,0,1,38,3,2,29,2,7,0,0,3,0,21,19,0,10,Shakespeare
22,8,0,0,64,0,7,2,1,13,5,18,13,1,9,0,1,2,19,0,13,1,0,9,7,0,40,2,20,16,3,0,13,0,40,1,28,14,28,11,0,2,2,0,0,19,0,3,9,24,124,9,2,2,3,2,24,4,1,46,7,4,0,0,3,0,21,9,0,7,Austen
20,15,2,0,57,0,20,2,1,11,8,10,8,1,2,0,0,4,20,4,8,0,0,55,10,5,34,4,9,19,1,3,12,1,2,3,13,9,16,21,0,1,4,0,0,13,0,2,5,31,105,3,9,0,2,0,37,10,0,36,0,17,0,0,9,0,18,2,0,8,Shakespeare
16,13,6,0,53,0,4,3,2,0,5,17,7,0,9,0,2,0,20,0,8,1,0,12,42,0,29,2,36,21,6,0,11,0,9,1,29,6,21,14,0,1,5,1,0,15,0,3,2,30,41,8,6,0,1,2,39,3,2,21,6,23,1,1,3,0,12,4,0,2,Austen
28,9,4,0,70,1,3,8,6,19,5,12,9,0,2,0,1,0,13,1,0,0,0,83,8,0,44,4,40,25,1,3,5,0,6,1,26,5,23,15,0,2,5,0,1,12,2,3,3,16,64,5,3,2,0,4,54,8,1,28,0,8,0,0,5,0,22,7,0,3,Austen
42,11,0,0,91,1,11,2,1,17,3,12,4,0,5,0,2,7,25,0,5,0,0,15,4,4,33,3,13,21,0,3,4,0,8,1,32,12,10,10,0,2,3,0,0,12,7,3,4,26,101,5,4,2,0,6,39,3,3,43,8,6,0,0,2,0,6,3,0,10,Milton
30,15,0,0,74,1,22,2,3,22,0,14,9,0,14,4,2,5,15,2,9,0,0,83,8,1,36,5,28,19,0,5,11,0,1,2,25,14,30,22,2,6,3,0,0,15,0,11,12,23,106,12,1,2,0,5,18,3,1,6,7,14,0,0,6,0,15,10,0,12,London
25,10,0,0,58,2,8,2,4,19,2,6,8,5,10,7,2,0,17,0,3,0,0,11,13,0,25,4,28,15,3,2,4,0,1,1,8,6,14,16,0,1,18,4,0,10,0,2,2,21,42,4,2,0,0,2,38,3,1,29,0,5,0,0,9,0,15,4,0,9,London
27,23,4,1,91,1,11,2,4,14,2,13,13,0,12,0,1,3,21,0,1,0,0,70,12,0,34,4,29,12,0,0,6,0,10,1,35,4,20,17,1,2,3,1,0,22,0,13,1,20,37,7,4,1,1,0,16,4,1,42,0,13,0,0,9,0,6,4,0,8,Austen
24,7,0,0,79,1,15,2,1,2,4,17,10,0,6,2,1,4,15,0,6,0,0,11,14,0,50,5,14,18,1,0,5,0,16,1,38,6,10,17,0,2,3,1,0,16,0,4,5,19,106,1,0,0,0,0,15,12,4,29,1,13,0,0,5,0,2,4,0,2,Austen
24,14,3,0,82,0,22,7,1,4,1,12,8,5,4,1,1,2,19,0,5,0,0,8,12,4,45,1,23,21,0,1,5,0,24,1,38,7,10,21,0,1,1,0,0,12,0,3,3,22,78,4,2,0,2,5,54,13,2,34,1,17,0,1,1,0,14,6,0,11,London
41,11,0,0,82,0,15,2,1,12,6,15,7,0,8,0,1,1,22,0,15,0,0,44,28,0,34,2,29,15,0,0,6,0,14,1,33,10,10,14,2,5,3,0,0,8,0,2,1,18,92,10,0,0,1,2,44,2,5,47,7,7,0,0,8,0,23,8,0,7,Austen
40,14,0,0,65,0,15,2,1,17,1,12,11,0,6,1,4,3,28,2,14,1,0,27,11,0,36,1,12,12,4,0,13,0,34,1,38,4,36,13,0,1,11,1,3,10,1,12,5,25,73,6,3,2,0,0,15,12,2,9,0,13,0,0,3,0,17,4,0,10,London
26,7,1,0,75,0,4,2,1,9,3,17,8,4,2,3,1,1,25,2,12,0,0,14,8,0,41,3,24,16,3,0,8,0,6,1,38,7,10,16,0,1,3,0,0,9,1,2,1,23,48,3,2,0,1,6,29,6,0,48,0,7,0,0,7,0,13,5,0,10,Austen
21,8,0,0,55,0,20,2,6,2,2,13,7,0,12,0,2,3,28,3,10,0,0,30,1,0,43,3,26,17,4,1,9,2,34,1,27,9,10,15,0,1,2,0,0,15,0,1,2,26,31,22,2,1,3,0,23,9,1,61,6,5,0,0,2,0,13,4,0,9,Austen
27,15,0,0,67,3,10,2,1,16,8,16,8,0,3,0,1,1,22,0,8,0,0,35,26,0,31,5,11,13,0,5,10,0,19,1,27,10,10,18,0,1,2,1,0,12,1,4,1,23,65,2,1,0,4,2,25,2,1,28,0,11,0,2,3,0,16,12,0,10,London
9,8,0,0,54,0,4,2,2,18,4,20,9,4,4,0,1,1,24,4,7,0,0,11,14,3,45,2,13,9,1,2,5,0,22,2,14,11,13,13,0,0,3,0,0,9,0,6,2,24,106,12,3,0,4,1,47,8,2,10,5,13,0,0,7,0,18,13,0,10,Austen
20,14,0,0,51,1,22,2,4,21,0,7,10,7,5,5,0,0,19,1,29,1,0,11,16,0,24,3,40,19,9,0,6,0,22,5,34,5,16,18,0,1,6,1,1,9,0,3,2,28,29,24,2,2,2,4,15,4,1,29,8,14,0,1,4,0,16,9,7,10,London
6,7,0,0,42,0,10,4,1,10,0,16,6,0,11,0,0,2,28,0,4,0,0,27,12,8,29,6,40,32,1,1,9,2,8,1,37,7,11,16,0,7,32,0,0,14,0,3,7,26,133,15,2,0,4,3,20,3,1,53,3,20,0,0,3,0,9,9,0,3,London
25,8,0,0,55,0,10,2,1,7,0,19,6,0,16,3,0,0,15,3,8,0,0,31,16,0,35,2,24,24,0,6,6,0,5,1,36,6,12,13,0,4,3,0,2,7,0,13,2,28,55,7,2,1,1,0,25,3,1,51,4,11,0,0,5,0,12,6,0,10,London
24,27,2,2,64,1,9,2,1,7,1,13,10,2,5,0,1,2,22,1,6,0,0,12,7,0,36,2,29,13,0,3,10,0,8,1,31,7,15,14,0,1,3,0,1,19,1,1,4,18,49,4,3,2,1,2,18,4,3,32,3,22,0,0,9,0,9,6,0,9,Shakespeare
27,16,0,0,90,2,19,2,1,7,0,24,15,0,4,2,1,3,28,0,13,2,0,15,26,0,40,0,25,5,2,1,4,0,35,1,38,15,10,12,0,9,5,2,0,15,0,7,2,24,44,5,7,0,3,2,15,4,1,20,7,7,0,6,2,0,8,15,0,10,Austen
30,9,0,0,63,0,14,2,6,8,7,10,12,0,9,4,1,1,20,0,5,1,0,12,19,1,49,2,29,11,2,3,6,0,24,1,16,5,10,16,0,10,6,0,1,13,2,9,4,20,57,7,2,2,1,0,15,6,0,14,0,5,0,0,4,0,5,4,0,8,London
16,7,0,0,96,3,11,2,1,4,1,8,7,0,9,1,1,2,16,0,15,0,2,13,12,0,33,1,11,30,1,0,6,0,35,2,33,6,22,14,2,6,4,2,0,14,2,8,2,17,61,13,1,0,1,4,21,6,4,39,1,8,0,0,7,0,11,5,0,8,Shakespeare
27,9,0,0,69,0,11,2,1,12,2,16,16,0,9,3,0,4,25,0,8,0,0,29,9,0,39,1,27,0,1,1,7,0,35,1,27,6,10,27,0,1,16,1,0,12,1,5,3,22,120,10,12,0,0,5,19,2,1,52,4,16,0,0,3,0,14,5,0,8,Shakespeare
14,9,0,0,65,0,11,2,1,2,5,18,15,0,1,1,2,4,23,0,11,1,0,4,24,0,30,4,32,25,0,3,6,0,25,5,19,7,10,22,3,8,16,0,0,16,0,2,2,25,77,3,8,0,0,3,15,4,1,11,6,10,0,0,2,2,22,8,0,7,Austen
20,8,0,0,56,0,11,2,1,10,8,8,11,0,10,2,1,8,16,0,1,0,0,13,11,0,31,2,27,8,0,5,11,0,10,1,31,6,27,12,0,0,3,0,0,15,0,2,4,19,83,6,6,0,0,6,28,4,0,45,9,7,0,1,12,0,2,5,0,8,Milton
34,8,0,0,66,3,10,2,1,10,0,14,8,5,2,0,2,1,23,0,16,0,0,12,8,1,35,2,27,21,0,4,5,0,3,3,38,5,12,21,1,2,4,0,1,12,1,11,1,25,52,13,1,0,0,1,32,10,0,11,3,19,0,0,3,0,14,6,0,2,London
29,11,0,0,94,0,11,2,1,15,4,11,3,0,6,2,1,7,16,0,12,1,0,35,7,2,43,2,29,37,0,1,11,0,41,1,38,6,16,27,0,1,5,2,0,13,1,9,1,24,85,7,3,0,0,6,26,4,1,57,5,7,0,0,7,0,8,7,0,3,Austen
21,26,0,0,95,0,10,2,1,15,1,16,1,6,15,0,1,2,16,0,21,0,0,61,39,0,40,2,10,28,0,1,5,0,42,3,30,6,19,10,0,1,5,1,0,13,0,2,6,28,57,6,2,0,4,0,44,3,2,56,0,8,0,0,10,0,13,7,0,9,Shakespeare
8,16,0,0,74,0,8,3,2,17,6,20,6,1,4,1,4,3,14,0,0,0,1,64,6,3,29,2,7,28,2,0,9,0,19,1,24,7,15,15,0,2,6,4,4,11,0,1,4,19,40,4,2,0,3,0,34,2,10,29,3,12,0,5,10,0,19,6,0,7,Austen
22,8,4,0,54,0,19,8,1,0,5,14,6,0,13,4,0,0,25,0,10,0,0,15,36,8,34,1,8,6,6,3,11,0,21,2,37,11,12,15,0,1,3,1,0,8,1,13,1,25,169,7,0,3,5,2,34,2,2,15,0,14,0,0,6,0,3,10,0,6,London
18,22,0,0,60,1,20,4,1,11,3,9,11,0,11,1,1,2,26,0,13,0,0,15,1,0,37,1,40,8,0,4,12,0,5,2,33,14,32,17,0,1,0,0,0,19,1,5,3,16,138,6,2,3,0,0,23,12,3,63,0,6,0,0,3,0,9,6,0,8,Austen
11,8,0,0,63,0,11,2,1,13,0,18,7,2,19,1,3,1,27,0,20,0,0,15,7,0,50,8,40,14,0,9,6,0,8,1,23,5,24,27,0,5,9,0,1,22,1,3,5,25,38,6,2,2,1,0,15,12,1,51,5,14,0,0,4,0,14,14,0,9,London
32,14,0,0,74,0,20,2,1,6,2,22,11,0,10,0,1,0,27,4,1,1,0,10,13,2,33,1,11,14,1,1,6,0,7,1,38,9,30,16,0,5,14,1,0,14,0,7,3,23,118,5,2,4,1,0,51,10,6,20,3,15,0,0,3,0,15,12,0,9,Austen
38,16,1,0,77,1,11,2,1,12,7,15,8,8,9,1,3,2,27,4,13,0,0,15,2,0,42,10,32,21,0,1,8,0,8,5,8,3,15,11,0,1,3,0,1,13,0,2,2,27,50,5,2,2,0,1,28,2,0,16,4,7,0,0,4,0,9,3,0,3,Austen
18,7,0,0,74,0,8,2,1,8,6,6,14,5,3,1,2,2,22,3,26,0,0,32,10,3,50,7,19,27,0,1,11,0,8,1,26,6,21,11,2,2,4,0,1,16,0,12,2,24,53,3,2,0,3,0,25,4,3,25,0,26,0,0,2,0,8,7,0,7,Austen
26,12,2,0,57,3,8,2,1,18,0,9,1,0,7,2,1,0,12,0,3,1,0,13,16,2,30,8,28,15,5,0,6,0,4,2,17,8,12,15,3,1,2,0,2,22,0,2,2,36,44,15,1,2,0,0,31,2,1,32,3,9,0,0,3,0,14,8,0,9,Shakespeare
32,15,0,0,63,0,9,2,1,7,3,13,7,0,3,2,2,2,21,3,9,0,0,11,10,0,50,3,29,21,0,4,12,0,22,1,32,6,20,13,0,2,4,1,1,13,0,3,0,21,47,18,3,0,3,2,19,11,9,54,0,12,0,0,2,0,12,5,0,8,Austen
38,8,0,0,57,0,18,2,1,4,1,12,7,0,2,2,4,0,18,2,2,0,0,54,32,0,36,3,23,30,0,6,10,0,7,1,37,6,10,12,0,2,3,0,1,18,0,2,0,19,59,4,1,0,7,6,23,3,1,33,8,12,0,0,3,2,11,10,0,9,Shakespeare
36,8,3,0,53,0,6,2,1,18,1,18,2,2,8,3,5,4,25,0,8,0,0,15,10,2,50,3,19,26,4,3,4,0,39,1,38,6,13,9,0,9,7,0,0,8,1,2,3,19,107,8,4,0,3,3,25,5,4,36,12,5,0,0,1,0,10,12,0,12,London
5,8,0,22,58,0,20,2,1,14,1,14,16,0,6,1,4,0,20,1,20,0,0,15,6,4,33,2,26,12,1,1,3,0,26,1,38,6,10,16,0,9,6,13,0,16,1,7,2,26,73,2,7,0,0,0,15,4,0,46,5,5,0,0,2,0,8,5,0,3,Shakespeare
24,9,0,0,60,2,11,2,1,8,1,18,6,6,7,1,1,3,27,0,13,0,0,35,2,0,44,1,24,40,1,7,10,0,61,3,32,6,10,15,0,0,6,0,0,17,1,8,1,21,105,3,5,1,0,4,25,3,5,63,4,8,0,0,3,0,11,4,0,3,London
3,14,0,0,95,0,14,2,3,4,0,13,8,0,3,0,0,4,15,3,23,0,0,14,11,6,36,3,40,13,0,0,11,0,5,1,23,6,14,15,0,2,5,5,0,18,0,6,4,33,63,4,6,0,0,2,20,11,0,28,4,13,0,0,9,0,15,14,0,9,Austen
17,26,0,0,66,15,11,2,1,12,0,12,10,0,4,4,2,2,18,0,10,0,0,15,9,0,43,1,14,15,0,1,7,0,4,4,33,7,14,17,0,1,5,24,0,15,0,3,2,20,44,8,1,0,0,3,17,4,1,63,0,8,0,0,2,0,6,4,0,10,Shakespeare
43,13,4,0,90,0,4,2,1,9,1,21,9,0,4,0,1,0,20,0,7,0,0,15,10,0,34,0,29,0,0,0,5,0,62,1,26,6,10,14,0,2,4,0,0,16,0,3,7,21,69,11,1,0,0,1,24,7,0,12,8,7,0,0,2,0,5,7,0,8,Shakespeare
14,11,0,0,59,2,9,2,4,14,2,9,8,0,5,3,1,0,18,1,17,0,0,15,9,1,29,2,11,5,0,0,5,0,40,5,30,7,54,10,0,0,4,3,0,14,0,2,8,14,61,5,3,0,0,1,41,12,0,40,2,24,0,0,10,1,15,5,0,1,Shakespeare
31,8,0,0,55,0,10,2,1,12,0,16,10,0,4,0,9,0,20,0,8,0,0,83,2,5,50,3,28,15,2,3,11,0,18,6,27,5,21,24,0,0,9,3,0,8,0,7,6,20,56,5,0,2,0,2,15,4,1,55,1,8,0,0,2,0,13,14,0,7,Austen
36,10,0,0,67,0,22,4,3,9,6,14,3,1,10,0,2,1,23,0,6,0,0,15,7,1,50,1,28,15,5,5,6,0,18,1,19,14,17,14,1,9,5,1,0,11,0,2,2,30,92,11,1,3,0,0,49,4,1,38,6,7,0,0,6,0,13,4,0,9,London
35,10,0,0,68,0,8,2,4,3,10,12,4,4,6,0,2,3,17,0,17,0,0,14,15,5,46,2,22,19,0,0,7,0,37,1,38,12,10,14,0,5,1,4,0,12,0,2,3,13,53,5,7,1,1,2,30,3,1,37,6,5,0,3,4,0,13,3,0,9,Austen
35,10,0,0,73,0,4,3,1,17,0,15,6,4,4,0,1,7,28,2,16,0,0,71,11,3,49,1,29,26,3,0,8,0,9,1,26,4,23,15,1,2,0,11,0,16,0,3,6,20,68,3,0,0,0,2,21,7,0,59,3,7,0,0,3,0,9,2,0,9,London
30,6,6,0,83,0,25,2,2,11,0,19,7,0,10,7,1,3,21,3,5,0,0,15,33,3,37,3,28,28,0,3,5,0,24,1,38,2,35,24,0,5,6,0,1,11,0,9,7,31,84,5,2,0,3,1,33,9,1,51,0,7,0,3,2,0,19,2,0,3,London
41,14,0,3,75,2,10,2,1,5,5,11,10,0,4,1,0,0,22,7,12,0,0,27,10,2,45,4,35,15,0,0,5,0,9,1,38,6,20,12,2,9,0,0,0,11,0,3,4,20,57,6,5,2,0,6,28,4,1,59,3,13,1,0,2,0,11,12,0,10,London
11,10,0,0,70,0,21,2,1,3,7,11,8,4,8,0,1,0,27,0,9,0,0,14,19,1,42,2,27,7,0,6,5,0,15,1,11,6,11,15,2,9,5,0,2,12,0,13,2,18,101,4,1,0,3,0,42,3,1,13,0,26,0,2,4,0,12,2,0,7,Austen
0,9,1,1,64,1,15,2,2,8,0,15,13,0,10,1,1,1,16,1,15,0,0,10,8,5,23,0,25,0,0,9,4,0,11,1,35,7,15,21,0,2,4,0,3,14,0,2,2,38,108,2,3,0,1,4,43,12,1,33,13,11,0,3,5,0,17,4,0,7,London
24,8,0,0,70,0,8,2,1,4,0,13,8,5,5,1,2,2,14,1,4,0,0,12,13,7,34,8,23,0,13,7,4,0,18,2,34,11,10,16,1,1,5,1,0,10,1,3,2,27,154,6,0,0,1,2,16,6,1,46,2,17,0,0,0,0,10,7,2,12,Shakespeare
21,8,0,0,97,0,4,2,1,3,0,18,7,0,15,1,1,6,24,0,20,1,0,82,11,0,43,11,29,19,1,0,10,0,47,1,38,6,16,25,0,10,8,1,0,16,0,4,3,22,112,6,3,0,2,0,15,12,1,24,4,11,0,0,2,0,7,5,0,10,Austen
24,14,2,2,84,0,9,2,1,14,6,13,9,9,4,0,7,3,28,2,10,2,0,49,17,1,32,2,8,19,0,0,6,0,29,5,33,5,20,16,0,7,4,5,0,8,0,10,2,19,91,2,2,1,0,3,22,2,0,54,2,8,0,0,7,0,19,6,3,9,Shakespeare
25,10,4,0,69,0,9,2,1,12,4,15,5,0,10,0,0,4,19,4,3,0,0,78,17,0,42,5,40,48,6,2,4,0,27,1,38,9,13,27,0,2,1,0,1,22,2,11,10,30,59,4,1,6,1,6,22,6,4,55,8,8,0,0,3,0,10,6,0,7,Austen
32,12,6,0,62,1,7,2,2,13,0,16,14,0,8,0,9,2,16,0,13,0,2,33,25,0,40,3,36,21,2,2,4,0,34,2,11,7,10,9,0,5,3,1,0,13,1,2,4,17,101,8,2,0,4,4,26,4,6,25,2,6,0,0,4,2,19,5,0,7,Austen
24,10,0,0,63,0,11,2,2,3,5,14,8,0,2,4,3,7,24,0,11,0,0,12,8,0,38,2,8,14,5,2,6,0,1,4,37,12,10,24,0,5,4,1,0,9,3,4,2,22,80,5,3,0,0,0,28,3,1,42,6,26,0,0,10,0,18,7,0,10,Milton
18,24,1,4,55,4,7,2,1,5,4,12,10,0,15,7,2,0,21,2,22,1,0,66,5,3,41,2,34,24,1,0,3,1,6,2,16,15,24,18,0,4,2,13,0,11,1,6,4,20,27,5,0,1,1,0,22,2,2,36,3,6,0,3,10,0,7,11,6,2,Shakespeare
12,12,1,0,89,0,19,2,1,10,5,11,6,8,14,4,2,1,12,0,8,0,0,31,6,0,42,2,9,29,2,4,8,0,4,2,35,6,17,15,0,2,4,0,0,13,0,3,6,44,55,16,4,0,0,7,28,3,2,41,1,18,0,0,2,0,14,8,0,7,London
23,10,0,0,72,0,4,2,1,9,1,14,2,2,9,0,1,4,26,0,3,0,0,15,15,0,47,2,28,28,0,4,10,0,10,1,38,5,29,10,2,4,6,0,0,10,1,4,2,23,57,6,2,2,4,1,32,4,1,36,2,13,0,0,7,0,13,10,0,3,Milton
24,9,6,0,57,0,11,2,1,7,5,16,10,3,22,2,0,1,16,2,16,0,0,12,9,0,38,6,22,12,1,1,5,0,17,1,18,8,18,22,2,4,6,22,1,12,3,2,2,30,28,8,1,2,1,0,19,10,6,45,6,11,0,0,9,0,20,2,0,6,Shakespeare
23,11,1,3,89,0,9,4,6,3,0,15,13,0,3,0,7,3,17,1,14,1,0,13,14,2,50,2,40,0,1,3,8,0,17,1,31,7,10,13,0,1,2,4,0,19,0,6,2,18,79,5,4,4,0,1,20,2,1,51,4,7,0,0,10,0,8,3,0,5,Austen
20,9,0,0,90,2,10,2,2,25,7,13,3,0,14,2,0,1,22,2,6,0,4,67,29,1,38,4,9,16,0,0,7,0,23,1,36,13,10,22,0,2,12,0,0,10,1,8,1,17,47,4,2,1,3,4,34,1,1,15,0,22,0,1,3,8,20,2,5,10,Austen
27,13,0,0,72,0,22,2,1,18,0,14,6,12,11,0,0,4,26,0,6,0,0,15,6,0,43,1,29,23,1,4,7,0,9,1,38,6,31,12,0,10,4,5,0,14,3,7,2,18,87,4,1,0,0,5,24,4,2,48,0,8,0,0,3,0,9,12,0,3,London
25,11,0,0,62,0,4,2,1,14,1,16,5,0,7,0,1,2,26,0,11,0,0,14,7,0,39,4,11,15,5,0,5,0,11,1,38,10,10,17,0,10,3,0,0,11,2,7,1,26,50,3,4,0,0,2,30,7,5,14,18,7,0,1,5,0,11,8,0,9,Austen
21,11,0,0,100,1,8,2,1,17,0,12,7,0,5,0,1,2,13,0,19,0,0,14,8,3,35,2,29,31,4,0,12,0,24,1,31,2,11,22,0,1,4,0,0,13,0,9,4,29,85,6,2,0,0,0,15,4,4,52,0,6,0,3,7,0,8,2,0,7,Austen
18,19,0,0,60,0,19,2,1,4,0,8,14,0,9,0,2,8,20,0,5,0,0,61,4,0,41,3,28,39,0,1,13,0,49,1,34,5,15,12,0,2,2,0,0,15,1,12,4,38,41,3,1,2,0,3,28,3,1,30,10,8,0,0,3,0,6,9,0,12,London
40,14,0,1,73,0,3,5,1,5,3,8,8,0,9,1,4,0,21,2,8,0,0,13,9,0,40,0,40,13,13,1,11,0,35,1,28,4,16,18,0,8,4,0,0,8,3,6,4,44,54,5,1,2,0,8,25,4,0,13,7,6,0,0,7,0,10,9,0,9,London
20,4,2,0,74,0,11,2,1,6,0,13,10,0,3,3,1,0,25,0,17,1,0,15,52,3,43,2,8,11,1,0,8,0,42,1,38,4,20,18,0,2,3,0,0,12,2,3,1,20,37,5,1,3,0,4,25,4,1,63,6,6,0,0,3,0,8,4,0,7,Shakespeare
29,12,2,0,72,0,9,4,1,9,7,17,11,0,16,0,4,2,24,0,5,0,0,78,6,0,43,2,14,7,1,0,8,0,49,1,38,7,26,11,0,1,2,0,0,14,0,3,5,21,131,2,0,0,2,0,27,2,1,35,7,8,0,1,7,0,19,3,0,8,Austen
13,8,0,0,69,0,19,3,6,3,1,13,5,0,9,0,0,1,18,0,13,0,0,78,9,3,34,0,13,11,2,9,9,0,50,1,37,7,30,13,0,4,14,0,0,11,5,10,2,28,109,5,6,1,2,6,23,3,1,60,8,7,0,1,3,0,12,9,0,7,Austen
35,13,0,0,60,3,9,2,1,1,9,7,4,0,13,1,3,0,28,4,10,0,0,15,17,2,39,3,10,7,8,3,7,0,7,1,38,12,15,14,0,5,2,7,0,9,2,10,1,36,49,6,1,4,1,6,39,2,1,42,5,18,0,0,3,2,8,3,0,8,London
29,7,1,0,52,0,2,2,1,9,1,15,8,5,2,2,1,0,18,0,9,0,0,13,23,0,41,3,7,9,1,3,11,0,6,1,30,14,10,11,0,1,5,0,1,15,2,2,4,20,37,5,1,0,0,5,28,2,6,19,6,13,0,0,4,1,15,4,0,8,Milton
50,9,3,0,90,0,11,2,3,19,4,24,9,2,9,0,2,2,27,3,7,2,0,73,7,4,33,2,40,25,5,8,9,0,1,1,35,11,34,13,2,1,2,8,2,15,0,6,3,21,97,11,2,1,8,1,45,3,2,63,0,11,0,0,7,0,14,6,0,10,Austen
40,8,1,0,68,2,8,2,3,20,0,10,9,0,14,2,0,3,20,2,2,0,0,15,13,0,26,1,11,13,1,1,8,0,8,1,34,4,10,22,0,1,5,0,0,11,0,11,4,19,128,3,3,2,1,6,22,6,1,40,0,26,0,2,2,0,17,11,0,6,Austen
24,14,4,0,81,2,11,2,2,12,6,17,8,0,3,2,1,2,14,2,9,0,0,15,5,6,43,1,19,16,2,0,5,0,10,1,33,3,23,16,0,2,1,0,0,14,2,7,0,15,71,5,3,1,1,5,15,3,1,11,6,7,0,1,4,0,10,3,0,10,London
26,11,2,0,74,0,10,2,1,15,0,15,11,0,5,1,0,2,26,0,27,0,0,15,14,3,28,4,25,25,5,0,5,0,10,1,33,6,10,14,1,1,3,0,0,10,1,3,3,18,95,5,1,1,2,1,20,3,1,50,6,22,0,0,5,0,12,9,0,8,London
16,6,6,0,58,2,21,2,1,16,3,12,10,0,16,0,2,4,20,1,7,0,2,58,31,5,19,2,27,23,0,1,5,0,37,1,23,4,10,22,3,5,2,1,1,19,1,9,2,20,84,5,4,3,0,1,40,6,1,45,0,8,0,0,1,0,18,5,0,7,Austen
45,12,0,0,80,2,14,2,1,6,3,10,9,0,16,0,1,3,26,0,13,0,2,7,18,5,45,3,36,23,0,2,8,0,17,1,33,4,14,7,4,6,1,2,3,18,0,8,2,19,64,9,1,1,8,0,51,1,6,41,12,13,0,0,12,0,13,15,0,7,Milton
19,7,0,0,67,0,10,2,3,12,0,13,7,1,2,4,1,2,19,2,21,1,0,8,12,1,32,0,27,19,0,3,3,0,31,1,32,5,33,17,0,1,4,0,2,16,1,3,5,23,108,6,4,0,5,2,24,1,4,33,6,9,0,0,2,0,9,17,0,10,London
24,10,2,0,74,0,21,2,1,1,0,18,7,0,4,1,7,0,22,0,8,0,0,10,12,0,33,2,13,8,0,4,4,0,38,1,27,6,11,15,0,4,5,5,0,7,0,3,2,20,56,10,3,3,0,1,29,11,1,38,11,10,0,1,2,0,10,7,0,2,London
15,7,0,0,90,0,25,2,1,7,3,12,9,0,4,1,9,1,19,0,23,1,0,13,14,3,48,0,26,23,3,0,10,0,29,1,38,7,10,14,0,2,3,7,0,16,0,3,5,24,52,4,0,0,1,0,31,4,1,19,11,7,0,1,4,0,5,3,0,5,Shakespeare
27,13,0,0,78,1,11,2,1,10,2,19,10,0,4,4,1,0,19,0,0,0,2,15,33,1,36,3,29,17,1,2,6,0,43,1,38,10,10,13,0,9,10,1,0,22,3,2,5,33,47,12,0,4,0,5,30,3,6,19,0,13,0,0,3,0,17,2,0,3,Shakespeare
18,7,0,0,73,0,3,2,3,18,7,14,10,3,5,1,0,0,26,1,13,2,0,61,1,1,48,3,12,26,3,2,6,0,7,1,27,6,29,27,0,10,2,4,1,9,0,1,2,30,118,7,2,2,1,0,26,13,2,7,4,7,4,0,1,0,14,5,0,9,Austen
38,9,0,0,68,2,11,2,1,11,0,24,13,0,11,3,1,0,28,0,17,0,0,61,8,1,32,2,40,5,0,2,6,0,12,1,36,6,10,17,1,1,5,0,0,16,0,4,3,27,134,6,2,2,0,3,40,3,1,59,3,5,0,0,5,0,5,8,0,3,Austen
30,22,0,0,46,0,9,4,2,12,3,20,6,0,4,0,1,2,28,0,16,0,0,80,20,0,36,2,11,18,0,3,3,0,30,1,31,6,10,17,0,1,3,10,0,16,1,4,7,14,44,4,3,0,2,0,15,1,1,20,0,15,0,0,4,0,11,13,0,8,Austen
23,6,0,1,50,0,7,3,1,8,1,17,6,0,11,1,1,7,17,3,12,0,0,71,7,1,44,6,28,19,13,1,7,0,7,1,38,7,33,17,0,4,5,0,0,12,1,3,4,27,100,7,4,3,1,1,15,11,2,56,6,12,0,1,3,0,11,16,0,5,London
29,9,0,0,54,0,11,2,9,9,0,9,6,1,5,0,0,0,11,1,13,2,0,11,6,0,27,1,37,7,0,0,4,0,10,4,13,8,18,12,0,4,4,0,0,8,2,4,2,17,39,5,2,0,0,0,44,2,2,55,0,6,0,0,6,0,14,19,0,8,Austen
15,9,0,0,91,0,22,2,1,6,8,17,8,0,8,1,1,1,19,0,15,1,0,45,12,0,49,8,37,19,0,0,4,0,4,1,29,7,10,15,0,2,3,7,2,20,0,10,4,21,64,5,1,2,3,1,45,4,1,51,2,8,0,0,4,0,9,10,0,12,Austen
26,22,0,0,52,1,16,2,4,17,1,17,7,0,5,3,1,4,28,4,32,3,1,78,9,1,25,5,21,26,2,2,7,0,7,4,31,6,24,14,0,2,6,6,0,12,0,2,8,32,127,6,3,3,6,2,33,4,1,53,0,13,0,2,3,0,16,10,0,7,Austen
24,16,3,0,71,2,22,4,1,25,0,18,13,0,9,0,1,3,24,0,2,1,0,48,4,1,28,3,23,17,0,4,7,0,2,4,22,5,15,12,1,5,3,1,1,16,5,2,4,21,141,2,4,0,1,2,45,2,6,24,2,6,0,0,4,0,13,18,0,7,Milton
31,7,2,0,89,0,11,2,2,6,3,12,6,0,9,1,0,3,24,0,5,0,0,15,19,0,37,9,26,6,2,0,3,0,11,2,37,12,10,25,0,2,3,0,0,10,3,2,3,25,49,7,2,0,0,4,21,12,2,57,2,13,0,2,2,0,7,6,0,9,Austen
36,8,0,0,40,0,20,2,1,15,3,10,12,1,4,6,1,2,22,0,5,1,0,61,11,0,35,3,28,23,0,2,7,0,1,2,9,14,24,13,0,5,6,0,0,15,0,2,5,25,100,1,1,0,7,3,29,4,7,42,7,20,0,0,12,0,17,10,0,12,Austen
26,10,0,0,66,3,10,2,1,16,4,16,5,5,10,0,0,2,28,0,4,0,0,14,2,1,35,5,12,41,0,0,4,0,9,1,38,6,10,13,0,1,14,0,1,16,0,13,4,50,76,22,1,0,7,3,15,2,5,10,8,8,0,0,8,0,21,5,0,3,London
26,14,0,0,82,1,14,2,3,4,5,12,9,4,13,5,1,4,18,6,3,0,0,10,9,1,33,2,25,22,3,0,7,0,32,1,29,3,31,25,0,8,2,1,2,10,0,5,5,28,49,4,5,0,2,7,15,5,1,63,3,7,0,2,10,0,10,8,0,11,Austen
28,8,0,0,46,1,15,2,1,0,4,15,13,0,14,0,1,1,28,0,16,0,0,83,10,1,40,1,14,14,0,4,10,0,20,1,24,5,13,13,0,4,4,1,1,13,4,3,0,18,64,5,0,1,1,1,24,3,6,58,2,20,0,0,1,0,3,17,0,2,London
31,9,1,2,87,0,4,2,4,13,2,12,5,0,8,0,0,6,28,1,12,0,0,66,43,7,50,3,40,3,1,0,6,0,33,1,35,6,10,27,0,5,2,11,0,14,3,2,1,17,76,11,2,0,1,2,30,13,1,63,5,8,0,0,2,0,9,4,0,10,Austen
21,7,0,0,67,1,9,7,2,17,2,11,16,1,3,0,0,4,28,0,6,0,1,7,13,2,36,3,10,15,1,2,3,0,47,1,36,6,41,10,0,2,2,0,0,4,0,2,2,20,52,8,0,0,6,4,32,3,7,30,9,7,1,1,8,4,12,4,0,2,London
20,9,0,0,52,2,9,2,1,16,0,17,9,0,8,5,1,0,11,0,9,2,0,15,4,2,31,2,31,17,1,5,10,0,33,4,33,6,25,27,0,1,29,0,0,14,1,13,2,23,53,6,2,0,3,0,15,2,0,26,8,8,0,0,5,0,20,12,0,3,London
35,8,0,0,61,0,10,2,9,8,6,15,9,0,3,6,1,0,10,0,13,0,0,35,9,3,42,3,9,10,9,0,3,0,20,1,25,7,11,10,0,1,6,2,0,13,0,6,2,20,49,5,2,0,1,0,43,3,1,63,2,5,0,0,2,0,7,8,0,9,Austen
30,8,3,0,60,1,10,2,1,13,1,22,14,6,2,11,9,2,25,0,2,0,0,88,13,0,43,1,29,42,0,0,10,0,26,1,33,5,22,10,0,1,10,5,0,13,0,3,2,16,168,5,1,3,0,0,15,3,1,57,3,11,0,0,2,0,18,4,0,12,Austen
24,19,0,0,51,2,10,2,1,10,8,10,9,0,10,7,1,0,23,0,6,0,0,70,17,5,50,6,12,19,13,4,13,0,5,1,35,5,22,14,0,1,6,0,0,8,0,7,2,28,64,16,9,0,2,3,30,3,0,34,4,6,0,1,2,1,8,3,0,7,Austen
16,14,0,0,83,0,11,2,1,16,1,18,11,6,6,0,0,0,24,1,4,0,0,15,29,1,48,8,40,25,0,5,4,0,41,1,36,4,10,17,1,5,3,0,0,15,1,3,3,26,58,5,1,0,0,5,41,4,1,58,8,8,0,1,1,0,8,9,0,8,London
43,17,0,0,78,0,10,2,11,18,1,18,4,0,3,0,5,3,24,0,10,0,0,72,26,0,50,5,40,26,0,1,10,0,3,1,35,7,11,11,0,2,3,4,0,14,4,4,0,18,86,7,2,0,0,3,29,7,0,11,7,6,0,0,5,0,6,5,0,11,Shakespeare
30,6,2,0,59,0,8,2,1,1,7,11,4,0,10,0,2,0,13,0,7,1,0,12,10,9,50,2,22,9,1,0,10,0,16,3,37,5,24,11,3,8,2,0,0,20,1,4,5,23,102,8,0,0,3,1,28,2,0,47,0,10,0,0,2,0,14,2,0,9,Austen
44,9,0,0,37,2,18,2,5,6,0,14,9,0,2,0,1,3,28,0,7,0,0,12,30,0,44,4,33,26,3,2,12,0,4,3,22,9,13,11,3,5,5,32,0,12,1,3,3,18,63,4,3,2,0,3,17,1,1,29,0,18,0,0,3,0,8,10,2,9,Austen
24,6,0,0,76,0,11,2,4,14,8,18,8,0,7,0,0,3,27,0,22,0,0,83,11,0,33,1,38,24,0,6,4,0,7,1,10,5,34,15,0,4,5,0,0,13,1,6,2,17,54,13,5,0,2,0,28,5,3,53,6,20,0,0,3,0,13,4,0,9,London
24,10,3,6,37,0,17,2,2,13,7,14,12,0,6,1,1,0,22,0,0,1,0,74,4,0,40,3,10,12,4,2,9,0,27,1,34,5,12,20,0,10,1,5,0,13,0,8,3,23,101,3,2,0,0,0,24,10,4,36,9,7,0,0,2,0,8,19,0,9,Shakespeare
22,3,0,0,56,2,9,2,1,0,2,18,5,0,3,0,1,6,21,0,10,1,0,83,12,0,50,1,40,31,0,9,12,0,25,1,38,7,22,15,0,2,6,0,0,12,0,13,3,26,52,4,3,0,0,0,18,3,2,5,0,4,0,0,3,0,21,5,0,2,Austen
20,14,3,0,70,0,22,2,1,4,2,16,8,1,14,1,2,4,22,0,5,0,0,15,16,0,43,3,34,17,13,4,11,0,6,1,33,8,10,14,0,2,1,1,0,16,0,13,3,24,121,4,0,0,0,0,15,3,0,8,0,8,0,0,2,0,10,1,0,3,Austen
19,9,6,1,68,3,10,2,2,15,5,9,9,1,10,0,4,1,27,0,23,0,0,58,23,1,37,3,25,15,2,4,10,0,26,1,16,6,17,15,0,1,3,0,0,14,3,10,3,18,48,5,0,0,3,4,28,1,10,57,5,7,0,0,4,0,7,5,0,11,Shakespeare
18,10,0,0,69,0,10,2,1,5,6,17,8,0,3,2,2,3,15,0,13,0,0,71,9,0,24,1,9,23,3,6,10,0,16,1,32,5,28,19,1,4,5,1,1,18,1,13,2,31,71,6,1,0,8,1,15,3,0,41,5,7,0,0,2,0,11,4,0,10,London
19,7,2,0,64,0,10,6,1,15,1,10,7,6,3,4,1,0,14,2,16,0,0,88,14,6,39,1,10,23,0,3,11,0,6,3,38,10,22,14,2,10,10,0,0,15,1,11,4,20,45,1,1,0,3,3,25,9,0,34,1,8,0,1,8,0,10,9,0,7,Milton
27,13,0,0,64,0,11,2,1,1,3,18,17,9,4,0,1,3,28,2,14,0,0,10,6,0,43,4,14,20,3,3,8,0,4,1,31,7,12,17,0,1,2,0,0,16,2,9,6,27,136,4,1,0,4,2,24,4,7,45,7,9,0,0,8,0,12,2,0,7,Austen
21,7,0,0,71,0,25,9,1,19,5,22,9,0,8,0,1,0,24,4,4,0,0,53,8,0,43,3,9,22,0,0,10,0,18,1,38,12,17,15,1,1,6,1,0,22,0,12,3,19,35,15,2,2,1,2,25,9,7,37,2,15,0,0,4,4,4,4,0,11,Austen
20,21,0,0,50,0,11,2,5,19,0,13,10,1,19,3,1,0,17,0,14,0,0,56,3,0,32,2,33,25,0,2,9,0,32,2,31,7,16,23,0,4,6,0,1,22,0,5,3,37,53,3,3,0,0,1,28,13,7,35,3,18,0,0,12,4,10,10,0,2,Austen
23,10,1,0,58,0,10,2,4,23,6,16,6,0,8,6,9,4,21,1,16,0,0,66,7,7,37,3,28,19,5,2,4,0,20,1,38,7,18,13,1,1,6,0,2,12,0,2,1,30,62,6,1,1,0,1,17,3,0,44,6,7,0,0,1,0,7,5,0,10,Austen
21,14,0,0,77,0,11,2,1,14,2,13,10,4,19,2,1,0,18,1,3,0,0,55,19,0,30,3,40,21,1,1,7,1,3,1,12,4,14,24,0,8,3,5,0,9,1,2,2,23,51,6,6,0,4,0,19,3,5,53,5,15,0,0,2,1,10,7,0,2,Austen
21,8,0,0,95,0,15,2,2,0,2,16,6,0,11,8,2,2,20,0,8,0,0,9,8,1,49,1,39,5,3,0,6,0,25,1,13,12,10,20,0,1,14,1,0,16,0,6,5,19,67,4,1,0,1,3,22,2,4,6,0,16,0,0,21,0,19,2,0,12,London
20,8,2,0,94,1,8,2,3,5,7,19,11,0,6,3,1,6,25,4,3,0,0,9,7,4,42,3,9,6,0,2,10,0,19,1,34,5,15,14,1,4,2,0,2,10,0,6,0,26,77,5,1,0,3,4,39,9,5,44,4,6,0,4,1,0,17,3,0,9,Milton
19,12,1,0,55,1,15,2,9,13,5,11,9,0,14,4,0,0,17,1,4,0,1,12,23,1,27,0,28,18,0,6,5,0,18,6,25,3,18,11,0,2,2,0,0,14,3,6,3,24,82,5,1,0,0,0,39,6,1,45,0,10,0,0,4,0,13,1,0,7,London
18,13,0,0,99,0,21,2,1,2,11,11,8,0,12,1,4,0,22,0,5,0,0,15,3,0,34,6,40,22,0,0,8,0,9,1,35,7,20,17,0,7,5,0,0,12,0,9,1,24,34,6,1,0,1,5,25,7,6,63,4,8,0,0,2,0,9,6,0,9,Milton
12,14,0,0,55,0,9,2,1,0,3,16,11,0,7,5,1,0,20,0,22,0,0,31,14,2,50,3,22,19,4,3,5,0,6,1,37,11,17,12,0,10,3,0,0,15,2,13,2,40,163,3,2,1,0,3,31,2,2,13,1,24,0,1,3,1,16,4,0,8,London
41,12,0,0,72,2,11,2,1,13,6,19,1,0,6,0,1,2,21,2,3,0,0,12,8,4,50,3,10,21,0,0,8,0,13,1,38,5,10,12,0,6,1,0,0,12,1,4,3,30,63,7,1,0,3,4,28,3,1,16,12,16,0,0,1,0,11,7,0,10,Austen
14,8,0,2,55,3,15,2,3,14,4,11,13,12,5,8,3,7,15,2,4,0,0,32,5,0,36,4,29,29,1,0,10,0,6,1,38,6,20,16,0,3,5,0,0,12,0,2,4,18,86,2,2,3,5,1,15,13,2,50,0,6,0,0,4,0,15,4,0,7,London
16,10,0,0,51,2,10,2,1,8,4,12,9,0,5,0,4,1,23,0,15,0,0,53,17,0,39,4,14,11,2,0,4,0,6,1,38,7,11,14,0,5,3,4,0,14,0,3,2,28,105,5,5,0,0,3,15,4,1,62,0,4,0,0,9,0,11,4,0,8,Austen
39,6,0,0,57,1,15,2,1,10,4,16,4,0,10,2,2,0,27,5,20,0,0,10,19,0,31,0,40,16,1,0,5,0,5,5,34,5,15,15,0,1,2,12,0,10,1,2,6,20,67,16,0,3,0,4,15,13,1,39,2,26,0,0,3,0,16,2,0,2,Austen
18,10,6,0,80,1,11,7,3,14,9,15,8,6,2,1,2,0,20,0,2,0,0,13,5,2,30,4,27,30,9,2,6,0,41,7,28,11,27,18,0,2,6,0,0,15,0,8,3,18,108,5,4,3,3,1,51,2,5,20,2,8,0,0,3,0,11,4,0,3,Shakespeare
27,11,0,0,72,1,11,2,3,16,4,13,10,0,7,11,0,2,24,0,5,0,0,83,15,5,43,3,29,12,1,1,9,0,6,6,38,7,10,15,0,1,5,1,0,22,4,4,2,23,66,11,2,0,0,2,27,4,1,39,0,11,0,0,7,0,9,4,0,10,Austen
25,13,0,0,78,1,10,2,1,16,0,16,11,3,16,4,0,3,15,1,7,0,0,8,9,2,32,3,40,19,2,2,9,0,23,1,38,7,28,27,2,2,3,0,1,16,3,3,2,27,41,22,2,1,3,4,15,2,4,36,0,13,0,0,7,0,7,13,0,7,Austen
41,14,0,0,81,2,15,2,7,5,6,11,5,2,10,1,0,8,22,0,2,2,0,13,16,0,32,1,29,8,1,7,4,0,3,1,26,13,14,15,0,1,6,1,0,16,2,3,3,19,58,4,2,0,0,0,21,2,7,41,3,26,0,0,10,0,4,2,0,9,London
25,8,0,1,73,0,8,2,1,10,3,17,12,2,3,0,9,3,24,0,3,0,0,42,15,4,28,4,29,24,0,2,10,0,7,1,31,5,29,27,1,8,1,6,0,11,3,1,7,39,68,4,2,0,2,2,29,6,1,51,4,5,0,0,6,0,8,9,0,6,Shakespeare
29,6,0,0,57,1,4,2,1,14,5,11,5,0,8,0,7,0,18,0,7,0,0,30,7,1,50,1,14,26,1,0,7,0,10,1,38,6,10,12,1,2,3,1,1,14,1,7,1,23,53,6,1,0,0,1,31,4,4,14,10,5,0,0,2,0,8,12,0,3,Austen
30,9,0,0,54,2,13,2,3,16,3,13,4,1,3,2,1,0,18,0,4,0,0,83,3,1,37,16,9,40,1,3,3,0,34,1,38,6,17,10,0,2,5,7,0,14,0,3,2,31,74,5,4,2,0,2,39,3,10,33,2,19,0,0,8,0,17,4,0,9,Austen
20,10,0,0,89,0,9,2,1,7,0,14,14,8,5,0,3,2,25,0,5,0,0,15,27,1,41,1,36,9,2,3,4,0,9,1,38,12,19,17,1,1,2,1,0,14,0,8,5,25,71,5,3,0,0,0,17,10,1,32,0,8,0,0,6,0,10,3,0,6,London
17,8,0,0,82,0,22,2,1,12,6,7,5,0,8,1,1,3,18,0,8,1,0,83,1,5,40,2,29,19,1,0,13,0,8,1,33,6,10,17,0,5,11,2,0,16,1,3,4,27,67,5,2,0,1,1,27,4,5,39,5,8,0,0,12,0,7,10,0,3,Shakespeare
22,7,0,0,73,2,10,2,1,3,1,22,7,0,9,2,1,2,21,1,1,0,0,68,6,5,33,2,32,30,1,3,9,0,5,1,38,7,17,27,0,9,2,0,0,16,0,7,2,24,48,6,2,2,0,0,24,5,2,24,0,6,0,0,2,0,15,11,0,10,Shakespeare
16,21,0,0,66,0,10,2,1,7,5,15,9,1,3,8,1,2,17,0,3,0,0,88,6,0,40,5,27,37,0,1,3,0,25,1,38,5,27,24,0,2,1,0,0,16,0,3,5,42,44,4,2,0,0,0,27,3,0,44,5,7,0,0,3,1,7,10,0,8,Austen
41,8,6,0,76,0,11,5,1,6,2,12,10,0,9,0,5,7,21,0,12,0,0,61,10,6,43,0,11,21,6,4,8,0,6,1,30,7,15,14,0,5,4,2,0,16,0,8,2,17,96,5,0,2,0,2,23,2,2,40,14,8,0,0,8,0,8,10,0,10,Austen
30,11,0,0,62,1,22,2,1,5,6,14,5,0,3,1,1,4,26,0,13,0,0,83,10,3,37,1,39,10,0,3,13,0,5,3,33,7,10,12,0,1,32,0,0,11,3,3,2,25,55,27,3,0,0,0,15,2,2,60,4,7,0,0,7,0,11,5,0,9,Austen
26,8,0,0,85,2,21,2,1,2,5,18,9,0,1,6,3,2,28,0,14,0,0,34,10,0,47,2,25,13,1,3,4,0,1,1,35,13,10,13,0,8,4,1,1,15,1,3,6,17,73,6,6,2,1,0,15,3,2,47,1,14,0,0,2,0,18,6,0,8,Milton
20,8,0,0,51,2,10,2,1,12,4,18,12,2,3,1,1,4,23,0,5,0,0,13,15,2,46,4,29,11,8,1,8,0,9,1,38,4,10,17,0,1,5,0,0,12,0,4,2,26,77,4,9,1,0,3,26,3,0,39,3,7,0,0,2,0,11,3,0,6,London
28,16,0,0,84,3,21,2,3,13,5,15,4,8,2,1,2,6,18,4,22,0,0,31,8,1,43,2,40,24,0,2,4,0,6,1,36,5,11,14,2,1,4,0,0,14,0,2,2,29,63,4,4,1,6,2,15,2,1,63,6,8,0,0,2,0,19,4,0,8,London
15,13,0,0,92,0,10,2,6,8,1,17,7,5,9,0,0,0,28,0,7,0,0,68,13,0,39,3,8,13,3,4,4,0,27,1,12,7,10,16,0,8,3,1,0,9,2,2,4,38,71,10,4,0,0,3,15,4,2,30,3,6,0,3,4,0,8,5,0,8,London
21,20,0,0,78,2,13,2,3,7,4,18,5,0,6,0,4,0,12,1,19,0,0,22,7,0,38,3,39,17,0,6,4,0,36,5,28,3,36,19,0,1,4,2,0,12,3,3,3,23,83,5,3,3,1,7,44,5,4,53,1,5,0,0,8,0,15,5,0,10,Austen
23,12,0,0,60,0,25,2,1,4,0,10,17,0,3,6,1,5,19,0,7,0,0,15,11,0,41,0,40,0,5,0,13,0,18,1,29,6,10,27,0,1,3,0,2,12,1,4,2,23,107,3,1,2,3,2,21,4,2,40,8,21,0,2,3,0,5,12,0,7,Milton
25,7,1,0,75,0,11,2,5,5,1,10,3,0,7,12,2,3,20,0,29,0,2,12,6,0,40,5,32,14,0,3,5,0,27,2,31,4,18,16,0,7,5,0,0,5,3,2,2,40,114,2,8,0,0,1,18,3,0,63,8,6,0,0,3,0,25,7,0,9,Austen
12,7,2,0,79,0,22,2,1,16,0,17,11,0,2,0,9,6,18,1,10,0,0,54,4,0,37,1,24,15,4,0,6,0,5,1,38,6,14,14,0,9,3,23,0,12,0,3,8,17,92,12,1,1,1,0,15,5,0,40,2,14,0,0,9,0,7,4,0,9,Austen
31,7,0,0,76,0,5,2,1,11,5,22,7,12,5,0,2,0,21,0,11,0,0,15,19,0,33,3,22,19,5,0,3,0,28,1,12,4,10,14,0,7,3,0,0,11,0,8,2,27,113,4,0,0,1,3,20,7,0,7,2,13,0,2,8,0,10,2,0,8,Shakespeare
29,17,0,0,79,0,11,2,1,21,0,14,8,0,13,0,2,3,16,0,17,0,4,15,9,0,29,1,9,15,0,3,6,0,6,1,24,5,10,23,0,1,7,0,0,15,2,6,2,24,120,3,3,2,7,1,23,2,3,30,4,18,0,0,3,0,19,2,0,10,London
29,11,0,0,61,1,17,2,1,10,0,14,2,1,9,0,0,0,17,0,2,0,0,83,8,0,29,3,10,26,0,5,10,0,12,1,38,5,10,12,0,8,4,1,1,13,0,3,1,22,44,8,2,1,5,3,15,2,0,45,6,12,0,4,8,0,12,2,0,6,Shakespeare
39,16,4,0,50,2,8,2,4,18,7,14,4,5,11,9,2,3,28,3,12,1,0,31,9,0,25,3,20,40,0,8,9,0,6,4,36,7,33,12,1,1,5,0,1,16,3,3,13,24,48,7,1,0,0,0,25,3,1,30,6,8,0,0,5,0,20,9,0,8,Austen
22,18,0,0,63,2,20,2,3,8,10,13,7,0,16,0,0,4,20,0,21,0,0,15,7,9,27,5,40,29,0,2,5,0,5,5,34,11,13,26,0,2,14,0,0,15,1,13,2,21,87,6,2,0,0,1,22,3,7,9,1,8,0,0,5,0,15,6,0,8,London
15,13,3,0,65,0,3,3,3,0,4,16,10,0,8,0,2,0,16,0,4,0,0,68,13,0,37,3,23,14,0,6,6,3,0,1,32,10,10,18,0,8,3,1,0,11,0,2,4,24,46,3,7,1,0,0,15,3,1,3,4,11,0,4,2,0,16,3,0,8,Austen
35,8,0,0,61,0,22,2,4,14,0,17,14,0,4,0,1,7,14,0,13,1,0,15,9,3,34,0,9,18,0,9,10,0,3,1,37,4,12,8,0,2,3,1,0,15,0,2,5,22,49,3,1,0,0,0,25,4,1,24,0,6,0,0,2,0,10,7,0,8,Austen
20,14,1,0,38,0,10,2,1,13,3,15,17,0,3,0,1,6,23,0,14,0,0,61,10,7,37,2,27,11,0,3,13,0,8,1,23,15,13,21,1,4,2,2,1,13,3,6,3,20,56,13,1,0,1,0,32,7,0,8,3,6,0,0,3,0,8,9,0,7,London
42,16,1,0,66,3,4,2,2,18,1,15,5,2,5,3,1,0,24,0,3,0,0,15,11,2,26,4,40,19,0,0,4,0,25,1,29,5,14,8,0,1,8,0,3,11,1,2,5,28,53,9,4,0,0,0,47,1,8,62,4,8,0,0,9,0,11,6,0,9,Austen
9,9,0,0,80,0,11,4,3,15,2,19,2,3,5,0,1,8,27,3,4,1,0,83,11,0,35,2,37,0,2,2,8,0,5,1,32,14,10,27,5,2,1,8,0,16,0,3,4,35,79,5,2,2,1,1,19,7,8,7,2,20,0,0,1,0,12,8,0,10,Austen
48,8,0,0,74,0,16,2,1,25,4,15,13,0,5,3,1,0,23,1,2,0,0,15,10,0,50,3,14,10,1,8,11,0,7,1,33,7,10,17,2,2,7,0,0,12,1,3,5,27,97,16,0,2,8,0,21,8,3,63,3,7,0,0,7,0,5,2,0,10,Milton
20,8,0,0,59,0,22,2,4,15,2,12,8,0,9,1,1,4,13,1,1,1,0,83,2,0,43,2,40,22,0,3,4,0,29,1,37,12,11,15,0,10,3,12,0,12,0,9,4,31,72,4,5,0,7,3,25,13,0,11,0,14,0,0,2,0,11,4,0,10,Austen
12,6,0,0,58,0,4,2,2,2,2,19,6,0,4,2,0,3,25,2,30,0,0,72,24,1,32,3,22,9,1,0,3,0,19,1,28,4,11,13,0,1,3,6,3,19,0,5,6,19,116,4,1,0,0,4,59,2,1,39,7,20,0,0,2,0,17,8,0,9,Austen
24,23,0,0,69,0,22,4,1,4,8,12,10,0,5,3,0,3,15,0,27,0,0,6,10,6,48,1,35,9,3,6,11,0,41,1,32,14,10,12,5,1,4,1,0,14,2,3,4,41,111,9,2,0,4,5,19,13,0,49,7,5,0,0,9,0,13,5,0,12,London
31,14,0,0,73,1,22,2,3,5,4,7,10,0,6,0,1,3,18,0,16,0,0,14,10,0,40,1,38,28,1,4,9,0,11,1,37,10,13,12,0,5,4,0,0,14,0,4,2,48,69,10,3,2,0,2,31,11,0,16,2,6,0,0,4,0,4,10,0,8,Austen
32,12,0,0,76,0,3,2,1,13,8,13,4,4,11,6,0,3,28,0,20,0,0,15,4,1,43,1,29,21,9,5,5,0,49,1,38,6,10,17,0,2,4,2,0,16,0,3,7,27,107,6,1,0,0,0,15,4,10,63,5,13,0,0,5,0,9,8,0,10,Austen
6,8,0,0,57,2,8,2,5,6,6,18,3,5,9,6,1,7,22,3,20,0,0,75,1,0,38,2,40,35,0,5,5,0,3,1,35,14,39,12,0,2,4,1,0,13,2,9,6,22,65,10,4,4,5,1,25,5,4,32,3,10,0,0,8,0,19,12,0,9,Austen
34,14,0,0,62,0,11,2,2,16,2,13,5,7,7,0,1,2,22,0,12,1,0,88,26,0,35,3,13,9,4,3,10,0,20,1,33,3,12,11,0,1,0,0,0,18,4,9,1,19,39,5,2,3,5,2,39,2,3,40,4,12,0,0,3,0,14,2,0,8,Austen
28,15,4,0,57,0,11,2,3,17,7,13,16,2,6,0,1,3,28,1,6,0,0,38,9,1,33,4,10,20,0,2,5,2,7,2,30,11,26,13,0,6,5,0,0,13,1,4,1,24,49,3,2,0,0,0,15,4,1,63,3,8,0,0,4,0,9,15,0,11,Shakespeare
29,11,1,0,73,3,21,2,1,4,4,12,10,0,3,0,1,2,24,0,15,3,0,13,12,1,34,2,22,22,4,5,5,0,7,1,35,9,10,14,0,1,1,0,0,14,0,7,2,23,41,5,4,0,6,1,18,4,2,62,0,17,0,0,7,1,12,5,0,9,London
25,7,0,0,69,0,4,2,1,13,0,21,8,0,2,2,0,1,20,0,0,0,3,15,11,0,35,3,14,6,0,3,5,0,34,1,30,5,21,13,0,2,4,0,1,11,2,2,5,23,69,4,2,0,1,9,33,3,4,53,9,7,0,0,10,0,3,2,0,12,Austen
16,17,0,0,62,0,10,2,1,0,8,20,4,0,9,0,2,3,18,0,7,1,0,15,15,0,30,7,27,16,13,2,6,0,7,1,38,3,35,15,0,1,3,0,1,13,2,2,2,23,74,2,8,1,2,0,15,2,6,20,6,16,0,1,9,0,17,1,0,7,Austen
25,12,1,0,98,0,11,2,1,17,0,22,3,1,9,0,1,2,24,0,8,0,0,15,6,6,37,4,29,11,2,8,13,0,7,1,35,6,16,17,0,1,5,1,2,10,0,4,2,24,100,8,7,0,0,1,32,4,5,63,0,7,0,0,1,0,10,3,0,8,Austen
12,7,0,0,78,2,11,2,1,3,0,13,12,0,4,0,1,1,23,0,20,0,0,15,13,0,40,3,14,5,1,0,12,0,9,1,38,5,10,13,0,2,4,0,0,16,2,4,2,26,84,6,5,0,0,0,36,4,0,50,3,8,0,0,5,0,11,5,0,6,Austen
43,6,0,0,62,0,11,2,1,17,5,18,9,4,4,0,3,0,22,2,4,0,0,15,4,9,39,0,26,16,0,0,10,0,7,1,34,11,19,13,0,7,3,0,0,14,0,8,2,26,137,6,2,2,0,7,21,5,1,53,2,15,0,0,2,0,10,2,0,9,London
30,13,3,0,77,1,19,2,1,19,4,13,10,3,8,1,0,3,21,0,8,0,0,14,37,0,36,3,27,23,1,2,11,0,3,1,37,7,10,16,0,2,4,0,0,11,2,2,2,20,60,13,1,2,0,0,17,3,1,40,0,8,0,0,2,0,7,3,0,12,Shakespeare
22,7,0,0,61,0,4,2,1,17,0,13,7,0,11,0,0,3,24,0,18,0,0,88,18,3,38,0,29,0,1,1,10,0,43,1,32,4,16,12,1,10,2,0,0,8,2,4,3,31,124,5,4,0,0,0,25,4,4,23,0,14,0,0,3,0,11,4,0,10,Austen
35,7,1,0,76,0,11,3,4,4,5,22,3,0,2,2,1,2,27,2,0,1,0,13,7,1,39,3,34,17,0,0,5,0,3,1,38,5,41,27,0,1,3,1,0,13,0,12,2,32,71,11,1,0,1,8,31,3,9,34,0,6,0,0,3,0,19,6,0,8,Milton
28,13,3,0,64,0,22,2,2,3,8,22,6,0,12,0,7,3,22,0,4,0,0,15,26,2,36,8,14,2,2,3,11,0,8,2,29,6,11,16,0,1,10,0,1,12,1,2,2,23,54,10,1,2,3,4,21,2,6,55,4,5,0,0,6,0,9,5,0,9,London
30,10,0,0,63,0,22,2,1,16,0,11,9,0,15,0,7,1,26,0,8,3,0,49,10,2,39,3,40,12,2,2,9,1,4,4,38,6,24,17,0,1,4,0,0,18,0,9,1,15,101,3,1,0,0,0,22,4,2,38,3,14,0,0,10,0,13,5,0,9,Shakespeare
26,10,0,0,55,0,10,2,8,17,6,9,9,0,16,0,1,0,13,0,6,0,0,34,24,1,34,4,19,29,0,1,9,0,8,1,37,8,10,6,2,7,3,2,1,8,0,2,6,22,101,12,4,0,2,3,16,2,6,39,2,5,0,0,3,0,8,6,0,7,Austen
13,30,2,0,71,0,21,2,1,5,1,15,9,5,4,0,1,1,18,0,10,0,0,8,13,4,32,1,40,9,1,1,10,0,8,1,27,4,25,14,3,0,16,2,0,16,1,8,3,42,83,4,0,0,3,2,37,4,1,28,0,10,0,0,12,3,8,4,0,8,Shakespeare
19,13,4,0,57,0,4,2,2,1,11,11,2,0,3,1,2,0,20,2,3,0,0,15,11,0,37,1,10,21,2,3,9,0,6,1,38,7,10,16,0,5,11,0,0,16,0,2,1,22,101,6,1,3,2,0,38,2,7,37,6,7,0,0,3,0,11,8,0,10,Austen
40,14,0,0,55,0,25,2,1,15,0,12,11,0,13,1,2,8,28,0,14,0,0,61,7,0,43,3,14,36,5,3,11,0,6,1,37,5,24,17,0,4,4,0,0,16,1,3,2,21,31,2,4,0,0,1,30,4,1,55,6,14,0,0,5,0,9,10,0,9,Shakespeare
12,15,0,0,87,0,2,5,1,23,6,11,6,2,4,0,1,0,18,4,8,0,0,78,7,4,38,1,26,35,0,0,5,0,33,1,15,4,16,17,3,7,2,0,2,10,2,3,3,36,56,6,1,0,5,2,30,4,10,61,4,6,0,0,1,0,16,4,0,8,Austen
17,8,4,0,65,2,8,2,3,13,8,18,6,8,9,0,1,0,17,0,18,0,0,11,28,2,38,2,40,10,0,0,5,0,4,1,16,6,10,21,0,1,7,0,0,16,2,9,2,19,72,5,3,1,0,5,31,2,2,31,6,12,0,0,21,3,9,7,0,10,London
12,24,0,0,86,0,18,2,1,1,3,14,6,4,11,1,1,0,13,0,24,0,0,13,8,2,36,3,10,4,1,0,4,0,11,1,38,7,10,13,0,1,2,0,0,16,2,2,4,20,74,6,2,0,1,2,34,3,0,52,7,6,0,0,9,0,6,8,0,8,Austen
20,13,0,0,54,0,20,2,1,15,5,18,9,1,3,0,1,7,26,0,5,1,0,13,9,1,35,5,24,21,1,2,11,0,46,1,36,11,28,21,0,1,5,3,0,15,2,3,2,25,144,5,2,1,1,2,15,4,1,53,4,8,0,0,2,0,12,4,0,10,Austen
31,8,0,0,99,2,22,2,1,12,0,12,5,1,8,3,2,2,15,1,8,0,0,55,7,5,37,1,40,10,1,2,8,0,8,1,35,9,24,22,1,5,3,0,0,14,0,4,2,28,94,3,6,4,3,5,23,3,0,25,5,6,0,0,3,0,9,4,0,12,Shakespeare
28,12,0,0,69,0,11,2,1,6,1,19,6,4,12,3,2,0,24,0,13,1,0,83,8,0,50,1,12,18,1,2,13,0,5,1,38,7,10,15,0,2,4,0,0,15,0,12,2,29,65,5,1,1,3,1,18,4,0,63,0,8,0,0,3,0,7,19,0,8,Shakespeare
24,6,0,0,87,0,17,3,1,7,8,11,8,1,5,0,5,8,23,1,9,0,0,8,17,0,38,3,29,5,0,1,5,0,36,1,38,5,18,17,0,1,6,0,0,11,1,4,2,19,60,5,2,4,0,20,16,2,1,40,8,12,0,2,8,0,12,11,0,12,Austen
13,7,0,0,61,0,9,2,1,10,0,16,7,0,11,2,2,0,18,0,20,0,0,13,12,0,32,4,32,21,0,1,8,0,40,1,33,6,30,17,2,1,4,0,0,15,1,2,2,19,38,5,1,0,2,2,17,4,1,38,4,6,0,2,5,0,11,19,3,8,Shakespeare
16,14,0,0,85,0,8,2,1,7,0,9,9,0,9,3,1,0,23,2,23,5,0,61,1,1,31,5,22,20,0,0,11,0,7,1,22,8,30,14,0,2,5,0,0,13,0,3,9,19,91,4,2,0,4,5,29,3,5,7,10,8,0,0,9,0,10,16,0,8,London
11,9,0,0,65,0,11,2,4,3,1,11,1,2,5,0,2,3,20,3,4,0,0,9,8,5,33,2,40,37,0,0,4,0,28,1,38,12,20,9,1,2,5,6,0,8,0,2,0,17,46,14,1,1,0,8,24,3,10,10,6,7,0,0,4,0,2,7,0,5,Austen
32,8,0,0,65,0,15,2,3,12,4,21,13,1,12,0,0,3,26,0,17,2,0,78,4,0,36,2,40,21,2,0,6,0,2,1,38,7,10,15,0,2,4,1,0,8,0,10,3,26,94,12,7,0,2,0,19,4,1,63,0,7,0,0,7,0,18,9,0,7,London
26,14,0,0,96,0,4,2,1,10,0,19,5,8,3,1,2,1,15,0,20,3,0,15,6,5,43,0,40,14,3,0,6,0,25,2,17,6,10,27,0,1,3,0,0,16,0,8,4,35,27,2,2,0,3,2,15,4,0,51,2,8,0,1,10,0,6,4,0,7,Austen
15,6,3,0,97,2,15,2,1,13,0,12,6,0,9,1,2,3,17,2,20,0,0,35,15,1,43,2,40,32,1,4,4,0,4,1,26,6,13,17,0,1,3,1,2,15,2,4,1,21,86,4,2,0,3,10,20,13,1,29,5,6,0,0,0,0,13,13,0,8,Austen
32,7,3,0,61,2,22,2,1,10,5,10,11,0,4,1,1,4,21,0,9,0,0,15,10,0,39,1,40,20,0,0,10,0,27,1,38,9,10,17,0,1,4,0,0,16,0,8,7,21,60,4,4,2,7,3,15,2,1,63,6,8,0,0,10,0,8,4,0,10,Shakespeare
25,8,2,0,81,0,18,2,2,12,1,17,6,0,12,1,0,1,16,3,12,0,0,74,23,6,39,5,9,11,1,2,5,0,2,5,37,14,30,11,0,1,2,4,0,10,0,7,4,12,60,8,0,3,1,0,33,3,1,63,2,9,0,0,9,1,22,10,0,10,Austen
9,10,0,0,69,0,10,2,1,15,2,15,10,0,4,8,2,1,23,0,6,1,0,15,15,9,50,0,12,17,0,0,7,0,9,1,38,7,10,11,0,5,8,1,0,21,0,2,2,25,60,8,3,0,1,1,20,4,1,63,5,24,0,0,2,0,13,10,0,3,Austen
38,7,2,0,80,0,22,2,1,1,0,10,7,2,6,1,1,2,16,3,13,1,0,11,8,0,32,4,25,18,0,0,10,0,6,1,32,6,10,23,0,4,2,8,2,14,1,4,7,30,57,5,2,5,8,0,15,3,1,51,7,7,0,0,4,0,20,14,0,10,Shakespeare
27,7,0,0,75,0,4,2,1,17,0,16,7,0,6,2,2,11,26,0,15,0,0,14,5,2,50,6,28,17,1,2,13,0,54,1,38,15,10,21,0,1,5,0,0,12,0,3,4,25,66,6,3,0,1,2,18,4,0,63,3,6,0,0,2,0,4,4,0,7,Austen
32,9,0,0,48,0,25,4,5,5,3,8,2,9,3,0,4,0,12,0,15,0,0,10,13,2,24,6,36,14,0,6,9,2,0,3,34,7,10,14,0,5,4,4,0,10,3,2,4,24,52,3,3,3,4,5,49,3,5,25,7,12,0,3,21,0,13,14,0,12,Shakespeare
16,7,0,0,65,0,10,2,1,3,1,17,4,1,13,4,1,2,16,0,16,0,0,15,12,3,42,4,26,9,1,1,10,0,21,1,37,4,10,23,0,8,3,0,0,14,0,2,2,24,73,5,6,1,2,3,19,4,1,8,0,8,0,0,6,0,15,12,0,10,London
26,17,0,0,66,1,11,2,1,3,0,16,2,0,7,0,4,0,21,3,6,0,0,12,17,0,50,3,19,34,4,7,5,0,11,1,36,4,10,10,1,1,1,0,0,9,0,2,2,22,55,2,1,3,0,5,25,3,7,43,3,8,0,2,8,0,14,2,0,8,Shakespeare
18,10,0,0,66,0,10,2,1,6,3,12,3,0,9,1,0,2,25,0,15,0,0,13,9,3,29,6,40,24,1,2,7,0,6,2,38,5,15,13,0,5,3,0,2,9,0,4,5,28,46,6,2,0,0,1,15,3,0,63,6,14,0,0,5,0,11,3,0,9,Austen
26,19,1,0,67,2,4,2,1,10,3,14,6,0,9,4,1,3,26,0,15,0,2,49,8,0,39,6,40,18,1,1,5,0,30,1,25,5,27,11,0,1,2,0,2,11,1,2,3,26,40,5,2,1,3,3,24,4,1,34,3,6,0,0,3,0,4,5,0,9,Austen
37,18,0,0,58,3,10,2,1,7,0,24,7,0,10,0,2,0,11,0,21,0,0,34,23,0,40,2,40,4,0,5,9,0,6,3,27,7,11,17,0,1,5,0,1,16,0,5,1,23,90,2,1,2,0,5,15,4,3,47,6,7,0,0,3,0,10,7,0,8,Milton
7,10,0,0,70,0,10,2,1,30,2,13,6,4,9,5,0,1,26,0,5,0,0,10,9,0,27,1,23,28,0,4,9,0,16,1,33,5,16,11,0,2,2,0,0,9,2,7,7,21,91,4,2,0,8,1,40,3,1,55,3,7,0,0,8,0,10,11,0,10,Austen
26,4,0,0,106,2,2,12,6,7,4,23,4,1,9,1,2,2,22,3,14,0,1,25,9,4,30,1,40,1,5,0,3,0,14,1,30,4,13,15,2,9,1,0,0,14,0,4,2,26,79,15,1,0,0,3,40,1,1,45,23,18,1,4,2,1,12,4,2,9,Austen
41,16,0,0,87,3,22,2,1,8,0,13,9,4,14,0,1,0,28,0,28,0,0,61,7,0,34,1,27,20,0,8,6,0,7,1,33,4,45,16,0,8,6,0,1,15,1,4,2,44,107,15,7,2,2,1,18,4,2,44,5,16,0,1,9,0,6,3,0,9,Milton
29,21,0,0,93,0,22,2,1,9,1,15,7,6,1,1,1,0,18,2,9,0,0,26,11,0,43,2,29,12,5,1,5,0,7,1,34,10,26,14,0,1,3,3,0,11,2,3,4,18,63,3,1,1,0,0,53,4,0,29,6,8,0,0,12,0,2,14,2,9,Shakespeare
22,10,0,0,58,0,11,2,1,17,0,22,11,0,6,1,1,0,16,0,0,0,0,8,5,0,44,5,40,16,1,9,12,0,9,1,34,6,14,9,0,2,3,0,1,11,0,7,3,26,61,6,2,1,4,3,16,8,1,40,0,8,0,2,3,0,15,8,0,10,London
33,12,1,0,62,0,10,2,2,3,0,17,6,1,4,5,0,1,24,0,4,1,0,33,10,3,31,4,25,36,8,0,11,0,1,5,13,5,13,12,0,2,4,1,0,19,0,2,11,22,42,3,2,2,0,1,19,4,0,26,0,8,0,0,4,0,21,8,0,8,London
36,7,0,0,48,0,19,4,1,13,5,14,9,5,5,3,1,2,19,0,3,1,0,69,12,0,27,0,14,17,0,2,7,0,3,1,33,15,15,15,2,1,9,0,0,13,0,3,3,17,127,8,5,2,0,3,16,2,1,22,7,18,0,0,5,0,18,7,0,2,London
9,13,6,0,63,1,11,2,1,15,4,21,5,0,4,0,1,1,21,0,22,0,0,67,5,3,33,3,29,36,0,3,6,0,22,1,38,7,12,15,0,8,10,1,0,16,0,11,1,31,41,4,3,1,1,3,15,3,1,51,8,22,0,0,4,0,11,5,0,7,Milton
22,11,0,0,101,0,22,3,1,15,1,15,6,2,12,0,1,3,20,0,6,0,0,88,7,7,50,1,13,18,0,3,13,0,7,1,21,6,10,22,2,7,2,1,0,15,1,3,2,21,124,7,0,0,0,3,34,6,0,59,7,14,0,0,4,0,13,11,0,2,Austen
5,17,0,1,64,3,4,2,2,11,2,13,7,2,6,0,3,1,23,0,4,0,0,68,6,1,31,4,33,36,3,1,4,0,5,1,25,4,21,17,0,9,3,1,0,16,1,6,2,24,88,12,2,0,1,0,18,4,2,50,0,7,0,0,7,13,17,5,0,3,Milton
40,13,0,0,73,0,16,8,1,12,4,10,9,9,16,0,1,3,23,0,3,2,6,33,1,3,31,5,14,38,1,3,7,0,7,3,11,6,46,11,3,4,7,0,0,22,2,2,4,27,61,4,1,0,1,4,17,3,3,37,0,20,0,0,5,2,12,9,0,9,Milton
30,9,0,0,65,0,11,2,1,16,7,12,2,0,8,3,1,7,21,0,12,0,0,51,6,2,39,3,26,13,9,0,12,0,10,1,30,12,10,15,3,9,3,1,1,16,2,9,2,28,97,7,0,1,2,9,19,4,2,63,5,7,0,0,6,0,7,4,0,8,Austen
19,11,0,0,69,0,11,2,1,14,6,14,7,1,6,8,0,7,20,0,11,0,0,15,5,0,43,3,13,6,0,2,12,0,54,1,19,9,10,17,0,9,8,0,0,14,0,2,2,23,86,8,4,2,6,6,39,10,10,62,4,20,0,1,2,0,8,5,0,10,Austen
20,7,1,0,61,0,10,2,1,7,2,13,9,0,3,0,2,2,28,0,13,1,4,13,13,0,41,4,29,17,1,0,12,0,0,1,24,7,28,15,0,1,5,1,0,15,0,7,4,23,130,13,2,2,1,0,15,3,8,35,2,14,0,0,3,0,10,6,0,7,Austen
32,7,0,0,88,0,11,2,1,10,0,9,8,4,8,0,2,0,28,2,15,0,0,15,15,8,43,4,29,15,0,5,9,0,16,1,34,7,24,12,0,4,3,0,1,15,3,2,4,23,115,13,1,0,0,2,22,3,1,36,0,7,0,0,4,0,11,16,0,8,Austen
34,12,0,1,58,1,21,2,1,13,2,19,4,0,9,0,0,1,20,2,12,0,0,15,14,3,34,2,37,15,8,0,11,0,31,1,38,13,10,22,0,9,3,4,0,16,0,3,2,20,59,10,1,4,1,0,43,9,0,52,6,6,0,0,6,0,14,3,0,6,Austen
